membros,eixos,integracao_kf,integracao_z,escore_latente,similaridade_semantica,na_faixa,quadrante,agenda,confianca_modal
W1601629960|W2102461236|W4285719527,Cyb|PolInd|Reg,40.8222,2.275,0.0678,0.2681,1,costura_ouro,1,obra
W1566478880|W3170187706|W4244612406,Cyb|Reg,40.7972,2.31,0.0517,0.3467,0,ruido_quimera,0,obra
W2111030512|W3170187706|W4244612406,Cyb|Reg,40.7941,2.31,0.0598,0.2285,1,costura_ouro,1,obra
W3170187706|W4244612406|W52678905,Cyb|Reg,40.7856,2.309,0.0782,0.4041,0,ruido_quimera,0,obra
W1601629960|W2102461236|W2126563689,Cyb|Reg,40.7247,2.304,0.0782,0.3164,1,costura_ouro,1,obra
W1601629960|W2102461236|W4206762723,Cyb|Reg,40.7233,2.501,0.0678,0.2681,1,costura_ouro,1,obra
W1520641906|W1601629960|W2102461236,Cyb|Reg,40.699,2.693,0.0736,0.3435,0,ruido_quimera,0,obra
W1575626990|W3124879925|W4285719527,PolInd|Reg,16.9795,0.438,0.054,0.3239,0,ruido_quimera,0,obra
W1575626990|W2120106358|W3124879925,PolInd|Reg,16.9489,0.435,0.0529,0.3024,1,costura_ouro,1,obra
W1970915980|W4206762723|W4285719527,Cyb|PolInd|Reg,10.9605,0.039,0.0483,0.0,0,ruido_quimera,0,obra
W1601629960|W1970915980|W4285719527,Cyb|PolInd|Reg,10.9604,0.007,0.0678,0.2748,1,costura_ouro,1,obra
W1601629960|W4242178059|W4285719527,Cyb|PolInd|Reg,10.9604,0.007,0.0678,0.2943,1,costura_ouro,1,obra
W1970915980|W2126563689|W4285719527,Cyb|PolInd|Reg,10.9601,0.007,0.0506,0.0652,0,ruido_quimera,0,obra
W2126563689|W4242178059|W4285719527,Cyb|PolInd|Reg,10.9601,0.007,0.0506,0.2094,0,ruido_quimera,0,obra
W1566478880|W1970915980|W4285719527,Cyb|PolInd|Reg,10.9542,0.006,0.077,0.3567,0,ruido_quimera,0,obra
W1566478880|W4242178059|W4285719527,Cyb|PolInd|Reg,10.9542,0.006,0.077,0.187,0,ruido_quimera,0,obra
W1492856410|W1970915980|W4285719527,Cyb|PolInd|Reg,10.954,0.006,0.0517,0.1134,0,ruido_quimera,0,obra
W1492856410|W4242178059|W4285719527,Cyb|PolInd|Reg,10.954,0.006,0.0517,0.0985,0,ruido_quimera,0,obra
W1970915980|W2111030512|W4285719527,Cyb|PolInd|Reg,10.9535,0.006,0.0575,0.1223,0,ruido_quimera,0,obra
W1970915980|W2123755784|W4285719527,Cyb|PolInd|Reg,10.9535,0.006,0.0575,0.1276,0,ruido_quimera,0,obra
W2111030512|W4242178059|W4285719527,Cyb|PolInd|Reg,10.9535,0.006,0.0575,0.0768,0,ruido_quimera,0,obra
W2123755784|W4242178059|W4285719527,Cyb|PolInd|Reg,10.9535,0.006,0.0575,0.0696,0,ruido_quimera,0,obra
W1970915980|W2154683088|W4285719527,Cyb|PolInd|Reg,10.9522,0.006,0.054,0.3389,0,ruido_quimera,0,obra
W2154683088|W4242178059|W4285719527,Cyb|PolInd|Reg,10.9522,0.006,0.054,0.2048,0,ruido_quimera,0,obra
W1970915980|W2048086870|W4285719527,Cyb|PolInd|Reg,10.9503,0.006,0.054,0.3117,1,costura_ouro,1,obra
W2048086870|W4242178059|W4285719527,Cyb|PolInd|Reg,10.9503,0.006,0.054,0.1219,0,ruido_quimera,0,obra
W3124879925|W4242178059|W4285719527,PolInd|Reg,10.9467,-0.021,0.054,0.2852,1,costura_ouro,1,obra
W1970915980|W3124879925|W4285719527,PolInd|Reg,10.9467,-0.021,0.054,0.3806,0,ruido_quimera,0,obra
W1970915980|W2048894562|W3130930004,PolInd|Reg,10.8416,-0.029,0.131,0.5801,0,ruido_quimera,0,obra
W2048894562|W3130930004|W4242178059,PolInd|Reg,10.8416,-0.029,0.131,0.4931,0,ruido_quimera,0,obra
W1577156806|W2048894562|W3130930004,PolInd|Reg,6.9228,-0.327,0.1299,0.5425,0,ruido_quimera,0,obra
W1595964953|W1601629960|W4285719527,Cyb|PolInd|Reg,5.4735,-0.41,0.0678,0.3929,0,ruido_quimera,0,obra
W1595964953|W2126563689|W4285719527,Cyb|PolInd|Reg,5.468,-0.411,0.0506,0.4176,0,ruido_quimera,0,obra
W1595964953|W4206762723|W4285719527,Cyb|PolInd|Reg,5.4667,-0.37,0.0483,0.0,0,ruido_quimera,0,obra
W1595964953|W1601629960|W2126563689,Cyb|Reg,5.4289,-0.405,0.0103,0.4473,0,ruido_quimera,0,obra
W1595964953|W1601629960|W4206762723,Cyb|Reg,5.4265,-0.377,0.0103,0.3929,0,ruido_quimera,0,obra
W1520641906|W1595964953|W1601629960,Cyb|Reg,5.4229,-0.324,0.0103,0.4506,0,ruido_quimera,0,obra
W1597798001|W2120106358|W3124879925,PolInd|Reg,3.8448,-0.562,0.0529,0.3477,0,ruido_quimera,0,obra
W1597798001|W3124879925|W4285719527,PolInd|Reg,3.8391,-0.562,0.054,0.4969,0,ruido_quimera,0,obra
W1597798001|W4206762723|W4285719527,Cyb|PolInd|Reg,3.8082,-0.493,0.0483,0.0,0,ruido_quimera,0,obra
W1597798001|W2126563689|W4285719527,Cyb|PolInd|Reg,3.8006,-0.537,0.0517,0.1995,0,ruido_quimera,0,obra
W1597798001|W1601629960|W4206762723,Cyb|Reg,3.7757,-0.512,0.0678,0.2463,1,costura_ouro,1,obra
W1597798001|W1601629960|W2126563689,Cyb|Reg,3.7691,-0.533,0.0793,0.3257,0,ruido_quimera,0,obra
W1558962107|W1566478880|W2111030512,Cyb|PolInd,3.6793,0.536,0.1046,0.2402,1,costura_ouro,1,obra
W1492856410|W1558962107|W2111030512,Cyb|PolInd,3.6792,0.536,0.0506,0.221,1,costura_ouro,1,obra
W1558962107|W2111030512|W2154683088,Cyb|PolInd,3.6791,0.536,0.0494,0.2443,1,costura_ouro,1,obra
W1558962107|W2111030512|W2123755784,Cyb|PolInd,3.6791,0.536,0.0747,0.1787,0,ruido_quimera,0,obra
W1558962107|W2025177555|W2111030512,Cyb|PolInd,3.6781,0.536,0.0483,0.2377,1,costura_ouro,1,obra
W1558962107|W2111030512|W52678905,Cyb|PolInd,3.6781,0.536,0.069,0.2046,0,ruido_quimera,0,obra
W1558962107|W2111030512|W4244612406,Cyb|PolInd,3.6776,0.536,0.0598,0.2538,1,costura_ouro,1,obra
W1558962107|W2111030512|W2325487953,Cyb|PolInd,3.6758,0.482,0.0483,0.3368,0,ruido_quimera,0,obra
W4206762723|W4285719527|W4386803846,Cyb|PolInd,2.7606,2.556,0.054,0.0,0,ruido_quimera,0,obra
W151157839|W4206762723|W4285719527,Cyb|PolInd,2.7276,0.828,0.0483,0.0,0,ruido_quimera,0,obra
W151157839|W2126563689|W4285719527,Cyb|PolInd,2.7263,0.812,0.0506,0.2871,1,costura_ouro,1,obra
W151157839|W1601629960|W4285719527,Cyb|PolInd,2.7251,0.812,0.0678,0.2124,0,ruido_quimera,0,obra
W151157839|W1566478880|W4285719527,Cyb|PolInd,2.7149,0.807,0.077,0.2708,1,costura_ouro,1,obra
W1492856410|W151157839|W4285719527,Cyb|PolInd,2.7149,0.807,0.0517,0.2413,1,costura_ouro,1,obra
W151157839|W2111030512|W4285719527,Cyb|PolInd,2.7146,0.807,0.0575,0.1954,0,ruido_quimera,0,obra
W151157839|W2123755784|W4285719527,Cyb|PolInd,2.7144,0.807,0.0575,0.0649,0,ruido_quimera,0,obra
W151157839|W2154683088|W4285719527,Cyb|PolInd,2.7141,0.807,0.054,0.3534,0,ruido_quimera,0,obra
W151157839|W2048086870|W4285719527,Cyb|PolInd,2.7125,0.806,0.054,0.2535,1,costura_ouro,1,obra
W1601629960|W2079608375|W4285719527,Cyb|PolInd|Reg,2.6975,-0.621,0.0678,0.252,1,costura_ouro,1,obra
W1492856410|W2099670044|W2154683088,Cyb|PolInd,2.6965,0.28,0.0805,0.4054,0,ruido_quimera,0,obra
W1566478880|W2099670044|W2154683088,Cyb|PolInd,2.6962,0.28,0.0736,0.5497,0,ruido_quimera,0,obra
W2099670044|W2111030512|W2154683088,Cyb|PolInd,2.6961,0.28,0.0494,0.3104,1,costura_ouro,1,obra
W2099670044|W2123755784|W2154683088,Cyb|PolInd,2.696,0.28,0.1057,0.3419,0,ruido_quimera,0,obra
W2048086870|W2099670044|W2111030512,Cyb|PolInd,2.6945,0.279,0.0563,0.2717,1,costura_ouro,1,obra
W1566478880|W2099670044|W4244612406,Cyb|PolInd,2.6944,0.279,0.0517,0.4645,0,ruido_quimera,0,obra
W2099670044|W2111030512|W4244612406,Cyb|PolInd,2.6943,0.279,0.0598,0.3676,0,ruido_quimera,0,obra
W2099670044|W4244612406|W52678905,Cyb|PolInd,2.6938,0.279,0.0782,0.5693,0,ruido_quimera,0,obra
W1601629960|W2079608375|W4206762723,Cyb|Reg,2.6862,-0.601,0.0678,0.252,1,costura_ouro,1,obra
W1601629960|W2079608375|W2126563689,Cyb|Reg,2.6851,-0.616,0.0782,0.3629,0,ruido_quimera,0,obra
W1520641906|W1601629960|W2079608375,Cyb|Reg,2.684,-0.558,0.0736,0.3729,0,ruido_quimera,0,obra
W2126563689|W2163458930|W4285719527,Cyb|PolInd|Reg,2.3822,-0.645,0.0506,0.3018,1,costura_ouro,1,obra
W1601629960|W2163458930|W4285719527,Cyb|PolInd|Reg,2.382,-0.645,0.069,0.3314,0,ruido_quimera,0,obra
W1978213954|W4206762723|W4285719527,Cyb|PolInd|Reg,2.1036,-0.62,0.0483,0.0,0,ruido_quimera,0,obra
W1601629960|W1978213954|W4285719527,Cyb|PolInd|Reg,2.1035,-0.666,0.0678,0.3791,0,ruido_quimera,0,obra
W1978213954|W2126563689|W4285719527,Cyb|PolInd|Reg,2.1014,-0.666,0.0506,0.3333,0,ruido_quimera,0,obra
W1520641906|W1601629960|W1978213954,Cyb|Reg,2.0897,-0.609,0.0736,0.3417,0,ruido_quimera,0,obra
W1558962107|W2111030512|W4285719527,Cyb|PolInd,1.8389,0.412,0.0575,0.1135,0,ruido_quimera,0,obra
W1558962107|W2048086870|W4285719527,Cyb|PolInd,1.8366,0.411,0.054,0.2595,1,costura_ouro,1,obra
W1601629960|W2333983184|W4285719527,Cyb|PolInd|Reg,1.829,-0.687,0.069,0.2699,1,costura_ouro,1,obra
W2333983184|W4206762723|W4285719527,Cyb|PolInd|Reg,1.8273,-0.64,0.0494,0.0,0,ruido_quimera,0,obra
W2126563689|W2333983184|W4285719527,Cyb|PolInd|Reg,1.8272,-0.687,0.0517,0.306,1,costura_ouro,1,obra
W1601629960|W2126563689|W2333983184,Cyb|Reg,1.8012,-0.684,0.0204,0.3691,0,ruido_quimera,0,obra
W1601629960|W2333983184|W4206762723,Cyb|Reg,1.8003,-0.673,0.0203,0.2699,1,costura_ouro,1,obra
W1520641906|W1601629960|W91655458,Cyb|PolInd,1.5945,-0.058,0.0736,0.4142,0,ruido_quimera,0,obra
W1601629960|W4206762723|W91655458,Cyb|PolInd,1.5908,0.088,0.0103,0.4696,0,ruido_quimera,0,obra
W1601629960|W2126563689|W91655458,Cyb|PolInd,1.5907,-0.008,0.0103,0.4629,0,ruido_quimera,0,obra
W1492856410|W2569986058|W4285719527,Cyb|PolInd|Reg,1.4168,-0.718,0.0517,0.1313,0,ruido_quimera,0,obra
W2154683088|W2569986058|W4285719527,Cyb|PolInd|Reg,1.4165,-0.718,0.054,0.37,0,ruido_quimera,0,obra
W2123755784|W2569986058|W4285719527,Cyb|PolInd|Reg,1.4164,-0.718,0.0575,0.2085,0,ruido_quimera,0,obra
W1566478880|W2569986058|W4285719527,Cyb|PolInd|Reg,1.4161,-0.718,0.077,0.3131,1,costura_ouro,1,obra
W2111030512|W2569986058|W4285719527,Cyb|PolInd|Reg,1.416,-0.718,0.0575,0.1706,0,ruido_quimera,0,obra
W2048086870|W2569986058|W4285719527,Cyb|PolInd|Reg,1.4159,-0.719,0.054,0.3097,1,costura_ouro,1,obra
W2569986058|W3124879925|W4285719527,PolInd|Reg,1.4156,-0.746,0.054,0.2317,1,costura_ouro,1,obra
W2126563689|W2569986058|W4285719527,Cyb|PolInd|Reg,1.3946,-0.72,0.0506,0.08,0,ruido_quimera,0,obra
W1601629960|W2569986058|W4206762723,Cyb|Reg,1.3607,-0.709,0.0713,0.1222,0,ruido_quimera,0,obra
W1601629960|W2126563689|W2569986058,Cyb|Reg,1.3592,-0.718,0.0816,0.2445,1,costura_ouro,1,obra
W2099670044|W2154683088|W4285719527,Cyb|PolInd,1.3481,0.19,0.054,0.4394,0,ruido_quimera,0,obra
W2048086870|W2099670044|W4285719527,Cyb|PolInd,1.3464,0.19,0.054,0.2925,1,costura_ouro,1,obra
W1520641906|W1524264467|W1601629960,Cyb|PolInd,1.2991,-0.135,0.0736,0.2057,0,ruido_quimera,0,obra
W1524264467|W1601629960|W4206762723,Cyb|PolInd,1.298,-0.023,0.0678,0.116,0,ruido_quimera,0,obra
W1524264467|W1601629960|W2126563689,Cyb|PolInd,1.2971,-0.085,0.0782,0.2721,1,costura_ouro,1,obra
W1524264467|W2111030512|W2325487953,Cyb|PolInd,1.2754,-0.141,0.0494,0.3649,0,ruido_quimera,0,obra
W1524264467|W1566478880|W4244612406,Cyb|PolInd,1.2714,-0.092,0.0529,0.4046,0,ruido_quimera,0,obra
W1524264467|W4244612406|W52678905,Cyb|PolInd,1.2713,-0.092,0.0782,0.4009,0,ruido_quimera,0,obra
W1524264467|W1566478880|W2154683088,Cyb|PolInd,1.2713,-0.092,0.0747,0.5679,0,ruido_quimera,0,obra
W1492856410|W1524264467|W1566478880,Cyb|PolInd,1.2712,-0.092,0.0954,0.38,0,ruido_quimera,0,obra
W1524264467|W1566478880|W4205188686,Cyb|PolInd,1.2712,-0.092,0.054,0.3252,0,ruido_quimera,0,obra
W1524264467|W2111030512|W4244612406,Cyb|PolInd,1.2711,-0.092,0.0609,0.2832,1,costura_ouro,1,obra
W1524264467|W2111030512|W2154683088,Cyb|PolInd,1.271,-0.092,0.0506,0.3042,1,costura_ouro,1,obra
W1524264467|W1566478880|W2123755784,Cyb|PolInd,1.271,-0.092,0.1506,0.4088,0,ruido_quimera,0,obra
W1492856410|W1524264467|W2111030512,Cyb|PolInd,1.2709,-0.092,0.0517,0.2749,1,costura_ouro,1,obra
W1524264467|W2123755784|W52678905,Cyb|PolInd,1.2708,-0.092,0.0632,0.243,1,costura_ouro,1,obra
W1524264467|W2111030512|W2123755784,Cyb|PolInd,1.2707,-0.092,0.0759,0.2318,1,costura_ouro,1,obra
W1524264467|W2111030512|W52678905,Cyb|PolInd,1.2691,-0.092,0.0136,0.2257,1,costura_ouro,1,obra
W1524264467|W2025177555|W2123755784,Cyb|PolInd,1.2683,-0.093,0.0494,0.2839,1,costura_ouro,1,obra
W1524264467|W2025177555|W52678905,Cyb|PolInd,1.2667,-0.093,0.0136,0.3321,0,ruido_quimera,0,obra
W1919343167|W4206762723|W4285719527,Cyb|PolInd|Reg,1.1097,1.944,0.0494,0.0,0,ruido_quimera,0,obra
W1601629960|W1919343167|W4285719527,Cyb|PolInd|Reg,1.109,2.286,0.0701,0.3925,0,ruido_quimera,0,obra
W1919343167|W2126563689|W4285719527,Cyb|PolInd|Reg,1.1088,2.285,0.0517,0.4028,0,ruido_quimera,0,obra
W1492856410|W1999130476|W2154683088,Cyb|PolInd,1.0866,-0.14,0.0805,0.3009,1,costura_ouro,1,obra
W1999130476|W2123755784|W2154683088,Cyb|PolInd,1.0863,-0.14,0.1057,0.298,1,costura_ouro,1,obra
W1999130476|W2111030512|W2154683088,Cyb|PolInd,1.0862,-0.14,0.0494,0.2729,1,costura_ouro,1,obra
W1566478880|W1999130476|W2154683088,Cyb|PolInd,1.0862,-0.14,0.0736,0.4607,0,ruido_quimera,0,obra
W1492856410|W4285719527|W4388316013,Cyb|PolInd|Reg,0.8802,1.377,0.0529,0.1767,0,ruido_quimera,0,obra
W2154683088|W4285719527|W4388316013,Cyb|PolInd|Reg,0.88,1.377,0.0552,0.2371,1,costura_ouro,1,obra
W2123755784|W4285719527|W4388316013,Cyb|PolInd|Reg,0.8799,1.376,0.0586,0.0624,0,ruido_quimera,0,obra
W2048086870|W4285719527|W4388316013,Cyb|PolInd|Reg,0.8796,1.375,0.0552,0.1405,0,ruido_quimera,0,obra
W1566478880|W4285719527|W4388316013,Cyb|PolInd|Reg,0.8795,1.375,0.0782,0.19,0,ruido_quimera,0,obra
W2111030512|W4285719527|W4388316013,Cyb|PolInd|Reg,0.8795,1.375,0.0586,0.0141,0,ruido_quimera,0,obra
W3124879925|W4285719527|W4388316013,PolInd|Reg,0.8792,1.326,0.0552,0.3282,0,ruido_quimera,0,obra
W4206762723|W4285719527|W4388316013,Cyb|PolInd|Reg,0.8607,1.108,0.0136,0.0,0,ruido_quimera,0,obra
W1601629960|W4206762723|W4388316013,Cyb|Reg,0.8332,1.505,0.0136,0.3323,0,ruido_quimera,0,obra
W1601629960|W2126563689|W4388316013,Cyb|Reg,0.8304,1.482,0.0204,0.3791,0,ruido_quimera,0,obra
W1492856410|W4285719527|W91655458,Cyb|PolInd,0.8101,-0.052,0.0517,0.1878,0,ruido_quimera,0,obra
W2123755784|W4285719527|W91655458,Cyb|PolInd,0.8097,-0.053,0.0575,0.0587,0,ruido_quimera,0,obra
W2154683088|W4285719527|W91655458,Cyb|PolInd,0.8097,-0.053,0.054,0.1994,0,ruido_quimera,0,obra
W1566478880|W4285719527|W91655458,Cyb|PolInd,0.8094,-0.053,0.077,0.17,0,ruido_quimera,0,obra
W2111030512|W4285719527|W91655458,Cyb|PolInd,0.8093,-0.053,0.0575,0.0776,0,ruido_quimera,0,obra
W2048086870|W4285719527|W91655458,Cyb|PolInd,0.8089,-0.053,0.054,0.1465,0,ruido_quimera,0,obra
W1601629960|W4285719527|W91655458,Cyb|PolInd,0.8009,-0.056,0.0103,0.4696,0,ruido_quimera,0,obra
W1562620462|W2111030512|W2325487953,Cyb|PolInd,0.7607,-0.274,0.0483,0.2644,1,costura_ouro,1,obra
W1562620462|W1566478880|W4244612406,Cyb|PolInd,0.7582,-0.226,0.0517,0.3132,1,costura_ouro,1,obra
W1562620462|W1566478880|W4205188686,Cyb|PolInd,0.7582,-0.226,0.0529,0.2095,0,ruido_quimera,0,obra
W1492856410|W1562620462|W1566478880,Cyb|PolInd,0.7579,-0.226,0.0943,0.2609,1,costura_ouro,1,obra
W1562620462|W1566478880|W2025177555,Cyb|PolInd,0.7579,-0.226,0.0586,0.3243,0,ruido_quimera,0,obra
W1562620462|W2111030512|W4244612406,Cyb|PolInd,0.7578,-0.226,0.0598,0.1975,0,ruido_quimera,0,obra
W1562620462|W1566478880|W2154683088,Cyb|PolInd,0.7577,-0.226,0.0736,0.4485,0,ruido_quimera,0,obra
W1562620462|W1566478880|W52678905,Cyb|PolInd,0.7576,-0.226,0.1103,0.2627,1,costura_ouro,1,obra
W1562620462|W1566478880|W2123755784,Cyb|PolInd,0.7576,-0.226,0.1494,0.3231,0,ruido_quimera,0,obra
W1562620462|W2025177555|W2111030512,Cyb|PolInd,0.7576,-0.226,0.0483,0.1852,0,ruido_quimera,0,obra
W1492856410|W1562620462|W2111030512,Cyb|PolInd,0.7575,-0.226,0.0506,0.1615,0,ruido_quimera,0,obra
W1562620462|W2111030512|W52678905,Cyb|PolInd,0.7573,-0.226,0.069,0.1415,0,ruido_quimera,0,obra
W1562620462|W2111030512|W2154683088,Cyb|PolInd,0.7573,-0.226,0.0494,0.1904,0,ruido_quimera,0,obra
W1562620462|W2111030512|W2123755784,Cyb|PolInd,0.7572,-0.226,0.0747,0.1518,0,ruido_quimera,0,obra
W1562620462|W2048086870|W2111030512,Cyb|PolInd,0.7569,-0.226,0.0563,0.1771,0,ruido_quimera,0,obra
W2037354927|W4206762723|W4285719527,Cyb|PolInd,0.6749,-0.097,0.0494,0.0,0,ruido_quimera,0,obra
W2037354927|W2126563689|W4285719527,Cyb|PolInd,0.6729,-0.114,0.0517,-0.0158,0,ruido_quimera,0,obra
W1601629960|W2037354927|W4285719527,Cyb|PolInd,0.6709,-0.115,0.069,0.0854,0,ruido_quimera,0,obra
W1492856410|W2037354927|W4285719527,Cyb|PolInd,0.6631,-0.119,0.0529,0.1521,0,ruido_quimera,0,obra
W2037354927|W2154683088|W4285719527,Cyb|PolInd,0.6628,-0.119,0.0552,0.2304,1,costura_ouro,1,obra
W2037354927|W2123755784|W4285719527,Cyb|PolInd,0.6627,-0.119,0.0586,0.1365,0,ruido_quimera,0,obra
W1566478880|W2037354927|W4285719527,Cyb|PolInd,0.6625,-0.119,0.0782,0.2109,0,ruido_quimera,0,obra
W2037354927|W2111030512|W4285719527,Cyb|PolInd,0.6625,-0.119,0.0586,0.1887,0,ruido_quimera,0,obra
W2037354927|W2048086870|W4285719527,Cyb|PolInd,0.6621,-0.119,0.0552,0.236,1,costura_ouro,1,obra
W1524264467|W1601629960|W4285719527,Cyb|PolInd,0.6524,-0.123,0.0678,0.116,0,ruido_quimera,0,obra
W1524264467|W1566478880|W4285719527,Cyb|PolInd,0.636,-0.131,0.0782,0.4503,0,ruido_quimera,0,obra
W1524264467|W2111030512|W4285719527,Cyb|PolInd,0.6357,-0.131,0.0586,0.2293,1,costura_ouro,1,obra
W1524264467|W2048086870|W4285719527,Cyb|PolInd,0.6345,-0.132,0.0552,0.3523,0,ruido_quimera,0,obra
W1585485765|W4206762723|W4285719527,Cyb|PolInd,0.5992,-0.131,0.0483,0.0,0,ruido_quimera,0,obra
W1585485765|W2126563689|W4285719527,Cyb|PolInd,0.5969,-0.148,0.0506,0.1302,0,ruido_quimera,0,obra
W1585485765|W1601629960|W4285719527,Cyb|PolInd,0.5952,-0.149,0.0678,0.2254,1,costura_ouro,1,obra
W1492856410|W1585485765|W4285719527,Cyb|PolInd,0.5917,-0.151,0.0517,0.1322,0,ruido_quimera,0,obra
W1585485765|W2154683088|W4285719527,Cyb|PolInd,0.5914,-0.151,0.054,0.1465,0,ruido_quimera,0,obra
W1585485765|W2123755784|W4285719527,Cyb|PolInd,0.5913,-0.151,0.0575,0.0305,0,ruido_quimera,0,obra
W1566478880|W1585485765|W4285719527,Cyb|PolInd,0.591,-0.151,0.077,0.1875,0,ruido_quimera,0,obra
W1585485765|W2111030512|W4285719527,Cyb|PolInd,0.5909,-0.151,0.0575,-0.0278,0,ruido_quimera,0,obra
W1585485765|W2048086870|W4285719527,Cyb|PolInd,0.5905,-0.151,0.054,0.1055,0,ruido_quimera,0,obra
W1492856410|W2046284555|W4285719527,Cyb|PolInd|Reg,0.5784,0.179,0.0517,0.1059,0,ruido_quimera,0,obra
W2046284555|W2154683088|W4285719527,Cyb|PolInd|Reg,0.5783,0.178,0.054,0.2863,1,costura_ouro,1,obra
W2046284555|W2123755784|W4285719527,Cyb|PolInd|Reg,0.5781,0.178,0.0575,0.1169,0,ruido_quimera,0,obra
W2046284555|W2048086870|W4285719527,Cyb|PolInd|Reg,0.5778,0.177,0.054,0.2281,1,costura_ouro,1,obra
W1566478880|W2046284555|W4285719527,Cyb|PolInd|Reg,0.5777,0.176,0.077,0.2627,1,costura_ouro,1,obra
W2046284555|W2111030512|W4285719527,Cyb|PolInd|Reg,0.5777,0.176,0.0575,0.1193,0,ruido_quimera,0,obra
W2046284555|W3124879925|W4285719527,PolInd|Reg,0.5766,0.234,0.054,0.2507,1,costura_ouro,1,obra
W2046284555|W4206762723|W4285719527,Cyb|PolInd|Reg,0.5635,0.11,0.0483,0.0,0,ruido_quimera,0,obra
W2046284555|W2126563689|W4285719527,Cyb|PolInd|Reg,0.56,0.106,0.0102,0.1558,0,ruido_quimera,0,obra
W1999130476|W4206762723|W4285719527,Cyb|PolInd,0.559,-0.149,0.0483,0.0,0,ruido_quimera,0,obra
W1999130476|W2126563689|W4285719527,Cyb|PolInd,0.5568,-0.167,0.0506,0.1358,0,ruido_quimera,0,obra
W1601629960|W1999130476|W4285719527,Cyb|PolInd,0.5549,-0.167,0.0678,0.1839,0,ruido_quimera,0,obra
W1520641906|W1601629960|W2097592255,Cyb|PolInd,0.551,-0.329,0.0736,0.3125,1,costura_ouro,1,obra
W1601629960|W2097592255|W4206762723,Cyb|PolInd,0.5496,-0.307,0.0678,0.2621,1,costura_ouro,1,obra
W1601629960|W2097592255|W2126563689,Cyb|PolInd,0.5485,-0.28,0.0782,0.372,0,ruido_quimera,0,obra
W1492856410|W1999130476|W4285719527,Cyb|PolInd,0.5457,-0.172,0.0517,0.1433,0,ruido_quimera,0,obra
W1999130476|W2123755784|W4285719527,Cyb|PolInd,0.5452,-0.172,0.0575,0.2745,1,costura_ouro,1,obra
W1566478880|W1999130476|W4285719527,Cyb|PolInd,0.545,-0.172,0.077,0.2803,1,costura_ouro,1,obra
W1999130476|W2111030512|W4285719527,Cyb|PolInd,0.545,-0.172,0.0575,0.2869,1,costura_ouro,1,obra
W1999130476|W2048086870|W4285719527,Cyb|PolInd,0.5447,-0.172,0.054,0.2851,1,costura_ouro,1,obra
W1999130476|W2154683088|W4285719527,Cyb|PolInd,0.544,-0.172,0.0102,0.2705,1,costura_ouro,1,obra
W2109469951|W2111030512|W2325487953,Cyb|PolInd,0.5411,-0.331,0.0102,0.3898,0,ruido_quimera,0,obra
W2046284555|W2126563689|W4206762723,Cyb|Reg,0.5404,0.327,0.1678,0.1558,0,ruido_quimera,0,obra
W2025177555|W2109469951|W2111030512,Cyb|PolInd,0.5399,-0.283,0.0483,0.2419,1,costura_ouro,1,obra
W2109469951|W4244612406|W52678905,Cyb|PolInd,0.5399,-0.283,0.0782,0.3895,0,ruido_quimera,0,obra
W2109469951|W2111030512|W52678905,Cyb|PolInd,0.5396,-0.283,0.069,0.229,1,costura_ouro,1,obra
W1566478880|W2109469951|W4244612406,Cyb|PolInd,0.5396,-0.283,0.0517,0.2755,1,costura_ouro,1,obra
W1492856410|W2109469951|W2111030512,Cyb|PolInd,0.5396,-0.283,0.0506,0.2374,1,costura_ouro,1,obra
W2109469951|W2111030512|W2154683088,Cyb|PolInd,0.5395,-0.283,0.0494,0.2162,1,costura_ouro,1,obra
W2109469951|W2111030512|W2123755784,Cyb|PolInd,0.5394,-0.283,0.0747,0.1386,0,ruido_quimera,0,obra
W1566478880|W2109469951|W2111030512,Cyb|PolInd,0.5393,-0.283,0.1046,0.1938,0,ruido_quimera,0,obra
W2048086870|W2109469951|W2111030512,Cyb|PolInd,0.5393,-0.283,0.0563,0.2082,0,ruido_quimera,0,obra
W1601629960|W2046284555|W4206762723,Cyb|Reg,0.5356,0.307,0.0724,0.2056,0,ruido_quimera,0,obra
W1492856410|W1993233559|W4285719527,Cyb|PolInd|Reg,0.5346,0.005,0.054,0.2556,1,costura_ouro,1,obra
W1993233559|W2154683088|W4285719527,Cyb|PolInd|Reg,0.5345,0.005,0.0563,0.308,1,costura_ouro,1,obra
W1993233559|W2123755784|W4285719527,Cyb|PolInd|Reg,0.5343,0.004,0.0598,0.0599,0,ruido_quimera,0,obra
W1993233559|W2048086870|W4285719527,Cyb|PolInd|Reg,0.5341,0.003,0.0563,0.2195,1,costura_ouro,1,obra
W1566478880|W1993233559|W4285719527,Cyb|PolInd|Reg,0.5339,0.002,0.0793,0.2709,1,costura_ouro,1,obra
W1993233559|W2111030512|W4285719527,Cyb|PolInd|Reg,0.5339,0.002,0.0598,0.1941,0,ruido_quimera,0,obra
W1993233559|W3124879925|W4285719527,PolInd|Reg,0.533,0.076,0.0563,0.2874,1,costura_ouro,1,obra
W1520641906|W1601629960|W2109469951,Cyb|PolInd,0.5236,-0.336,0.0759,0.2376,1,costura_ouro,1,obra
W1520641906|W2109469951|W2126563689,Cyb|PolInd,0.5175,-0.337,0.0506,0.2357,1,costura_ouro,1,obra
W1601629960|W1993233559|W4285719527,Cyb|PolInd|Reg,0.5172,-0.064,0.0303,0.292,1,costura_ouro,1,obra
W1492856410|W4285719527|W760270995,Cyb|PolInd|Reg,0.5086,-0.098,0.0517,0.1385,0,ruido_quimera,0,obra
W2154683088|W4285719527|W760270995,Cyb|PolInd|Reg,0.5085,-0.099,0.054,0.2849,1,costura_ouro,1,obra
W2123755784|W4285719527|W760270995,Cyb|PolInd|Reg,0.5083,-0.099,0.0575,0.1418,0,ruido_quimera,0,obra
W2048086870|W4285719527|W760270995,Cyb|PolInd|Reg,0.508,-0.1,0.054,0.2152,0,ruido_quimera,0,obra
W1566478880|W4285719527|W760270995,Cyb|PolInd|Reg,0.5079,-0.101,0.077,0.2429,1,costura_ouro,1,obra
W2111030512|W4285719527|W760270995,Cyb|PolInd|Reg,0.5079,-0.101,0.0575,0.0827,0,ruido_quimera,0,obra
W1498201492|W4206762723|W4285719527,Cyb|PolInd,0.5079,-0.172,0.0483,0.0,0,ruido_quimera,0,obra
W3124879925|W4285719527|W760270995,PolInd|Reg,0.5063,-0.02,0.054,0.3674,0,ruido_quimera,0,obra
W1498201492|W2126563689|W4285719527,Cyb|PolInd,0.5058,-0.19,0.0506,0.0416,0,ruido_quimera,0,obra
W1498201492|W1601629960|W4285719527,Cyb|PolInd,0.5037,-0.191,0.0678,0.2386,1,costura_ouro,1,obra
W2483843983|W4206762723|W4285719527,Cyb|PolInd,0.5017,-0.175,0.0494,0.0,0,ruido_quimera,0,obra
W2126563689|W2483843983|W4285719527,Cyb|PolInd,0.4996,-0.192,0.0517,0.2387,1,costura_ouro,1,obra
W1601629960|W2483843983|W4285719527,Cyb|PolInd,0.4974,-0.193,0.069,0.2647,1,costura_ouro,1,obra
W1520641906|W1993233559|W2126563689,Cyb|Reg,0.4967,-0.042,0.0162,0.4278,0,ruido_quimera,0,obra
W1492856410|W1498201492|W4285719527,Cyb|PolInd,0.4963,-0.194,0.0517,0.1334,0,ruido_quimera,0,obra
W1498201492|W2154683088|W4285719527,Cyb|PolInd,0.496,-0.194,0.054,0.2111,0,ruido_quimera,0,obra
W1498201492|W2123755784|W4285719527,Cyb|PolInd,0.4958,-0.194,0.0575,0.1521,0,ruido_quimera,0,obra
W1498201492|W1566478880|W4285719527,Cyb|PolInd,0.4955,-0.194,0.077,0.2649,1,costura_ouro,1,obra
W1498201492|W2111030512|W4285719527,Cyb|PolInd,0.4954,-0.194,0.0575,0.2873,1,costura_ouro,1,obra
W1498201492|W2048086870|W4285719527,Cyb|PolInd,0.4951,-0.194,0.054,0.3063,1,costura_ouro,1,obra
W4206762723|W4285719527|W760270995,Cyb|PolInd|Reg,0.4903,-0.135,0.0136,0.0,0,ruido_quimera,0,obra
W1492856410|W2483843983|W4285719527,Cyb|PolInd,0.4895,-0.197,0.0529,0.1684,0,ruido_quimera,0,obra
W2154683088|W2483843983|W4285719527,Cyb|PolInd,0.4893,-0.197,0.0552,0.1742,0,ruido_quimera,0,obra
W2123755784|W2483843983|W4285719527,Cyb|PolInd,0.4891,-0.197,0.0586,0.1055,0,ruido_quimera,0,obra
W1566478880|W2483843983|W4285719527,Cyb|PolInd,0.4888,-0.197,0.0782,0.2159,1,costura_ouro,1,obra
W2111030512|W2483843983|W4285719527,Cyb|PolInd,0.4887,-0.197,0.0586,0.0718,0,ruido_quimera,0,obra
W2048086870|W2483843983|W4285719527,Cyb|PolInd,0.4884,-0.197,0.0552,0.1746,0,ruido_quimera,0,obra
W2126563689|W4285719527|W760270995,Cyb|PolInd|Reg,0.4863,-0.187,0.0162,0.2569,1,costura_ouro,1,obra
W1581687645|W4244612406|W52678905,Cyb|Reg,0.4849,0.095,0.0782,0.4183,0,ruido_quimera,0,obra
W1566478880|W1581687645|W4244612406,Cyb|Reg,0.4847,0.094,0.0517,0.3691,0,ruido_quimera,0,obra
W1581687645|W2111030512|W4244612406,Cyb|Reg,0.4846,0.094,0.0598,0.2513,1,costura_ouro,1,obra
W1492856410|W1581687645|W4285719527,Cyb|PolInd|Reg,0.484,-0.196,0.0517,0.2806,1,costura_ouro,1,obra
W1581687645|W2154683088|W4285719527,Cyb|PolInd|Reg,0.4838,-0.197,0.054,0.3933,0,ruido_quimera,0,obra
W1581687645|W2123755784|W4285719527,Cyb|PolInd|Reg,0.4836,-0.198,0.0575,0.2349,1,costura_ouro,1,obra
W1581687645|W2048086870|W4285719527,Cyb|PolInd|Reg,0.4835,-0.198,0.054,0.2988,1,costura_ouro,1,obra
W1566478880|W1581687645|W4285719527,Cyb|PolInd|Reg,0.4832,-0.199,0.077,0.3477,0,ruido_quimera,0,obra
W1581687645|W2111030512|W4285719527,Cyb|PolInd|Reg,0.4831,-0.199,0.0575,0.1372,0,ruido_quimera,0,obra
W1581687645|W3124879925|W4285719527,PolInd|Reg,0.4831,-0.103,0.054,0.4854,0,ruido_quimera,0,obra
W1581687645|W4206762723|W4285719527,Cyb|PolInd|Reg,0.4685,-0.209,0.0136,0.0,0,ruido_quimera,0,obra
W1581687645|W1601629960|W4285719527,Cyb|PolInd|Reg,0.4654,-0.27,0.0163,0.3345,0,ruido_quimera,0,obra
W2165429918|W4206762723|W4285719527,Cyb|PolInd,0.4343,-0.205,0.0494,0.0,0,ruido_quimera,0,obra
W2126563689|W2165429918|W4285719527,Cyb|PolInd,0.4322,-0.223,0.0517,0.0917,0,ruido_quimera,0,obra
W1601629960|W2165429918|W4285719527,Cyb|PolInd,0.4302,-0.224,0.069,0.08,0,ruido_quimera,0,obra
W2120106358|W2155153551|W3124879925,PolInd|Reg,0.4276,-0.304,0.0529,0.3245,0,ruido_quimera,0,obra
W1492856410|W2165429918|W4285719527,Cyb|PolInd,0.4217,-0.228,0.0529,0.012,0,ruido_quimera,0,obra
W2154683088|W2165429918|W4285719527,Cyb|PolInd,0.4213,-0.228,0.0552,0.0628,0,ruido_quimera,0,obra
W2123755784|W2165429918|W4285719527,Cyb|PolInd,0.4212,-0.228,0.0586,0.0654,0,ruido_quimera,0,obra
W2155153551|W3124879925|W4285719527,PolInd|Reg,0.4212,-0.327,0.054,0.4087,0,ruido_quimera,0,obra
W1566478880|W2165429918|W4285719527,Cyb|PolInd,0.421,-0.228,0.0782,0.1021,0,ruido_quimera,0,obra
W2111030512|W2165429918|W4285719527,Cyb|PolInd,0.4209,-0.228,0.0586,0.0572,0,ruido_quimera,0,obra
W2048086870|W2165429918|W4285719527,Cyb|PolInd,0.4207,-0.228,0.0552,0.0867,0,ruido_quimera,0,obra
W2155153551|W4206762723|W4285719527,Cyb|PolInd|Reg,0.4125,-0.397,0.0494,0.0,0,ruido_quimera,0,obra
W1601629960|W2155153551|W4285719527,Cyb|PolInd|Reg,0.4107,-0.487,0.0701,0.3201,0,ruido_quimera,0,obra
W2126563689|W2155153551|W4285719527,Cyb|PolInd|Reg,0.4085,-0.496,0.054,0.2925,1,costura_ouro,1,obra
W1562620462|W4206762723|W4285719527,Cyb|PolInd,0.3951,-0.223,0.0483,0.0,0,ruido_quimera,0,obra
W1982375873|W2126563689|W4285719527,Cyb|PolInd|Reg,0.3938,-0.554,0.0506,0.1762,0,ruido_quimera,0,obra
W1562620462|W2126563689|W4285719527,Cyb|PolInd,0.393,-0.24,0.0506,-0.054,0,ruido_quimera,0,obra
W1601629960|W1982375873|W4285719527,Cyb|PolInd|Reg,0.392,-0.561,0.0678,0.3338,0,ruido_quimera,0,obra
W1562620462|W1601629960|W4285719527,Cyb|PolInd,0.3908,-0.241,0.0678,0.0505,0,ruido_quimera,0,obra
W1982375873|W2126563689|W4206762723,Cyb|Reg,0.3874,-0.289,0.1678,0.1762,0,ruido_quimera,0,obra
W1601629960|W1982375873|W4206762723,Cyb|Reg,0.3866,-0.292,0.0678,0.3338,0,ruido_quimera,0,obra
W1601629960|W1982375873|W2126563689,Cyb|Reg,0.3848,-0.307,0.0103,0.3471,0,ruido_quimera,0,obra
W1492856410|W1562620462|W4285719527,Cyb|PolInd,0.3809,-0.246,0.0517,0.1251,0,ruido_quimera,0,obra
W1562620462|W2154683088|W4285719527,Cyb|PolInd,0.3808,-0.246,0.054,0.2564,1,costura_ouro,1,obra
W1562620462|W2123755784|W4285719527,Cyb|PolInd,0.3805,-0.246,0.0575,0.2283,1,costura_ouro,1,obra
W1562620462|W2048086870|W4285719527,Cyb|PolInd,0.3802,-0.246,0.054,0.1856,0,ruido_quimera,0,obra
W1562620462|W1566478880|W4285719527,Cyb|PolInd,0.3797,-0.246,0.0103,0.2576,1,costura_ouro,1,obra
W1562620462|W2111030512|W4285719527,Cyb|PolInd,0.3794,-0.247,0.0102,0.0536,0,ruido_quimera,0,obra
W1520641906|W1601629960|W2142257426,Cyb|PolInd,0.3751,-0.374,0.0736,0.3195,0,ruido_quimera,0,obra
W2126563689|W2142257426|W4206762723,Cyb|PolInd,0.3748,-0.374,0.1678,0.2216,1,costura_ouro,1,obra
W1601629960|W2126563689|W2142257426,Cyb|PolInd,0.3728,-0.326,0.0782,0.3331,0,ruido_quimera,0,obra
W1492856410|W2142257426|W2154683088,Cyb|PolInd,0.3632,-0.329,0.0805,0.2745,1,costura_ouro,1,obra
W2123755784|W2142257426|W2154683088,Cyb|PolInd,0.3629,-0.329,0.1057,0.2667,1,costura_ouro,1,obra
W1566478880|W2142257426|W2154683088,Cyb|PolInd,0.3628,-0.329,0.0736,0.4549,0,ruido_quimera,0,obra
W2111030512|W2142257426|W2154683088,Cyb|PolInd,0.3628,-0.329,0.0494,0.2133,0,ruido_quimera,0,obra
W1520641906|W1601629960|W1979505044,Cyb|PolInd,0.3339,-0.385,0.0736,0.2237,1,costura_ouro,1,obra
W1601629960|W1979505044|W4206762723,Cyb|PolInd,0.3326,-0.39,0.0678,0.1334,0,ruido_quimera,0,obra
W1601629960|W1979505044|W2126563689,Cyb|PolInd,0.3315,-0.337,0.0782,0.2582,1,costura_ouro,1,obra
W1600823763|W4206762723|W4285719527,Cyb|PolInd,0.3249,-0.255,0.0483,0.0,0,ruido_quimera,0,obra
W1600823763|W2126563689|W4285719527,Cyb|PolInd,0.3228,-0.272,0.0506,0.1509,0,ruido_quimera,0,obra
W1979505044|W2048086870|W2111030512,Cyb|PolInd,0.3225,-0.339,0.0563,0.2573,1,fechamento_trivial,0,obra
W1600823763|W1601629960|W4285719527,Cyb|PolInd,0.3205,-0.273,0.0678,0.2355,1,agenda_pesquisa,0,obra
W1492856410|W1600823763|W4285719527,Cyb|PolInd,0.3138,-0.276,0.0517,0.1634,0,ruido_quimera,0,obra
W1600823763|W2154683088|W4285719527,Cyb|PolInd,0.3135,-0.276,0.054,0.2269,1,fechamento_trivial,0,obra
W1600823763|W2123755784|W4285719527,Cyb|PolInd,0.3133,-0.276,0.0575,0.2135,0,ruido_quimera,0,obra
W1566478880|W1600823763|W4285719527,Cyb|PolInd,0.3129,-0.277,0.077,0.2853,1,agenda_pesquisa,0,obra
W1600823763|W2111030512|W4285719527,Cyb|PolInd,0.3129,-0.277,0.0575,0.1692,0,ruido_quimera,0,obra
W1600823763|W2048086870|W4285719527,Cyb|PolInd,0.3128,-0.277,0.054,0.259,1,fechamento_trivial,0,obra
W2005144066|W2025177555|W2123755784,Cyb|PolInd,0.299,-0.345,0.0483,0.2365,1,fechamento_trivial,0,obra
W1492856410|W2005144066|W2123755784,Cyb|PolInd,0.2988,-0.345,0.0747,0.21,0,ruido_quimera,0,obra
W2005144066|W2123755784|W2154683088,Cyb|PolInd,0.2987,-0.345,0.1057,0.2875,1,agenda_pesquisa,0,obra
W2005144066|W2123755784|W52678905,Cyb|PolInd,0.2987,-0.345,0.0632,0.2235,1,agenda_pesquisa,0,obra
W1566478880|W2005144066|W2123755784,Cyb|PolInd,0.2984,-0.345,0.1494,0.3542,0,ruido_quimera,0,obra
W2005144066|W2111030512|W2123755784,Cyb|PolInd,0.2984,-0.345,0.0747,0.1673,0,ruido_quimera,0,obra
W2005144066|W2048086870|W2111030512,Cyb|PolInd,0.2979,-0.346,0.0563,0.2144,0,ruido_quimera,0,obra
W2028436159|W4206762723|W4285719527,Cyb|PolInd|Reg,0.2975,-0.783,0.0202,0.0,0,ruido_quimera,0,obra
W2028436159|W2126563689|W4285719527,Cyb|PolInd|Reg,0.2956,-0.944,0.0202,0.0877,0,ruido_quimera,0,obra
W2007287880|W2111030512|W4244612406,Cyb|PolInd,0.2952,-0.346,0.0598,0.2669,1,agenda_pesquisa,0,obra
W1601629960|W2028436159|W4285719527,Cyb|PolInd|Reg,0.2949,-0.947,0.069,0.0698,0,ruido_quimera,0,obra
W2007287880|W2025177555|W2111030512,Cyb|PolInd,0.2948,-0.346,0.0483,0.2221,1,fechamento_trivial,0,obra
W2007287880|W2111030512|W52678905,Cyb|PolInd,0.2946,-0.346,0.069,0.2081,0,ruido_quimera,0,obra
W1492856410|W2007287880|W2111030512,Cyb|PolInd,0.2946,-0.346,0.0506,0.2145,0,ruido_quimera,0,obra
W1601629960|W2028436159|W4206762723,Cyb|Reg,0.2945,-0.663,0.069,0.0698,0,ruido_quimera,0,obra
W2007287880|W2111030512|W2154683088,Cyb|PolInd,0.2945,-0.347,0.0494,0.201,0,ruido_quimera,0,obra
W2007287880|W2111030512|W2123755784,Cyb|PolInd,0.2943,-0.347,0.0747,0.198,0,ruido_quimera,0,obra
W1566478880|W2007287880|W2111030512,Cyb|PolInd,0.2942,-0.347,0.1046,0.2052,0,ruido_quimera,0,obra
W2007287880|W2048086870|W2111030512,Cyb|PolInd,0.294,-0.347,0.0563,0.2068,0,ruido_quimera,0,obra
W1601629960|W2028436159|W2126563689,Cyb|Reg,0.2937,-0.672,0.0793,0.2296,1,agenda_pesquisa,0,obra
W1566478880|W2028436159|W4205188686,Cyb|Reg,0.2923,-0.678,0.0529,0.2785,1,fechamento_trivial,0,obra
W1566478880|W2028436159|W4244612406,Cyb|Reg,0.2923,-0.678,0.0517,0.4076,0,ruido_quimera,0,obra
W1566478880|W2025177555|W2028436159,Cyb|Reg,0.2921,-0.679,0.0586,0.3561,0,ruido_quimera,0,obra
W1492856410|W1566478880|W2028436159,Cyb|Reg,0.2919,-0.68,0.0943,0.2865,1,agenda_pesquisa,0,obra
W1566478880|W2028436159|W52678905,Cyb|Reg,0.2918,-0.68,0.1103,0.3488,0,ruido_quimera,0,obra
W1566478880|W2028436159|W2154683088,Cyb|Reg,0.2917,-0.681,0.0736,0.4825,0,ruido_quimera,0,obra
W1566478880|W2028436159|W2123755784,Cyb|Reg,0.2915,-0.681,0.1494,0.4137,0,ruido_quimera,0,obra
W1566478880|W2028436159|W2111030512,Cyb|Reg,0.2914,-0.682,0.1046,0.2064,0,ruido_quimera,0,obra
W1492856410|W2028436159|W4285719527,Cyb|PolInd|Reg,0.2905,-0.964,0.0529,0.1368,0,ruido_quimera,0,obra
W2028436159|W2154683088|W4285719527,Cyb|PolInd|Reg,0.2903,-0.965,0.0552,0.2934,1,fechamento_trivial,0,obra
W2028436159|W2123755784|W4285719527,Cyb|PolInd|Reg,0.29,-0.966,0.0586,0.435,0,ruido_quimera,0,obra
W2028436159|W2111030512|W4285719527,Cyb|PolInd|Reg,0.2898,-0.967,0.0586,0.0519,0,ruido_quimera,0,obra
W2028436159|W2048086870|W4285719527,Cyb|PolInd|Reg,0.2898,-0.967,0.0552,0.3789,0,ruido_quimera,0,obra
W2028436159|W2120106358|W3124879925,PolInd|Reg,0.2892,-0.803,0.0529,0.2123,0,ruido_quimera,0,obra
W1479827809|W4206762723|W4285719527,Cyb|PolInd,0.2857,-0.272,0.0494,0.0,0,ruido_quimera,0,obra
W2097592255|W4206762723|W4285719527,Cyb|PolInd,0.2837,-0.273,0.0483,0.0,0,ruido_quimera,0,obra
W1479827809|W2126563689|W4285719527,Cyb|PolInd,0.2836,-0.29,0.0517,0.101,0,ruido_quimera,0,obra
W2097592255|W2126563689|W4285719527,Cyb|PolInd,0.2815,-0.291,0.0506,0.3228,0,ruido_quimera,0,obra
W1479827809|W1601629960|W4285719527,Cyb|PolInd,0.2814,-0.291,0.069,0.2383,1,agenda_pesquisa,0,obra
W1489741075|W1520641906|W1601629960,Cyb|PolInd,0.2754,-0.4,0.0736,0.2587,1,agenda_pesquisa,0,obra
W1479827809|W1492856410|W4285719527,Cyb|PolInd,0.2741,-0.294,0.0529,0.2561,1,fechamento_trivial,0,obra
W1479827809|W2154683088|W4285719527,Cyb|PolInd,0.2738,-0.294,0.0552,0.2563,1,fechamento_trivial,0,obra
W1489741075|W1601629960|W4206762723,Cyb|PolInd,0.2737,-0.412,0.0678,0.0879,0,ruido_quimera,0,obra
W1479827809|W2123755784|W4285719527,Cyb|PolInd,0.2736,-0.294,0.0586,0.2077,0,ruido_quimera,0,obra
W1479827809|W1566478880|W4285719527,Cyb|PolInd,0.2733,-0.294,0.0782,0.3245,0,ruido_quimera,0,obra
W1479827809|W2048086870|W4285719527,Cyb|PolInd,0.2732,-0.295,0.0552,0.2765,1,fechamento_trivial,0,obra
W1479827809|W2111030512|W4285719527,Cyb|PolInd,0.2732,-0.295,0.0586,0.2053,0,ruido_quimera,0,obra
W1489741075|W1601629960|W2126563689,Cyb|PolInd,0.2726,-0.352,0.0782,0.2159,1,agenda_pesquisa,0,obra
W1492856410|W2109469951|W4285719527,Cyb|PolInd,0.2718,-0.295,0.0563,0.1623,0,ruido_quimera,0,obra
W2109469951|W2154683088|W4285719527,Cyb|PolInd,0.2717,-0.295,0.0586,0.143,0,ruido_quimera,0,obra
W2109469951|W2123755784|W4285719527,Cyb|PolInd,0.2715,-0.295,0.0621,-0.002,0,ruido_quimera,0,obra
W2048086870|W2109469951|W4285719527,Cyb|PolInd,0.2715,-0.295,0.0586,0.0882,0,ruido_quimera,0,obra
W1566478880|W2109469951|W4285719527,Cyb|PolInd,0.2712,-0.295,0.0816,0.0924,0,ruido_quimera,0,obra
W1492856410|W2097592255|W4285719527,Cyb|PolInd,0.2712,-0.295,0.0517,0.3947,0,ruido_quimera,0,obra
W2097592255|W2154683088|W4285719527,Cyb|PolInd,0.271,-0.295,0.054,0.3721,0,ruido_quimera,0,obra
W2097592255|W2123755784|W4285719527,Cyb|PolInd,0.2708,-0.296,0.0575,0.2332,1,fechamento_trivial,0,obra
W2109469951|W2111030512|W4285719527,Cyb|PolInd,0.2706,-0.296,0.017,0.2444,1,fechamento_trivial,0,obra
W2097592255|W2111030512|W4285719527,Cyb|PolInd,0.2705,-0.296,0.0575,0.2356,1,fechamento_trivial,0,obra
W1566478880|W2097592255|W4285719527,Cyb|PolInd,0.2705,-0.296,0.077,0.3485,0,ruido_quimera,0,obra
W2048086870|W2097592255|W4285719527,Cyb|PolInd,0.2703,-0.296,0.054,0.291,1,fechamento_trivial,0,obra
W1492856410|W1786831919|W4285719527,Cyb|PolInd|Reg,0.269,-1.049,0.0586,0.3126,1,fechamento_trivial,0,obra
W1786831919|W2154683088|W4285719527,Cyb|PolInd|Reg,0.2689,-1.05,0.0609,0.3754,0,ruido_quimera,0,obra
W1786831919|W2123755784|W4285719527,Cyb|PolInd|Reg,0.2686,-1.051,0.0644,0.124,0,ruido_quimera,0,obra
W1786831919|W2048086870|W4285719527,Cyb|PolInd|Reg,0.2685,-1.051,0.0609,0.2318,1,agenda_pesquisa,0,obra
W1566478880|W1786831919|W4285719527,Cyb|PolInd|Reg,0.2683,-1.052,0.0839,0.2628,1,agenda_pesquisa,0,obra
W1786831919|W2111030512|W4285719527,Cyb|PolInd|Reg,0.2683,-1.052,0.0644,0.0747,0,ruido_quimera,0,obra
W1981733426|W2111030512|W2325487953,Cyb|PolInd,0.2674,-0.402,0.0483,0.347,0,ruido_quimera,0,obra
W1598833883|W2111030512|W2325487953,Cyb|PolInd,0.2671,-0.402,0.0483,0.4636,0,ruido_quimera,0,obra
W1786831919|W3124879925|W4285719527,PolInd|Reg,0.2669,-0.884,0.0609,0.2037,0,ruido_quimera,0,obra
W1566478880|W1598833883|W4244612406,Cyb|PolInd,0.2644,-0.354,0.0517,0.3688,0,ruido_quimera,0,obra
W1566478880|W1598833883|W4205188686,Cyb|PolInd,0.2642,-0.354,0.0529,0.2789,1,fechamento_trivial,0,obra
W1598833883|W2025177555|W2123755784,Cyb|PolInd,0.2642,-0.354,0.0483,0.2378,1,fechamento_trivial,0,obra
W1981733426|W4244612406|W52678905,Cyb|PolInd,0.2641,-0.354,0.0782,0.3735,0,ruido_quimera,0,obra
W1566478880|W1598833883|W2025177555,Cyb|PolInd,0.2641,-0.354,0.0586,0.3444,0,ruido_quimera,0,obra
W1981733426|W2025177555|W52678905,Cyb|PolInd,0.264,-0.354,0.0483,0.3041,1,fechamento_trivial,0,obra
W1598833883|W2123755784|W52678905,Cyb|PolInd,0.2639,-0.354,0.0632,0.2289,1,agenda_pesquisa,0,obra
W1492856410|W1598833883|W2123755784,Cyb|PolInd,0.2639,-0.354,0.0747,0.1662,0,ruido_quimera,0,obra
W1598833883|W2123755784|W2154683088,Cyb|PolInd,0.2638,-0.355,0.1057,0.2614,1,agenda_pesquisa,0,obra
W1492856410|W1566478880|W1598833883,Cyb|PolInd,0.2638,-0.355,0.0943,0.2507,1,agenda_pesquisa,0,obra
W1566478880|W1598833883|W52678905,Cyb|PolInd,0.2637,-0.355,0.1103,0.2916,1,agenda_pesquisa,0,obra
W1566478880|W1598833883|W2154683088,Cyb|PolInd,0.2637,-0.355,0.0736,0.428,0,ruido_quimera,0,obra
W1598833883|W2111030512|W2123755784,Cyb|PolInd,0.2635,-0.355,0.0747,0.2309,1,agenda_pesquisa,0,obra
W1981733426|W2123755784|W52678905,Cyb|PolInd,0.2635,-0.355,0.0632,0.1887,0,ruido_quimera,0,obra
W1981733426|W2111030512|W52678905,Cyb|PolInd,0.2634,-0.355,0.069,0.1973,0,ruido_quimera,0,obra
W1566478880|W1981733426|W52678905,Cyb|PolInd,0.2633,-0.355,0.1103,0.2754,1,agenda_pesquisa,0,obra
W1566478880|W1598833883|W2111030512,Cyb|PolInd,0.2633,-0.355,0.1046,0.2604,1,agenda_pesquisa,0,obra
W1981733426|W2048086870|W2111030512,Cyb|PolInd,0.263,-0.355,0.0563,0.2116,0,ruido_quimera,0,obra
W1601629960|W1990513740|W4206762723,Cyb|PolInd,0.2611,-0.417,0.0678,0.254,1,agenda_pesquisa,0,obra
W1601629960|W1990513740|W2126563689,Cyb|PolInd,0.2602,-0.355,0.0782,0.3451,0,ruido_quimera,0,obra
W1981314212|W4206762723|W4285719527,Cyb|PolInd|Reg,0.2602,-0.908,0.0483,0.0,0,ruido_quimera,0,obra
W1601629960|W2039191423|W4206762723,Cyb|PolInd,0.259,-0.418,0.0701,0.2666,1,agenda_pesquisa,0,obra
W1981314212|W2126563689|W4285719527,Cyb|PolInd|Reg,0.2582,-1.092,0.0506,0.4043,0,ruido_quimera,0,obra
W1601629960|W2039191423|W2126563689,Cyb|PolInd,0.258,-0.356,0.0805,0.3843,0,ruido_quimera,0,obra
W1492856410|W1981314212|W4285719527,Cyb|PolInd|Reg,0.2556,-1.103,0.0517,0.2591,1,fechamento_trivial,0,obra
W1981314212|W2154683088|W4285719527,Cyb|PolInd|Reg,0.2554,-1.104,0.054,0.4038,0,ruido_quimera,0,obra
W1981314212|W2123755784|W4285719527,Cyb|PolInd|Reg,0.2551,-1.105,0.0575,0.1837,0,ruido_quimera,0,obra
W1566478880|W1981314212|W4285719527,Cyb|PolInd|Reg,0.2548,-1.106,0.077,0.3283,0,ruido_quimera,0,obra
W1981314212|W2048086870|W4285719527,Cyb|PolInd|Reg,0.2548,-1.106,0.054,0.3199,0,ruido_quimera,0,obra
W1981314212|W2111030512|W4285719527,Cyb|PolInd|Reg,0.2547,-1.106,0.0575,0.1306,0,ruido_quimera,0,obra
W1601629960|W1981314212|W4206762723,Cyb|Reg,0.2528,-0.831,0.0713,0.4327,0,ruido_quimera,0,obra
W1990513740|W2111030512|W2325487953,Cyb|PolInd,0.2528,-0.406,0.0483,0.4102,0,ruido_quimera,0,obra
W1601629960|W1981314212|W2126563689,Cyb|Reg,0.2519,-0.84,0.0816,0.4561,0,ruido_quimera,0,obra
W2039191423|W2111030512|W2325487953,Cyb|PolInd,0.2516,-0.406,0.0483,0.4988,0,ruido_quimera,0,obra
W1981314212|W3124879925|W4285719527,PolInd|Reg,0.2493,-0.948,0.0136,0.1919,0,ruido_quimera,0,obra
W1990513740|W2111030512|W4244612406,Cyb|PolInd,0.248,-0.359,0.0598,0.2943,1,agenda_pesquisa,0,obra
W1566478880|W1990513740|W4244612406,Cyb|PolInd,0.2478,-0.359,0.0529,0.3089,1,fechamento_trivial,0,obra
W1492856410|W1990513740|W2026948646,Cyb|PolInd,0.2478,-0.359,0.0678,0.3953,0,ruido_quimera,0,obra
W1492856410|W1970428482|W1990513740,Cyb|PolInd,0.2477,-0.359,0.0102,0.3296,0,ruido_quimera,0,obra
W1990513740|W2025177555|W52678905,Cyb|PolInd,0.2476,-0.359,0.0483,0.2976,1,fechamento_trivial,0,obra
W1492856410|W1990513740|W4205188686,Cyb|PolInd,0.2476,-0.359,0.0874,0.354,0,ruido_quimera,0,obra
W1990513740|W2111030512|W52678905,Cyb|PolInd,0.2474,-0.359,0.069,0.2442,1,agenda_pesquisa,0,obra
W1566478880|W1990513740|W4205188686,Cyb|PolInd,0.2473,-0.359,0.054,0.2358,1,fechamento_trivial,0,obra
W1990513740|W2123755784|W52678905,Cyb|PolInd,0.2473,-0.359,0.0632,0.2001,0,ruido_quimera,0,obra
W1990513740|W2025177555|W2111030512,Cyb|PolInd,0.2472,-0.359,0.0102,0.2694,1,fechamento_trivial,0,obra
W1566478880|W1990513740|W52678905,Cyb|PolInd,0.2471,-0.359,0.1115,0.2643,1,agenda_pesquisa,0,obra
W1492856410|W1990513740|W2154683088,Cyb|PolInd,0.2471,-0.359,0.0103,0.2962,1,fechamento_trivial,0,obra
W2039191423|W2111030512|W4244612406,Cyb|PolInd,0.2471,-0.359,0.0598,0.4215,0,ruido_quimera,0,obra
W1566478880|W1990513740|W2025177555,Cyb|PolInd,0.247,-0.359,0.0136,0.3075,1,fechamento_trivial,0,obra
W1990513740|W2048086870|W2111030512,Cyb|PolInd,0.247,-0.359,0.0102,0.2458,1,fechamento_trivial,0,obra
W1492856410|W1990513740|W2111030512,Cyb|PolInd,0.247,-0.359,0.0102,0.2599,1,fechamento_trivial,0,obra
W1990513740|W2111030512|W2154683088,Cyb|PolInd,0.247,-0.359,0.0102,0.2449,1,fechamento_trivial,0,obra
W1492856410|W1990513740|W2123755784,Cyb|PolInd,0.247,-0.359,0.0103,0.1723,0,ruido_quimera,0,obra
W1990513740|W2111030512|W2123755784,Cyb|PolInd,0.247,-0.359,0.0103,0.2002,0,ruido_quimera,0,obra
W1566478880|W2039191423|W4244612406,Cyb|PolInd,0.2469,-0.359,0.0517,0.4455,0,ruido_quimera,0,obra
W1492856410|W1566478880|W1990513740,Cyb|PolInd,0.2468,-0.359,0.0137,0.2583,1,fechamento_trivial,0,obra
W1566478880|W1990513740|W2154683088,Cyb|PolInd,0.2468,-0.359,0.0136,0.4019,0,ruido_quimera,0,obra
W1566478880|W1990513740|W2123755784,Cyb|PolInd,0.2467,-0.359,0.0137,0.2705,1,fechamento_trivial,0,obra
W2025177555|W2039191423|W2111030512,Cyb|PolInd,0.2467,-0.359,0.0483,0.3448,0,ruido_quimera,0,obra
W1566478880|W2025177555|W2039191423,Cyb|PolInd,0.2466,-0.359,0.0586,0.3923,0,ruido_quimera,0,obra
W2039191423|W2048086870|W2111030512,Cyb|PolInd,0.2466,-0.359,0.0563,0.3302,0,ruido_quimera,0,obra
W2025177555|W2039191423|W2123755784,Cyb|PolInd,0.2465,-0.359,0.0483,0.2374,1,fechamento_trivial,0,obra
W2039191423|W2111030512|W52678905,Cyb|PolInd,0.2464,-0.359,0.069,0.3554,0,ruido_quimera,0,obra
W2039191423|W2123755784|W52678905,Cyb|PolInd,0.2463,-0.359,0.0632,0.274,1,agenda_pesquisa,0,obra
W1566478880|W2039191423|W52678905,Cyb|PolInd,0.2463,-0.359,0.1103,0.385,0,ruido_quimera,0,obra
W1492856410|W2039191423|W4205188686,Cyb|PolInd,0.2462,-0.359,0.0874,0.4714,0,ruido_quimera,0,obra
W1566478880|W2039191423|W4205188686,Cyb|PolInd,0.2462,-0.359,0.0529,0.361,0,ruido_quimera,0,obra
W2039191423|W2111030512|W2123755784,Cyb|PolInd,0.2458,-0.359,0.0103,0.251,1,fechamento_trivial,0,obra
W1566478880|W2039191423|W2111030512,Cyb|PolInd,0.2458,-0.359,0.0103,0.3288,0,ruido_quimera,0,obra
W2039191423|W2123755784|W2154683088,Cyb|PolInd,0.2457,-0.359,0.0103,0.3029,1,fechamento_trivial,0,obra
W1492856410|W1566478880|W2039191423,Cyb|PolInd,0.2457,-0.359,0.0103,0.3576,0,ruido_quimera,0,obra
W1566478880|W2039191423|W2154683088,Cyb|PolInd,0.2457,-0.359,0.0103,0.5178,0,ruido_quimera,0,obra
W1492856410|W2039191423|W2123755784,Cyb|PolInd,0.2456,-0.359,0.0103,0.2248,1,fechamento_trivial,0,obra
W1601629960|W1786831919|W4206762723,Cyb|Reg,0.2436,-0.868,0.027,0.3198,0,ruido_quimera,0,obra
W2063282131|W3124879925|W4285719527,Cyb|PolInd,0.2403,-0.289,0.0621,0.1475,0,ruido_quimera,0,obra
W1553746973|W2063282131|W4285719527,Cyb|PolInd,0.2393,-0.289,0.0494,0.0613,0,ruido_quimera,0,obra
W1492856410|W2025579080|W2026948646,Cyb|PolInd,0.228,-0.364,0.0678,0.4949,0,ruido_quimera,0,obra
W1492856410|W2025579080|W4205188686,Cyb|PolInd,0.2278,-0.364,0.0874,0.4543,0,ruido_quimera,0,obra
W1566478880|W2025579080|W4244612406,Cyb|PolInd,0.2278,-0.364,0.0517,0.425,0,ruido_quimera,0,obra
W2025177555|W2025579080|W2123755784,Cyb|PolInd,0.2276,-0.364,0.0483,0.3067,1,fechamento_trivial,0,obra
W2025579080|W4244612406|W52678905,Cyb|PolInd,0.2276,-0.364,0.0793,0.4859,0,ruido_quimera,0,obra
W1566478880|W2025177555|W2025579080,Cyb|PolInd,0.2276,-0.364,0.0586,0.4155,0,ruido_quimera,0,obra
W1492856410|W2025579080|W2154683088,Cyb|PolInd,0.2275,-0.364,0.0805,0.4214,0,ruido_quimera,0,obra
W1566478880|W2025579080|W4205188686,Cyb|PolInd,0.2275,-0.364,0.0529,0.3428,0,ruido_quimera,0,obra
W1492856410|W2025579080|W2111030512,Cyb|PolInd,0.2274,-0.364,0.0506,0.2819,1,fechamento_trivial,0,obra
W2025177555|W2025579080|W52678905,Cyb|PolInd,0.2274,-0.364,0.0494,0.3748,0,ruido_quimera,0,obra
W2025579080|W2123755784|W2154683088,Cyb|PolInd,0.2273,-0.364,0.1057,0.365,0,ruido_quimera,0,obra
W1566478880|W2025579080|W2154683088,Cyb|PolInd,0.2273,-0.364,0.0736,0.5337,0,ruido_quimera,0,obra
W2025579080|W2111030512|W2123755784,Cyb|PolInd,0.2272,-0.364,0.0747,0.2281,1,agenda_pesquisa,0,obra
W2025579080|W2048086870|W2111030512,Cyb|PolInd,0.2272,-0.364,0.0563,0.262,1,fechamento_trivial,0,obra
W1566478880|W2025579080|W2111030512,Cyb|PolInd,0.2271,-0.364,0.1046,0.2598,1,agenda_pesquisa,0,obra
W2025579080|W2111030512|W52678905,Cyb|PolInd,0.2269,-0.364,0.0701,0.2419,1,agenda_pesquisa,0,obra
W2111030512|W3121405033|W4244612406,Cyb|PolInd,0.2224,-0.365,0.0598,0.2181,1,agenda_pesquisa,0,obra
W2025177555|W2111030512|W3121405033,Cyb|PolInd,0.2221,-0.365,0.0483,0.2243,1,fechamento_trivial,0,obra
W1492856410|W2111030512|W3121405033,Cyb|PolInd,0.2219,-0.365,0.0506,0.207,0,ruido_quimera,0,obra
W2111030512|W3121405033|W52678905,Cyb|PolInd,0.2218,-0.365,0.069,0.1643,0,ruido_quimera,0,obra
W2111030512|W2154683088|W3121405033,Cyb|PolInd,0.2217,-0.365,0.0494,0.2101,0,ruido_quimera,0,obra
W2111030512|W2123755784|W3121405033,Cyb|PolInd,0.2216,-0.366,0.0747,0.1444,0,ruido_quimera,0,obra
W1566478880|W2111030512|W3121405033,Cyb|PolInd,0.2214,-0.366,0.1046,0.2175,1,agenda_pesquisa,0,obra
W2048086870|W2111030512|W3121405033,Cyb|PolInd,0.2212,-0.366,0.0563,0.215,0,ruido_quimera,0,obra
W1492856410|W1970428482|W3021080613,Cyb|Reg,0.2149,2.189,0.0517,0.3181,0,ruido_quimera,0,obra
W1492856410|W2026948646|W3021080613,Cyb|Reg,0.2145,2.175,0.0678,0.3731,0,ruido_quimera,0,obra
W1492856410|W3021080613|W4205188686,Cyb|Reg,0.2141,2.164,0.0874,0.3343,0,ruido_quimera,0,obra
W1566478880|W3021080613|W4205188686,Cyb|Reg,0.2137,2.151,0.0529,0.2727,1,fechamento_trivial,0,obra
W1566478880|W3021080613|W4244612406,Cyb|Reg,0.2137,2.15,0.0517,0.3429,0,ruido_quimera,0,obra
W1566478880|W2025177555|W3021080613,Cyb|Reg,0.2136,2.15,0.0586,0.328,0,ruido_quimera,0,obra
W1492856410|W2154683088|W3021080613,Cyb|Reg,0.2135,2.145,0.0805,0.3227,0,ruido_quimera,0,obra
W1492856410|W2123755784|W3021080613,Cyb|Reg,0.2134,2.142,0.0747,0.1694,0,ruido_quimera,0,obra
W1566478880|W3021080613|W52678905,Cyb|Reg,0.2133,2.14,0.1103,0.2978,1,agenda_pesquisa,0,obra
W1566478880|W2154683088|W3021080613,Cyb|Reg,0.2131,2.132,0.0736,0.485,0,ruido_quimera,0,obra
W1492856410|W2111030512|W3021080613,Cyb|Reg,0.2131,2.135,0.0506,0.1845,0,ruido_quimera,0,obra
W1566478880|W2123755784|W3021080613,Cyb|Reg,0.213,2.13,0.1494,0.3241,0,ruido_quimera,0,obra
W1566478880|W2111030512|W3021080613,Cyb|Reg,0.2127,2.122,0.1046,0.2123,0,ruido_quimera,0,obra
W2154683088|W3021080613|W4285719527,Cyb|PolInd|Reg,0.2091,1.629,0.0552,0.3121,1,fechamento_trivial,0,obra
W1492856410|W3021080613|W4285719527,Cyb|PolInd|Reg,0.2091,1.628,0.0136,0.1669,0,ruido_quimera,0,obra
W2048086870|W3021080613|W4285719527,Cyb|PolInd|Reg,0.2088,1.619,0.0552,0.256,1,fechamento_trivial,0,obra
W2123755784|W3021080613|W4285719527,Cyb|PolInd|Reg,0.2088,1.621,0.0586,0.1773,0,ruido_quimera,0,obra
W2111030512|W3021080613|W4285719527,Cyb|PolInd|Reg,0.2085,1.611,0.0586,0.0809,0,ruido_quimera,0,obra
W1566478880|W3021080613|W4285719527,Cyb|PolInd|Reg,0.2083,1.607,0.0137,0.3115,1,fechamento_trivial,0,obra
W3021080613|W3124879925|W4285719527,PolInd|Reg,0.2077,2.045,0.0552,0.356,0,ruido_quimera,0,obra
W2120106358|W2171753429|W3124879925,PolInd|Reg,0.2063,-1.103,0.0529,0.2042,0,ruido_quimera,0,obra
W1492856410|W2171753429|W4285719527,Cyb|PolInd|Reg,0.2019,-1.316,0.0529,0.1113,0,ruido_quimera,0,obra
W2154683088|W2171753429|W4285719527,Cyb|PolInd|Reg,0.2018,-1.317,0.0552,0.2673,1,fechamento_trivial,0,obra
W2123755784|W2171753429|W4285719527,Cyb|PolInd|Reg,0.2015,-1.318,0.0586,0.0988,0,ruido_quimera,0,obra
W2048086870|W2171753429|W4285719527,Cyb|PolInd|Reg,0.2013,-1.318,0.0552,0.16,0,ruido_quimera,0,obra
W1566478880|W2171753429|W4285719527,Cyb|PolInd|Reg,0.2011,-1.319,0.0782,0.2112,0,ruido_quimera,0,obra
W2111030512|W2171753429|W4285719527,Cyb|PolInd|Reg,0.2011,-1.319,0.0586,-0.0421,0,ruido_quimera,0,obra
W2171753429|W3124879925|W4285719527,PolInd|Reg,0.1984,-1.131,0.0136,0.2623,1,fechamento_trivial,0,obra
W3021080613|W4206762723|W4285719527,Cyb|PolInd|Reg,0.1984,1.009,0.0136,0.0,0,ruido_quimera,0,obra
W2048894562|W3130930004|W4230710385,Cyb|PolInd,0.1972,-0.314,0.1322,0.6294,0,ruido_quimera,0,obra
W2142257426|W4206762723|W4285719527,Cyb|PolInd,0.1955,-0.313,0.0494,0.0,0,ruido_quimera,0,obra
W2126563689|W3021080613|W4285719527,Cyb|PolInd|Reg,0.1949,1.216,0.0268,0.2685,1,fechamento_trivial,0,obra
W3124879925|W4230710385|W4285719527,Cyb|PolInd,0.1949,-0.316,0.0598,0.3224,0,ruido_quimera,0,obra
W2126563689|W2142257426|W4285719527,Cyb|PolInd,0.1928,-0.331,0.0136,0.2216,1,fechamento_trivial,0,obra
W1601629960|W2142257426|W4285719527,Cyb|PolInd,0.1914,-0.331,0.069,0.2464,1,agenda_pesquisa,0,obra
W1492856410|W2043285762|W4285719527,Cyb|PolInd|Reg,0.1899,-1.364,0.054,0.2179,1,fechamento_trivial,0,obra
W2171753429|W4206762723|W4285719527,Cyb|PolInd|Reg,0.1898,-1.144,0.0241,0.0,0,ruido_quimera,0,obra
W2043285762|W2154683088|W4285719527,Cyb|PolInd|Reg,0.1897,-1.364,0.0563,0.3704,0,ruido_quimera,0,obra
W2043285762|W2123755784|W4285719527,Cyb|PolInd|Reg,0.1894,-1.365,0.0598,0.1617,0,ruido_quimera,0,obra
W2043285762|W2048086870|W4285719527,Cyb|PolInd|Reg,0.1892,-1.366,0.0563,0.2957,1,fechamento_trivial,0,obra
W1566478880|W2043285762|W4285719527,Cyb|PolInd|Reg,0.189,-1.367,0.0793,0.3329,0,ruido_quimera,0,obra
W2043285762|W2111030512|W4285719527,Cyb|PolInd|Reg,0.189,-1.367,0.0598,0.1304,0,ruido_quimera,0,obra
W2043285762|W3124879925|W4285719527,PolInd|Reg,0.187,-1.172,0.0563,0.1533,0,ruido_quimera,0,obra
W1492856410|W2142257426|W4285719527,Cyb|PolInd,0.1835,-0.335,0.0529,0.1078,0,ruido_quimera,0,obra
W2123755784|W2142257426|W4285719527,Cyb|PolInd,0.183,-0.335,0.0586,0.2244,1,fechamento_trivial,0,obra
W2048086870|W2142257426|W4285719527,Cyb|PolInd,0.1828,-0.335,0.0552,0.235,1,fechamento_trivial,0,obra
W2142257426|W2154683088|W4285719527,Cyb|PolInd,0.1828,-0.335,0.0136,0.2267,1,fechamento_trivial,0,obra
W2111030512|W2142257426|W4285719527,Cyb|PolInd,0.1828,-0.335,0.0586,0.1521,0,ruido_quimera,0,obra
W1566478880|W2142257426|W4285719527,Cyb|PolInd,0.1827,-0.335,0.0782,0.3066,1,agenda_pesquisa,0,obra
W1520641906|W1601629960|W2043285762,Cyb|Reg,0.1796,-1.197,0.0805,0.4567,0,ruido_quimera,0,obra
W1569410165|W2120106358|W3124879925,PolInd|Reg,0.1777,1.097,0.0529,0.3224,0,ruido_quimera,0,obra
W1520641906|W2126563689|W3021080613,Cyb|Reg,0.1772,1.051,0.0266,0.3902,0,ruido_quimera,0,obra
W1601629960|W3021080613|W4206762723,Cyb|Reg,0.1767,1.162,0.0178,0.285,1,fechamento_trivial,0,obra
W1970326724|W2048086870|W2111030512,Cyb|PolInd,0.1752,1.448,0.0563,0.2784,1,fechamento_trivial,0,obra
W1979505044|W4206762723|W4285719527,Cyb|PolInd,0.175,-0.322,0.0483,0.0,0,ruido_quimera,0,obra
W1492856410|W1569410165|W4285719527,Cyb|PolInd|Reg,0.1749,0.635,0.054,0.238,1,fechamento_trivial,0,obra
W1569410165|W2154683088|W4285719527,Cyb|PolInd|Reg,0.1748,0.631,0.0563,0.2169,1,fechamento_trivial,0,obra
W1569410165|W2123755784|W4285719527,Cyb|PolInd|Reg,0.1745,0.623,0.0598,0.1999,0,ruido_quimera,0,obra
W1569410165|W2048086870|W4285719527,Cyb|PolInd|Reg,0.1743,0.618,0.0563,0.1806,0,ruido_quimera,0,obra
W1566478880|W1569410165|W4285719527,Cyb|PolInd|Reg,0.1741,0.613,0.0793,0.216,1,agenda_pesquisa,0,obra
W1569410165|W2111030512|W4285719527,Cyb|PolInd|Reg,0.1741,0.613,0.0598,0.0786,0,ruido_quimera,0,obra
W1979505044|W2126563689|W4285719527,Cyb|PolInd,0.1729,-0.34,0.0506,0.1098,0,ruido_quimera,0,obra
W1520641906|W1601629960|W1993023795,Cyb|PolInd,0.1719,0.995,0.0736,0.2178,1,agenda_pesquisa,0,obra
W1569410165|W3124879925|W4285719527,PolInd|Reg,0.171,0.887,0.0153,0.419,0,ruido_quimera,0,obra
W1601629960|W1970326724|W4206762723,Cyb|PolInd,0.1705,1.4,0.017,0.2722,1,fechamento_trivial,0,obra
W1601629960|W1993023795|W4206762723,Cyb|PolInd,0.1701,1.39,0.0678,0.1245,0,ruido_quimera,0,obra
W1601629960|W1979505044|W4285719527,Cyb|PolInd,0.17,-0.341,0.0103,0.1334,0,ruido_quimera,0,obra
W1566478880|W2118243939|W4244612406,Cyb|PolInd,0.1696,1.297,0.0517,0.3497,0,ruido_quimera,0,obra
W1601629960|W1970326724|W2126563689,Cyb|PolInd,0.1695,1.294,0.017,0.4034,0,ruido_quimera,0,obra
W1566478880|W2118243939|W4205188686,Cyb|PolInd,0.1694,1.292,0.0529,0.2734,1,fechamento_trivial,0,obra
W1492856410|W2118243939|W2154683088,Cyb|PolInd,0.1692,1.284,0.0805,0.3307,0,ruido_quimera,0,obra
W1566478880|W2025177555|W2118243939,Cyb|PolInd,0.1692,1.286,0.0586,0.3729,0,ruido_quimera,0,obra
W1601629960|W1993023795|W2126563689,Cyb|PolInd,0.1691,1.281,0.0782,0.267,1,agenda_pesquisa,0,obra
W1566478880|W2118243939|W52678905,Cyb|PolInd,0.1689,1.278,0.1103,0.3043,1,agenda_pesquisa,0,obra
W1492856410|W1566478880|W2118243939,Cyb|PolInd,0.1689,1.278,0.0943,0.3082,1,agenda_pesquisa,0,obra
W2118243939|W2123755784|W2154683088,Cyb|PolInd,0.1689,1.276,0.1057,0.3187,0,ruido_quimera,0,obra
W2111030512|W2118243939|W2154683088,Cyb|PolInd,0.1688,1.274,0.0494,0.2314,1,fechamento_trivial,0,obra
W1566478880|W2118243939|W2123755784,Cyb|PolInd,0.1687,1.271,0.1494,0.3706,0,ruido_quimera,0,obra
W1566478880|W2111030512|W2118243939,Cyb|PolInd,0.1686,1.269,0.1046,0.2329,1,agenda_pesquisa,0,obra
W1566478880|W2118243939|W2154683088,Cyb|PolInd,0.1686,1.269,0.0103,0.5,0,ruido_quimera,0,obra
W1569410165|W1601629960|W4285719527,Cyb|PolInd|Reg,0.1661,0.378,0.04,0.3732,0,ruido_quimera,0,obra
W1492856410|W2143590178|W4285719527,Cyb|PolInd|Reg,0.165,0.348,0.0517,0.1749,0,ruido_quimera,0,obra
W2143590178|W2154683088|W4285719527,Cyb|PolInd|Reg,0.1649,0.344,0.054,0.2892,1,fechamento_trivial,0,obra
W2123755784|W2143590178|W4285719527,Cyb|PolInd|Reg,0.1646,0.335,0.0575,0.1026,0,ruido_quimera,0,obra
W2048086870|W2143590178|W4285719527,Cyb|PolInd|Reg,0.1644,0.33,0.054,0.2237,1,fechamento_trivial,0,obra
W2005144066|W4206762723|W4285719527,Cyb|PolInd,0.1644,-0.327,0.0517,0.0,0,ruido_quimera,0,obra
W1566478880|W2143590178|W4285719527,Cyb|PolInd|Reg,0.1642,0.324,0.077,0.2906,1,agenda_pesquisa,0,obra
W2111030512|W2143590178|W4285719527,Cyb|PolInd|Reg,0.1642,0.324,0.0575,0.0419,0,ruido_quimera,0,obra
W1492856410|W1979505044|W4285719527,Cyb|PolInd,0.1635,-0.344,0.0517,0.2942,1,fechamento_trivial,0,obra
W1979505044|W2154683088|W4285719527,Cyb|PolInd,0.1634,-0.344,0.054,0.3707,0,ruido_quimera,0,obra
W1979505044|W2123755784|W4285719527,Cyb|PolInd,0.1631,-0.344,0.0575,0.279,1,fechamento_trivial,0,obra
W1566478880|W1979505044|W4285719527,Cyb|PolInd,0.1628,-0.344,0.077,0.4008,0,ruido_quimera,0,obra
W1979505044|W2111030512|W4285719527,Cyb|PolInd,0.1628,-0.344,0.0575,0.1535,0,ruido_quimera,0,obra
W2005144066|W2126563689|W4285719527,Cyb|PolInd,0.1622,-0.345,0.054,0.0806,0,ruido_quimera,0,obra
W2007287880|W4206762723|W4285719527,Cyb|PolInd,0.1618,-0.328,0.0506,0.0,0,ruido_quimera,0,obra
W2095561982|W4244612406|W52678905,Cyb|PolInd,0.1609,1.061,0.0782,0.504,0,ruido_quimera,0,obra
W2025177555|W2095561982|W2123755784,Cyb|PolInd,0.1608,1.059,0.0483,0.2649,1,fechamento_trivial,0,obra
W1566478880|W2095561982|W4205188686,Cyb|PolInd,0.1608,1.059,0.0529,0.3349,0,ruido_quimera,0,obra
W2025177555|W2095561982|W52678905,Cyb|PolInd,0.1608,1.059,0.0483,0.3839,0,ruido_quimera,0,obra
W2143590178|W3124879925|W4285719527,PolInd|Reg,0.1607,0.562,0.054,0.3087,1,fechamento_trivial,0,obra
W1566478880|W2095561982|W4244612406,Cyb|PolInd,0.1607,1.057,0.0517,0.4286,0,ruido_quimera,0,obra
W1566478880|W2025177555|W2095561982,Cyb|PolInd,0.1606,1.055,0.0586,0.4101,0,ruido_quimera,0,obra
W1492856410|W2095561982|W2123755784,Cyb|PolInd,0.1605,1.053,0.0747,0.2358,1,agenda_pesquisa,0,obra
W2095561982|W2123755784|W2154683088,Cyb|PolInd,0.1604,1.049,0.1057,0.331,0,ruido_quimera,0,obra
W1492856410|W1566478880|W2095561982,Cyb|PolInd,0.1604,1.048,0.0943,0.3588,0,ruido_quimera,0,obra
W1566478880|W2095561982|W2154683088,Cyb|PolInd,0.1603,1.045,0.0736,0.5361,0,ruido_quimera,0,obra
W2095561982|W2111030512|W52678905,Cyb|PolInd,0.1602,1.042,0.069,0.2625,1,agenda_pesquisa,0,obra
W2095561982|W2111030512|W2123755784,Cyb|PolInd,0.1602,1.042,0.0747,0.1978,0,ruido_quimera,0,obra
W2095561982|W2123755784|W52678905,Cyb|PolInd,0.1601,1.041,0.0102,0.2759,1,fechamento_trivial,0,obra
W1566478880|W2095561982|W2111030512,Cyb|PolInd,0.16,1.038,0.1046,0.2658,1,agenda_pesquisa,0,obra
W1601629960|W2005144066|W4285719527,Cyb|PolInd,0.16,-0.346,0.0713,0.1281,0,ruido_quimera,0,obra
W1566478880|W2095561982|W52678905,Cyb|PolInd,0.16,1.037,0.0103,0.3771,0,ruido_quimera,0,obra
W2007287880|W2126563689|W4285719527,Cyb|PolInd,0.1596,-0.346,0.0529,0.1564,0,ruido_quimera,0,obra
W2048086870|W2095561982|W2111030512,Cyb|PolInd,0.1595,1.023,0.0575,0.2583,1,fechamento_trivial,0,obra
W1601629960|W2007287880|W4285719527,Cyb|PolInd,0.1573,-0.347,0.0701,0.1224,0,ruido_quimera,0,obra
W1601629960|W2143590178|W4285719527,Cyb|PolInd|Reg,0.1552,0.062,0.017,0.367,0,ruido_quimera,0,obra
W2062663664|W4206762723|W4285719527,Cyb|PolInd|Reg,0.1548,-0.337,0.0517,0.0,0,ruido_quimera,0,obra
W1492856410|W1993023795|W90769783,Cyb|PolInd,0.1545,0.973,0.0494,0.3389,0,ruido_quimera,0,obra
W1492856410|W1970428482|W1993023795,Cyb|PolInd,0.1544,0.886,0.054,0.3522,0,ruido_quimera,0,obra
W1993023795|W2111030512|W4244612406,Cyb|PolInd,0.1538,0.872,0.0609,0.2619,1,agenda_pesquisa,0,obra
W1993023795|W2025177555|W2111030512,Cyb|PolInd,0.1538,0.872,0.0483,0.2192,1,fechamento_trivial,0,obra
W1993023795|W4244612406|W52678905,Cyb|PolInd,0.1538,0.872,0.0137,0.4597,0,ruido_quimera,0,obra
W1993023795|W2025177555|W52678905,Cyb|PolInd,0.1538,0.871,0.0102,0.3389,0,ruido_quimera,0,obra
W1993023795|W2111030512|W52678905,Cyb|PolInd,0.1536,0.865,0.069,0.2161,1,agenda_pesquisa,0,obra
W1993023795|W2048086870|W2111030512,Cyb|PolInd,0.1536,0.865,0.0563,0.2612,1,fechamento_trivial,0,obra
W1993023795|W2111030512|W2154683088,Cyb|PolInd,0.1536,0.865,0.0494,0.2506,1,fechamento_trivial,0,obra
W1492856410|W1993023795|W2111030512,Cyb|PolInd,0.1533,0.858,0.0529,0.2438,1,fechamento_trivial,0,obra
W1993023795|W2111030512|W2123755784,Cyb|PolInd,0.1533,0.858,0.0759,0.2011,0,ruido_quimera,0,obra
W1566478880|W1993023795|W2111030512,Cyb|PolInd,0.1532,0.856,0.1057,0.2492,1,agenda_pesquisa,0,obra
W2062663664|W2126563689|W4285719527,Cyb|PolInd|Reg,0.1528,-0.008,0.054,0.0249,0,ruido_quimera,0,obra
W1520641906|W1601629960|W2062663664,Cyb|Reg,0.1523,0.191,0.077,0.1695,0,ruido_quimera,0,obra
W1492856410|W2005144066|W4285719527,Cyb|PolInd,0.1512,-0.35,0.0552,0.1979,0,ruido_quimera,0,obra
W2005144066|W2154683088|W4285719527,Cyb|PolInd,0.1511,-0.35,0.0575,0.2451,1,fechamento_trivial,0,obra
W1601629960|W2062663664|W4206762723,Cyb|Reg,0.1509,0.332,0.0713,0.0378,0,ruido_quimera,0,obra
W2062663664|W2111030512|W2325487953,Cyb|Reg,0.1507,0.138,0.0102,0.3959,0,ruido_quimera,0,obra
W2005144066|W2111030512|W4285719527,Cyb|PolInd,0.1505,-0.35,0.0609,0.0601,0,ruido_quimera,0,obra
W1566478880|W2005144066|W4285719527,Cyb|PolInd,0.1504,-0.35,0.0805,0.3107,1,agenda_pesquisa,0,obra
W1601629960|W2062663664|W2126563689,Cyb|Reg,0.1499,0.219,0.0816,0.198,0,ruido_quimera,0,obra
W1492856410|W2007287880|W4285719527,Cyb|PolInd,0.1492,-0.35,0.054,0.162,0,ruido_quimera,0,obra
W2007287880|W2154683088|W4285719527,Cyb|PolInd,0.1491,-0.351,0.0563,0.1659,0,ruido_quimera,0,obra
W2007287880|W2123755784|W4285719527,Cyb|PolInd,0.1487,-0.351,0.0598,0.2445,1,agenda_pesquisa,0,obra
W1566478880|W2007287880|W4285719527,Cyb|PolInd,0.1485,-0.351,0.0793,0.1951,0,ruido_quimera,0,obra
W2007287880|W2048086870|W4285719527,Cyb|PolInd,0.1485,-0.351,0.0563,0.1527,0,ruido_quimera,0,obra
W2007287880|W2111030512|W4285719527,Cyb|PolInd,0.1482,-0.351,0.0153,0.1759,0,ruido_quimera,0,obra
W1535803599|W2111030512|W2325487953,Cyb|PolInd,0.1478,0.374,0.0494,0.3204,0,ruido_quimera,0,obra
W1492856410|W1561018600|W4285719527,Cyb|PolInd|Reg,0.1477,-0.155,0.054,0.2529,1,fechamento_trivial,0,obra
W1561018600|W2154683088|W4285719527,Cyb|PolInd|Reg,0.1476,-0.158,0.0563,0.2095,0,ruido_quimera,0,obra
W1598833883|W4206762723|W4285719527,Cyb|PolInd,0.1475,-0.335,0.0494,0.0,0,ruido_quimera,0,obra
W2062663664|W2111030512|W4244612406,Cyb|Reg,0.1473,0.14,0.0598,0.2612,1,agenda_pesquisa,0,obra
W1561018600|W2123755784|W4285719527,Cyb|PolInd|Reg,0.1473,-0.166,0.0598,0.055,0,ruido_quimera,0,obra
W1561018600|W2048086870|W4285719527,Cyb|PolInd|Reg,0.1472,-0.169,0.0563,0.14,0,ruido_quimera,0,obra
W1561018600|W2111030512|W4285719527,Cyb|PolInd|Reg,0.147,-0.176,0.0598,0.1297,0,ruido_quimera,0,obra
W1492856410|W2062663664|W2154683088,Cyb|Reg,0.1469,0.13,0.0805,0.2501,1,agenda_pesquisa,0,obra
W2025177555|W2062663664|W2111030512,Cyb|Reg,0.1469,0.13,0.0483,0.2329,1,fechamento_trivial,0,obra
W1561018600|W1566478880|W4285719527,Cyb|PolInd|Reg,0.1469,-0.177,0.0793,0.1719,0,ruido_quimera,0,obra
W2107431528|W4206762723|W4285719527,Cyb|PolInd|Reg,0.1468,-0.584,0.0483,0.0,0,ruido_quimera,0,obra
W2062663664|W2123755784|W2154683088,Cyb|Reg,0.1467,0.122,0.1057,0.2055,0,ruido_quimera,0,obra
W1492856410|W4285719527|W4388120068,Cyb|PolInd|Reg,0.1467,-0.185,0.0529,0.1635,0,ruido_quimera,0,obra
W2154683088|W4285719527|W4388120068,Cyb|PolInd|Reg,0.1466,-0.187,0.0552,0.2347,1,fechamento_trivial,0,obra
W2062663664|W2111030512|W52678905,Cyb|Reg,0.1466,0.121,0.069,0.1929,0,ruido_quimera,0,obra
W1492856410|W2062663664|W2111030512,Cyb|Reg,0.1466,0.12,0.0506,0.2031,0,ruido_quimera,0,obra
W1566478880|W2062663664|W2154683088,Cyb|Reg,0.1465,0.117,0.0736,0.3948,0,ruido_quimera,0,obra
W2062663664|W2111030512|W2154683088,Cyb|Reg,0.1463,0.112,0.0102,0.2221,1,fechamento_trivial,0,obra
W2062663664|W2111030512|W2123755784,Cyb|Reg,0.1463,0.112,0.0747,0.1612,0,ruido_quimera,0,obra
W2123755784|W4285719527|W4388120068,Cyb|PolInd|Reg,0.1463,-0.196,0.0586,0.0457,0,ruido_quimera,0,obra
W1561018600|W3124879925|W4285719527,PolInd|Reg,0.1462,0.104,0.0563,0.2309,1,fechamento_trivial,0,obra
W1566478880|W2062663664|W2111030512,Cyb|Reg,0.1462,0.107,0.1046,0.2133,0,ruido_quimera,0,obra
W2048086870|W4285719527|W4388120068,Cyb|PolInd|Reg,0.1462,-0.198,0.0552,0.208,0,ruido_quimera,0,obra
W1601629960|W172274565|W4206762723,Cyb|PolInd,0.1461,0.746,0.0103,0.3076,1,fechamento_trivial,0,obra
W2111030512|W4285719527|W4388120068,Cyb|PolInd|Reg,0.146,-0.206,0.0586,0.0624,0,ruido_quimera,0,obra
W1566478880|W4285719527|W4388120068,Cyb|PolInd|Reg,0.1459,-0.206,0.0782,0.2741,1,agenda_pesquisa,0,obra
W1492856410|W2062663664|W4285719527,Cyb|PolInd|Reg,0.1457,-0.214,0.0552,0.0798,0,ruido_quimera,0,obra
W1489741075|W4206762723|W4285719527,Cyb|PolInd,0.1455,-0.335,0.0506,0.0,0,ruido_quimera,0,obra
W2062663664|W2123755784|W4285719527,Cyb|PolInd|Reg,0.1453,-0.226,0.0609,0.0862,0,ruido_quimera,0,obra
W3124879925|W4285719527|W4388120068,PolInd|Reg,0.1453,0.076,0.0552,0.3649,0,ruido_quimera,0,obra
W1598833883|W2126563689|W4285719527,Cyb|PolInd,0.1453,-0.352,0.0517,0.1784,0,ruido_quimera,0,obra
W2048086870|W2062663664|W4285719527,Cyb|PolInd|Reg,0.145,-0.234,0.0163,0.1501,0,ruido_quimera,0,obra
W1566478880|W2062663664|W4285719527,Cyb|PolInd|Reg,0.1449,-0.236,0.0805,0.1717,0,ruido_quimera,0,obra
W2062663664|W2111030512|W4285719527,Cyb|PolInd|Reg,0.1448,-0.24,0.0163,0.2237,1,fechamento_trivial,0,obra
W2107431528|W2126563689|W4285719527,Cyb|PolInd|Reg,0.1446,-0.246,0.0506,0.159,0,ruido_quimera,0,obra
W1520641906|W1601629960|W2107431528,Cyb|Reg,0.1445,-0.076,0.0736,0.4013,0,ruido_quimera,0,obra
W1492856410|W1535803599|W2026948646,Cyb|PolInd,0.1438,0.602,0.0678,0.3502,0,ruido_quimera,0,obra
W1535803599|W1566478880|W4244612406,Cyb|PolInd,0.1435,0.595,0.0517,0.3208,0,ruido_quimera,0,obra
W1535803599|W2111030512|W4244612406,Cyb|PolInd,0.1434,0.591,0.0609,0.2158,1,agenda_pesquisa,0,obra
W1535803599|W1566478880|W4205188686,Cyb|PolInd,0.1433,0.588,0.0529,0.2626,1,fechamento_trivial,0,obra
W1489741075|W2126563689|W4285719527,Cyb|PolInd,0.1433,-0.353,0.0529,0.0287,0,ruido_quimera,0,obra
W1520641906|W1596169349|W1601629960,Cyb|PolInd,0.1432,0.255,0.0736,0.3278,0,ruido_quimera,0,obra
W1535803599|W1566478880|W2025177555,Cyb|PolInd,0.1432,0.585,0.0586,0.3293,0,ruido_quimera,0,obra
W1535803599|W2025177555|W2123755784,Cyb|PolInd,0.1432,0.585,0.0494,0.1758,0,ruido_quimera,0,obra
W1598833883|W1601629960|W4285719527,Cyb|PolInd,0.143,-0.353,0.069,0.1931,0,ruido_quimera,0,obra
W1535803599|W2025177555|W2111030512,Cyb|PolInd,0.143,0.582,0.0494,0.2008,0,ruido_quimera,0,obra
W1535803599|W1566478880|W52678905,Cyb|PolInd,0.1429,0.577,0.1103,0.2635,1,agenda_pesquisa,0,obra
W1492856410|W1535803599|W2154683088,Cyb|PolInd,0.1429,0.577,0.0816,0.2756,1,agenda_pesquisa,0,obra
W1601629960|W2107431528|W4206762723,Cyb|Reg,0.1429,0.076,0.0678,0.267,1,agenda_pesquisa,0,obra
W1535803599|W2123755784|W52678905,Cyb|PolInd,0.1429,0.577,0.0644,0.1539,0,ruido_quimera,0,obra
W1492856410|W1535803599|W1566478880,Cyb|PolInd,0.1428,0.576,0.0943,0.291,1,agenda_pesquisa,0,obra
W1492856410|W1535803599|W2123755784,Cyb|PolInd,0.1428,0.576,0.0759,0.1597,0,ruido_quimera,0,obra
W1535803599|W2111030512|W52678905,Cyb|PolInd,0.1428,0.574,0.0701,0.1529,0,ruido_quimera,0,obra
W1492856410|W1535803599|W2111030512,Cyb|PolInd,0.1427,0.573,0.0517,0.2022,0,ruido_quimera,0,obra
W2062663664|W3124879925|W4285719527,PolInd|Reg,0.1422,-0.021,0.0268,0.0305,0,ruido_quimera,0,obra
W1601629960|W2107431528|W4285719527,Cyb|PolInd|Reg,0.1421,-0.319,0.0103,0.267,1,fechamento_trivial,0,obra
W266848492|W4206762723|W4285719527,Cyb|PolInd,0.1419,-0.337,0.0506,0.0,0,ruido_quimera,0,obra
W1601629960|W2107431528|W2126563689,Cyb|Reg,0.1417,-0.029,0.0782,0.3191,0,ruido_quimera,0,obra
W1596169349|W1601629960|W4206762723,Cyb|PolInd,0.1415,0.625,0.0678,0.3636,0,ruido_quimera,0,obra
W1596169349|W1601629960|W2126563689,Cyb|PolInd,0.1403,0.509,0.0782,0.3911,0,ruido_quimera,0,obra
W2126563689|W266848492|W4285719527,Cyb|PolInd,0.1398,-0.355,0.0529,0.0974,0,ruido_quimera,0,obra
W2002050008|W2111030512|W2325487953,Cyb|PolInd,0.1393,0.154,0.0483,0.3123,1,fechamento_trivial,0,obra
W1492856410|W2107431528|W4285719527,Cyb|PolInd|Reg,0.139,-0.407,0.0517,0.1109,0,ruido_quimera,0,obra
W2107431528|W2154683088|W4285719527,Cyb|PolInd|Reg,0.1388,-0.413,0.054,0.239,1,fechamento_trivial,0,obra
W2107431528|W2123755784|W4285719527,Cyb|PolInd|Reg,0.1385,-0.422,0.0575,0.1146,0,ruido_quimera,0,obra
W1990513740|W4206762723|W4285719527,Cyb|PolInd,0.1385,-0.339,0.0136,0.0,0,ruido_quimera,0,obra
W2039191423|W4206762723|W4285719527,Cyb|PolInd,0.1384,-0.339,0.0494,0.0,0,ruido_quimera,0,obra
W2048086870|W2107431528|W4285719527,Cyb|PolInd|Reg,0.1383,-0.429,0.054,0.2481,1,fechamento_trivial,0,obra
W2107431528|W2111030512|W4285719527,Cyb|PolInd|Reg,0.1382,-0.432,0.0575,0.1286,0,ruido_quimera,0,obra
W1566478880|W2107431528|W4285719527,Cyb|PolInd|Reg,0.1381,-0.433,0.077,0.2806,1,agenda_pesquisa,0,obra
W1601629960|W266848492|W4285719527,Cyb|PolInd,0.1375,-0.356,0.0701,0.2593,1,agenda_pesquisa,0,obra
W2107431528|W2120106358|W3124879925,PolInd|Reg,0.1368,-0.191,0.054,0.2835,1,fechamento_trivial,0,obra
W1990513740|W2126563689|W4285719527,Cyb|PolInd,0.1365,-0.356,0.0136,0.25,1,fechamento_trivial,0,obra
W2039191423|W2126563689|W4285719527,Cyb|PolInd,0.1364,-0.356,0.0517,0.3552,0,ruido_quimera,0,obra
W2025177555|W2108767715|W52678905,Cyb|PolInd,0.1357,0.385,0.0483,0.2865,1,fechamento_trivial,0,obra
W2108767715|W2111030512|W4244612406,Cyb|PolInd,0.1357,0.383,0.0598,0.2068,0,ruido_quimera,0,obra
W2108767715|W4244612406|W52678905,Cyb|PolInd,0.1356,0.382,0.0103,0.3846,0,ruido_quimera,0,obra
W1566478880|W2108767715|W4244612406,Cyb|PolInd,0.1355,0.379,0.0517,0.3644,0,ruido_quimera,0,obra
W1489741075|W1492856410|W4285719527,Cyb|PolInd,0.1354,-0.357,0.054,0.1698,0,ruido_quimera,0,obra
W1550684686|W1566478880|W4244612406,Cyb|Reg,0.1354,-0.22,0.0517,0.3499,0,ruido_quimera,0,obra
W1550684686|W1566478880|W4205188686,Cyb|Reg,0.1353,-0.222,0.0529,0.2615,1,fechamento_trivial,0,obra
W2108767715|W2123755784|W52678905,Cyb|PolInd,0.1352,0.371,0.0632,0.1962,0,ruido_quimera,0,obra
W1550684686|W1566478880|W2025177555,Cyb|Reg,0.1352,-0.224,0.0586,0.3283,0,ruido_quimera,0,obra
W1489741075|W2154683088|W4285719527,Cyb|PolInd,0.1352,-0.357,0.0563,0.3977,0,ruido_quimera,0,obra
W2108767715|W2111030512|W52678905,Cyb|PolInd,0.1351,0.369,0.069,0.1347,0,ruido_quimera,0,obra
W1566478880|W2108767715|W52678905,Cyb|PolInd,0.135,0.365,0.1103,0.2979,1,agenda_pesquisa,0,obra
W1601629960|W1990513740|W4285719527,Cyb|PolInd,0.135,-0.357,0.069,0.254,1,agenda_pesquisa,0,obra
W2002050008|W2111030512|W4244612406,Cyb|PolInd,0.135,0.364,0.0598,0.2267,1,agenda_pesquisa,0,obra
W1566478880|W2002050008|W4244612406,Cyb|PolInd,0.135,0.365,0.0517,0.3631,0,ruido_quimera,0,obra
W1489741075|W2123755784|W4285719527,Cyb|PolInd,0.1349,-0.357,0.0598,0.2596,1,agenda_pesquisa,0,obra
W1566478880|W2002050008|W4205188686,Cyb|PolInd,0.1349,0.362,0.0529,0.2773,1,fechamento_trivial,0,obra
W1550684686|W1566478880|W52678905,Cyb|Reg,0.1349,-0.234,0.1103,0.319,0,ruido_quimera,0,obra
W1492856410|W1550684686|W1566478880,Cyb|Reg,0.1348,-0.237,0.0943,0.2959,1,agenda_pesquisa,0,obra
W2048086870|W2108767715|W2111030512,Cyb|PolInd,0.1348,0.361,0.0563,0.1904,0,ruido_quimera,0,obra
W2002050008|W2025177555|W2123755784,Cyb|PolInd,0.1348,0.36,0.0483,0.2022,0,ruido_quimera,0,obra
W1550684686|W1566478880|W2154683088,Cyb|Reg,0.1347,-0.24,0.0736,0.4541,0,ruido_quimera,0,obra
W1566478880|W2002050008|W2025177555,Cyb|PolInd,0.1347,0.356,0.0586,0.3541,0,ruido_quimera,0,obra
W1489741075|W2048086870|W4285719527,Cyb|PolInd,0.1347,-0.357,0.0563,0.3897,0,ruido_quimera,0,obra
W1550684686|W1566478880|W2123755784,Cyb|Reg,0.1346,-0.244,0.1494,0.2938,1,agenda_pesquisa,0,obra
W1489741075|W1566478880|W4285719527,Cyb|PolInd,0.1346,-0.357,0.0793,0.4303,0,ruido_quimera,0,obra
W1492856410|W2002050008|W2123755784,Cyb|PolInd,0.1346,0.354,0.0747,0.169,0,ruido_quimera,0,obra
W1489741075|W2111030512|W4285719527,Cyb|PolInd,0.1346,-0.357,0.0598,0.1788,0,ruido_quimera,0,obra
W2002050008|W2025177555|W2111030512,Cyb|PolInd,0.1346,0.355,0.0483,0.1942,0,ruido_quimera,0,obra
W2002050008|W2123755784|W52678905,Cyb|PolInd,0.1345,0.352,0.0632,0.2081,0,ruido_quimera,0,obra
W1977825494|W4206762723|W4285719527,Cyb|PolInd|Reg,0.1345,-0.964,0.0483,0.0,0,ruido_quimera,0,obra
W2002050008|W2123755784|W2154683088,Cyb|PolInd,0.1344,0.35,0.1057,0.2768,1,agenda_pesquisa,0,obra
W1492856410|W1566478880|W2002050008,Cyb|PolInd,0.1344,0.35,0.0943,0.2987,1,agenda_pesquisa,0,obra
W1550684686|W1566478880|W2111030512,Cyb|Reg,0.1344,-0.25,0.1046,0.211,0,ruido_quimera,0,obra
W1492856410|W2002050008|W2111030512,Cyb|PolInd,0.1344,0.349,0.0506,0.1785,0,ruido_quimera,0,obra
W1566478880|W2002050008|W52678905,Cyb|PolInd,0.1343,0.347,0.1103,0.3161,1,agenda_pesquisa,0,obra
W1566478880|W2002050008|W2154683088,Cyb|PolInd,0.1343,0.345,0.0736,0.4886,0,ruido_quimera,0,obra
W2002050008|W2111030512|W52678905,Cyb|PolInd,0.1343,0.346,0.069,0.1741,0,ruido_quimera,0,obra
W2002050008|W2111030512|W2154683088,Cyb|PolInd,0.1342,0.344,0.0494,0.2098,0,ruido_quimera,0,obra
W1566478880|W2002050008|W2123755784,Cyb|PolInd,0.134,0.339,0.0103,0.3505,0,ruido_quimera,0,obra
W2002050008|W2111030512|W2123755784,Cyb|PolInd,0.134,0.338,0.0103,0.1585,0,ruido_quimera,0,obra
W1492856410|W1598833883|W4285719527,Cyb|PolInd,0.1337,-0.357,0.0529,0.1274,0,ruido_quimera,0,obra
W1598833883|W2154683088|W4285719527,Cyb|PolInd,0.1336,-0.357,0.0552,0.2277,1,fechamento_trivial,0,obra
W2002050008|W2048086870|W2111030512,Cyb|PolInd,0.1336,0.328,0.0102,0.2267,1,fechamento_trivial,0,obra
W1598833883|W2048086870|W4285719527,Cyb|PolInd,0.1333,-0.358,0.0552,0.2108,0,ruido_quimera,0,obra
W1513281941|W1520641906|W1601629960,Cyb|Reg,0.133,-0.472,0.0736,0.287,1,agenda_pesquisa,0,obra
W1598833883|W2111030512|W4285719527,Cyb|PolInd,0.133,-0.358,0.0586,0.3117,1,fechamento_trivial,0,obra
W1513281941|W4206762723|W4285719527,Cyb|PolInd|Reg,0.133,-1.01,0.0483,0.0,0,ruido_quimera,0,obra
W1981733426|W2048086870|W4285719527,Cyb|PolInd,0.1327,-0.358,0.054,0.1644,0,ruido_quimera,0,obra
W1492856410|W1550684686|W4285719527,Cyb|PolInd|Reg,0.1322,-0.605,0.0563,0.2216,1,fechamento_trivial,0,obra
W1977825494|W2126563689|W4285719527,Cyb|PolInd|Reg,0.1322,-0.607,0.0517,0.1678,0,ruido_quimera,0,obra
W1550684686|W2154683088|W4285719527,Cyb|PolInd|Reg,0.1321,-0.608,0.0586,0.2647,1,fechamento_trivial,0,obra
W1550684686|W2123755784|W4285719527,Cyb|PolInd|Reg,0.1318,-0.617,0.0621,0.1318,0,ruido_quimera,0,obra
W1550684686|W2048086870|W4285719527,Cyb|PolInd|Reg,0.1318,-0.618,0.0586,0.2058,0,ruido_quimera,0,obra
W1492856410|W347706241|W4285719527,Cyb|PolInd|Reg,0.1316,-0.623,0.0563,0.1887,0,ruido_quimera,0,obra
W2154683088|W347706241|W4285719527,Cyb|PolInd|Reg,0.1315,-0.626,0.0586,0.2603,1,fechamento_trivial,0,obra
W1550684686|W2111030512|W4285719527,Cyb|PolInd|Reg,0.1315,-0.626,0.0621,0.1224,0,ruido_quimera,0,obra
W1601629960|W1977825494|W4206762723,Cyb|Reg,0.1314,-0.293,0.0678,0.2511,1,agenda_pesquisa,0,obra
W1550684686|W1566478880|W4285719527,Cyb|PolInd|Reg,0.1314,-0.63,0.017,0.266,1,fechamento_trivial,0,obra
W2123755784|W347706241|W4285719527,Cyb|PolInd|Reg,0.1312,-0.634,0.0621,0.0806,0,ruido_quimera,0,obra
W2048086870|W347706241|W4285719527,Cyb|PolInd|Reg,0.1312,-0.636,0.0586,0.1525,0,ruido_quimera,0,obra
W1550684686|W3124879925|W4285719527,PolInd|Reg,0.131,-0.376,0.0586,0.1442,0,ruido_quimera,0,obra
W1566478880|W347706241|W4285719527,Cyb|PolInd|Reg,0.1309,-0.645,0.0816,0.2031,0,ruido_quimera,0,obra
W2111030512|W347706241|W4285719527,Cyb|PolInd|Reg,0.1309,-0.644,0.0621,0.0256,0,ruido_quimera,0,obra
W1513281941|W2126563689|W4285719527,Cyb|PolInd|Reg,0.1309,-0.643,0.0506,0.0606,0,ruido_quimera,0,obra
W1513281941|W1601629960|W4206762723,Cyb|Reg,0.1309,-0.308,0.0103,0.2109,0,ruido_quimera,0,obra
W1601629960|W1977825494|W2126563689,Cyb|Reg,0.1301,-0.38,0.0793,0.3167,1,agenda_pesquisa,0,obra
W3124879925|W347706241|W4285719527,PolInd|Reg,0.13,-0.406,0.0586,0.3064,1,fechamento_trivial,0,obra
W1513281941|W1601629960|W2126563689,Cyb|Reg,0.1299,-0.386,0.0103,0.2676,1,fechamento_trivial,0,obra
W1492856410|W266848492|W4285719527,Cyb|PolInd,0.129,-0.36,0.054,0.1507,0,ruido_quimera,0,obra
W2154683088|W266848492|W4285719527,Cyb|PolInd,0.1288,-0.36,0.0563,0.2297,1,fechamento_trivial,0,obra
W1513281941|W1601629960|W4285719527,Cyb|PolInd|Reg,0.1288,-0.705,0.0678,0.2109,0,ruido_quimera,0,obra
W1520641906|W1601629960|W3125342930,Cyb|Reg,0.1286,-0.624,0.0736,0.4566,0,ruido_quimera,0,obra
W2123755784|W266848492|W4285719527,Cyb|PolInd,0.1285,-0.36,0.0598,0.2309,1,agenda_pesquisa,0,obra
W1495886451|W1520641906|W1601629960,Cyb|PolInd,0.1283,-0.129,0.0736,0.3018,1,agenda_pesquisa,0,obra
W2048086870|W266848492|W4285719527,Cyb|PolInd,0.1283,-0.36,0.0563,0.2806,1,fechamento_trivial,0,obra
W1513281941|W2111030512|W2325487953,Cyb|Reg,0.1283,-0.633,0.0483,0.2795,1,fechamento_trivial,0,obra
W2111030512|W266848492|W4285719527,Cyb|PolInd,0.1283,-0.36,0.0598,0.2061,0,ruido_quimera,0,obra
W1566478880|W266848492|W4285719527,Cyb|PolInd,0.1282,-0.36,0.0793,0.2859,1,agenda_pesquisa,0,obra
W2126563689|W3125342930|W4285719527,Cyb|PolInd|Reg,0.1277,-0.735,0.0506,0.0,0,ruido_quimera,0,obra
W1601629960|W3125342930|W4206762723,Cyb|Reg,0.127,-0.435,0.0678,0.0,0,ruido_quimera,0,obra
W1601629960|W2143943407|W4206762723,Cyb|PolInd,0.1268,0.232,0.0678,0.3666,0,ruido_quimera,0,obra
W1495886451|W1601629960|W4206762723,Cyb|PolInd,0.1266,0.225,0.0678,0.2393,1,agenda_pesquisa,0,obra
W1566478880|W2026948646|W2101946146,Cyb|PolInd,0.1266,0.139,0.0494,0.2761,1,fechamento_trivial,0,obra
W2101946146|W2111030512|W4244612406,Cyb|PolInd,0.1265,0.137,0.0598,0.2162,1,agenda_pesquisa,0,obra
W2025177555|W2101946146|W2123755784,Cyb|PolInd,0.1265,0.135,0.0483,0.283,1,fechamento_trivial,0,obra
W2025177555|W2101946146|W2111030512,Cyb|PolInd,0.1264,0.134,0.0483,0.23,1,fechamento_trivial,0,obra
W2101946146|W4244612406|W52678905,Cyb|PolInd,0.1264,0.134,0.0103,0.3813,0,ruido_quimera,0,obra
W1566478880|W2101946146|W4205188686,Cyb|PolInd,0.1263,0.131,0.0563,0.2887,1,fechamento_trivial,0,obra
W2025177555|W2101946146|W52678905,Cyb|PolInd,0.1263,0.131,0.0102,0.317,0,ruido_quimera,0,obra
W2101946146|W2123755784|W52678905,Cyb|PolInd,0.126,0.123,0.0632,0.2296,1,agenda_pesquisa,0,obra
W2101946146|W2111030512|W52678905,Cyb|PolInd,0.126,0.122,0.069,0.1506,0,ruido_quimera,0,obra
W1492856410|W1566478880|W2101946146,Cyb|PolInd,0.1259,0.122,0.0977,0.3331,0,ruido_quimera,0,obra
W1566478880|W2101946146|W2154683088,Cyb|PolInd,0.1259,0.121,0.077,0.5024,0,ruido_quimera,0,obra
W1601629960|W2126563689|W3125342930,Cyb|Reg,0.1258,-0.51,0.0782,0.5312,0,ruido_quimera,0,obra
W2048086870|W2101946146|W2111030512,Cyb|PolInd,0.1257,0.115,0.0575,0.2222,1,fechamento_trivial,0,obra
W1601629960|W2126563689|W2143943407,Cyb|PolInd,0.1257,0.116,0.0782,0.3984,0,ruido_quimera,0,obra
W1566478880|W2101946146|W2111030512,Cyb|PolInd,0.1256,0.113,0.108,0.2247,1,agenda_pesquisa,0,obra
W1566478880|W2101946146|W2123755784,Cyb|PolInd,0.1256,0.114,0.1529,0.3871,0,ruido_quimera,0,obra
W1566478880|W2101946146|W52678905,Cyb|PolInd,0.1255,0.11,0.0164,0.3166,1,fechamento_trivial,0,obra
W1495886451|W1601629960|W2126563689,Cyb|PolInd,0.1254,0.108,0.0782,0.2843,1,agenda_pesquisa,0,obra
W1601629960|W3125342930|W4285719527,Cyb|PolInd|Reg,0.1252,-0.808,0.0103,0.0,0,ruido_quimera,0,obra
W2039191423|W2048086870|W4285719527,Cyb|PolInd,0.1251,-0.361,0.0552,0.2924,1,fechamento_trivial,0,obra
W1990513740|W2154683088|W4285719527,Cyb|PolInd,0.1251,-0.361,0.0136,0.1995,0,ruido_quimera,0,obra
W1492856410|W1990513740|W4285719527,Cyb|PolInd,0.1251,-0.361,0.0136,0.1999,0,ruido_quimera,0,obra
W1990513740|W2048086870|W4285719527,Cyb|PolInd,0.125,-0.361,0.0136,0.1713,0,ruido_quimera,0,obra
W3121405033|W4206762723|W4285719527,Cyb|PolInd,0.1249,-0.345,0.0506,0.0,0,ruido_quimera,0,obra
W1990513740|W2123755784|W4285719527,Cyb|PolInd,0.1248,-0.361,0.0136,0.1531,0,ruido_quimera,0,obra
W2063282131|W4206762723|W4285719527,Cyb|PolInd,0.1245,-0.345,0.0563,0.0,0,ruido_quimera,0,obra
W2039191423|W2154683088|W4285719527,Cyb|PolInd,0.1244,-0.362,0.0136,0.3866,0,ruido_quimera,0,obra
W1492856410|W2039191423|W4285719527,Cyb|PolInd,0.1244,-0.362,0.0136,0.3375,0,ruido_quimera,0,obra
W2039191423|W2111030512|W4285719527,Cyb|PolInd,0.1242,-0.362,0.0136,0.4064,0,ruido_quimera,0,obra
W1513281941|W2111030512|W4244612406,Cyb|Reg,0.1241,-0.563,0.0598,0.1993,0,ruido_quimera,0,obra
W1513281941|W2025177555|W2111030512,Cyb|Reg,0.1238,-0.57,0.0483,0.1723,0,ruido_quimera,0,obra
W1513281941|W2111030512|W52678905,Cyb|Reg,0.1235,-0.581,0.069,0.1706,0,ruido_quimera,0,obra
W2063282131|W2126563689|W4285719527,Cyb|PolInd,0.1235,-0.349,0.0586,0.1092,0,ruido_quimera,0,obra
W1492856410|W1513281941|W2111030512,Cyb|Reg,0.1235,-0.578,0.0506,0.1546,0,ruido_quimera,0,obra
W1513281941|W2111030512|W2154683088,Cyb|Reg,0.1234,-0.582,0.0494,0.1805,0,ruido_quimera,0,obra
W1513281941|W2111030512|W2123755784,Cyb|Reg,0.1232,-0.587,0.0747,0.1446,0,ruido_quimera,0,obra
W1513281941|W1566478880|W2111030512,Cyb|Reg,0.123,-0.593,0.1046,0.1881,0,ruido_quimera,0,obra
W2126563689|W3121405033|W4285719527,Cyb|PolInd,0.1227,-0.362,0.0529,0.1285,0,ruido_quimera,0,obra
W1601629960|W2063282131|W4285719527,Cyb|PolInd,0.1224,-0.351,0.0759,0.1662,0,ruido_quimera,0,obra
W1513281941|W2048086870|W4285719527,Cyb|PolInd|Reg,0.122,-0.903,0.054,0.2621,1,fechamento_trivial,0,obra
W1513281941|W2111030512|W4285719527,Cyb|PolInd|Reg,0.1219,-0.906,0.0575,0.0606,0,ruido_quimera,0,obra
W1495886451|W2111030512|W2325487953,Cyb|PolInd,0.1218,-0.296,0.0483,0.3776,0,ruido_quimera,0,obra
W2089402107|W2111030512|W2325487953,Cyb|PolInd,0.1214,-0.306,0.0506,0.3037,1,fechamento_trivial,0,obra
W1492856410|W3125342930|W4285719527,Cyb|PolInd|Reg,0.121,-0.93,0.0517,0.0,0,ruido_quimera,0,obra
W2154683088|W3125342930|W4285719527,Cyb|PolInd|Reg,0.1209,-0.935,0.054,0.0,0,ruido_quimera,0,obra
W1513281941|W2120106358|W3124879925,PolInd|Reg,0.1206,-0.705,0.054,0.3168,0,ruido_quimera,0,obra
W2123755784|W3125342930|W4285719527,Cyb|PolInd|Reg,0.1205,-0.944,0.0575,0.0,0,ruido_quimera,0,obra
W1601629960|W3121405033|W4285719527,Cyb|PolInd,0.1204,-0.363,0.0701,0.2292,1,agenda_pesquisa,0,obra
W2048086870|W3125342930|W4285719527,Cyb|PolInd|Reg,0.1203,-0.951,0.054,0.0,0,ruido_quimera,0,obra
W1566478880|W3125342930|W4285719527,Cyb|PolInd|Reg,0.1202,-0.955,0.077,0.0,0,ruido_quimera,0,obra
W2111030512|W3125342930|W4285719527,Cyb|PolInd|Reg,0.1202,-0.954,0.0575,0.0,0,ruido_quimera,0,obra
W1495882109|W4206762723|W4285719527,Cyb|PolInd,0.1194,1.986,0.0494,0.0,0,ruido_quimera,0,obra
W2063282131|W2154683088|W4285719527,Cyb|PolInd,0.1188,-0.355,0.0621,0.3559,0,ruido_quimera,0,obra
W1492856410|W2063282131|W4285719527,Cyb|PolInd,0.1188,-0.355,0.0598,0.3694,0,ruido_quimera,0,obra
W2048086870|W2063282131|W4285719527,Cyb|PolInd,0.1187,-0.355,0.0621,0.2656,1,agenda_pesquisa,0,obra
W2063282131|W2123755784|W4285719527,Cyb|PolInd,0.1186,-0.355,0.0655,0.1492,0,ruido_quimera,0,obra
W1566478880|W2063282131|W4285719527,Cyb|PolInd,0.1185,-0.355,0.0851,0.2853,1,agenda_pesquisa,0,obra
W2063282131|W2111030512|W4285719527,Cyb|PolInd,0.1185,-0.355,0.0599,0.3009,1,agenda_pesquisa,0,obra
W2048086870|W2111030512|W2143943407,Cyb|PolInd,0.1185,-0.079,0.0563,0.1973,0,ruido_quimera,0,obra
W1513281941|W3124879925|W4285719527,PolInd|Reg,0.1182,-0.781,0.0552,0.3415,0,ruido_quimera,0,obra
W2120106358|W3124879925|W3125342930,PolInd|Reg,0.1179,-0.788,0.0529,0.2682,1,fechamento_trivial,0,obra
W1495886451|W2111030512|W4244612406,Cyb|PolInd,0.1174,-0.109,0.0598,0.2995,1,agenda_pesquisa,0,obra
W1495886451|W2025177555|W52678905,Cyb|PolInd,0.1174,-0.108,0.0483,0.3164,1,fechamento_trivial,0,obra
W1495886451|W1566478880|W4244612406,Cyb|PolInd,0.1174,-0.109,0.0517,0.3592,0,ruido_quimera,0,obra
W1495886451|W1566478880|W4205188686,Cyb|PolInd,0.1173,-0.111,0.0529,0.2797,1,fechamento_trivial,0,obra
W1495882109|W2126563689|W4285719527,Cyb|PolInd,0.1172,2.352,0.0517,0.0914,0,ruido_quimera,0,obra
W1492856410|W1495886451|W2154683088,Cyb|PolInd,0.1171,-0.116,0.0805,0.3038,1,agenda_pesquisa,0,obra
W2082503759|W4244612406|W52678905,Cyb|PolInd,0.1171,-0.115,0.0782,0.358,0,ruido_quimera,0,obra
W1492856410|W1495886451|W2123755784,Cyb|PolInd,0.117,-0.119,0.0747,0.2073,0,ruido_quimera,0,obra
W1495886451|W2123755784|W52678905,Cyb|PolInd,0.1169,-0.121,0.0632,0.2573,1,agenda_pesquisa,0,obra
W1492856410|W1495886451|W1566478880,Cyb|PolInd,0.1168,-0.124,0.0943,0.2797,1,agenda_pesquisa,0,obra
W1492856410|W1495886451|W2111030512,Cyb|PolInd,0.1168,-0.124,0.0506,0.2362,1,fechamento_trivial,0,obra
W2025177555|W2082503759|W52678905,Cyb|PolInd,0.1168,-0.124,0.0483,0.2947,1,fechamento_trivial,0,obra
W1566478880|W2082503759|W4244612406,Cyb|PolInd,0.1168,-0.123,0.0517,0.3241,0,ruido_quimera,0,obra
W1520641906|W1550684686|W2126563689,Cyb|Reg,0.1168,-1.031,0.0266,0.3597,0,ruido_quimera,0,obra
W1495886451|W1566478880|W52678905,Cyb|PolInd,0.1167,-0.126,0.1103,0.3079,1,agenda_pesquisa,0,obra
W1495886451|W2111030512|W52678905,Cyb|PolInd,0.1167,-0.126,0.069,0.2427,1,agenda_pesquisa,0,obra
W1566478880|W2082503759|W4205188686,Cyb|PolInd,0.1166,-0.129,0.0529,0.2663,1,fechamento_trivial,0,obra
W2025177555|W2082503759|W2123755784,Cyb|PolInd,0.1166,-0.129,0.0483,0.2214,1,fechamento_trivial,0,obra
W1492856410|W2089402107|W4205188686,Cyb|PolInd,0.1165,-0.133,0.0885,0.3517,0,ruido_quimera,0,obra
W1566478880|W2025177555|W2082503759,Cyb|PolInd,0.1165,-0.133,0.0586,0.3624,0,ruido_quimera,0,obra
W1566478880|W2089402107|W233775549,Cyb|PolInd,0.1165,-0.044,0.0483,0.324,0,ruido_quimera,0,obra
W2023509749|W4206762723|W4285719527,Cyb|PolInd,0.1165,1.849,0.0483,0.0,0,ruido_quimera,0,obra
W1566478880|W2026948646|W2089402107,Cyb|PolInd,0.1164,-0.136,0.0494,0.3012,1,fechamento_trivial,0,obra
W1492856410|W2082503759|W2154683088,Cyb|PolInd,0.1164,-0.135,0.0805,0.3285,0,ruido_quimera,0,obra
W1492856410|W2089402107|W2154683088,Cyb|PolInd,0.1164,-0.134,0.0805,0.3616,0,ruido_quimera,0,obra
W1495886451|W2048086870|W2111030512,Cyb|PolInd,0.1163,-0.136,0.0563,0.2856,1,fechamento_trivial,0,obra
W1492856410|W2082503759|W2123755784,Cyb|PolInd,0.1163,-0.138,0.0747,0.2013,0,ruido_quimera,0,obra
W1492856410|W1566478880|W2082503759,Cyb|PolInd,0.1162,-0.141,0.0943,0.3201,0,ruido_quimera,0,obra
W1492856410|W2089402107|W2123755784,Cyb|PolInd,0.1161,-0.142,0.0747,0.2362,1,agenda_pesquisa,0,obra
W2082503759|W2111030512|W52678905,Cyb|PolInd,0.1161,-0.143,0.069,0.2165,1,agenda_pesquisa,0,obra
W2082503759|W2111030512|W2154683088,Cyb|PolInd,0.116,-0.145,0.0494,0.2457,1,fechamento_trivial,0,obra
W2082503759|W2123755784|W2154683088,Cyb|PolInd,0.116,-0.144,0.0103,0.2624,1,fechamento_trivial,0,obra
W1492856410|W2089402107|W2111030512,Cyb|PolInd,0.116,-0.146,0.0529,0.2133,0,ruido_quimera,0,obra
W2082503759|W2111030512|W2123755784,Cyb|PolInd,0.1159,-0.148,0.0747,0.1976,0,ruido_quimera,0,obra
W1566478880|W2082503759|W2154683088,Cyb|PolInd,0.1159,-0.148,0.0103,0.4633,0,ruido_quimera,0,obra
W1566478880|W2082503759|W2111030512,Cyb|PolInd,0.1158,-0.152,0.1046,0.2614,1,agenda_pesquisa,0,obra
W1566478880|W2089402107|W4205188686,Cyb|PolInd,0.1158,-0.152,0.0268,0.3079,1,fechamento_trivial,0,obra
W2048086870|W2089402107|W2111030512,Cyb|PolInd,0.1158,-0.151,0.0153,0.2436,1,fechamento_trivial,0,obra
W1492856410|W1566478880|W2089402107,Cyb|PolInd,0.1158,-0.151,0.0977,0.3606,0,ruido_quimera,0,obra
W2048086870|W2082503759|W2111030512,Cyb|PolInd,0.1157,-0.153,0.0563,0.2721,1,fechamento_trivial,0,obra
W2025177555|W2089402107|W4244612406,Cyb|PolInd,0.1155,-0.158,0.0173,0.3987,0,ruido_quimera,0,obra
W2025177555|W2089402107|W52678905,Cyb|PolInd,0.1155,-0.159,0.0169,0.3336,0,ruido_quimera,0,obra
W2089402107|W2123755784|W52678905,Cyb|PolInd,0.1152,-0.168,0.017,0.235,1,fechamento_trivial,0,obra
W1492856410|W2025579080|W4285719527,Cyb|PolInd,0.1152,-0.366,0.0517,0.392,0,ruido_quimera,0,obra
W1550684686|W1601629960|W4206762723,Cyb|Reg,0.1152,-0.812,0.0443,0.3592,0,ruido_quimera,0,obra
W1495882109|W1601629960|W4285719527,Cyb|PolInd,0.1149,2.237,0.069,0.1547,0,ruido_quimera,0,obra
W2025579080|W2048086870|W4285719527,Cyb|PolInd,0.1149,-0.366,0.054,0.346,0,ruido_quimera,0,obra
W2025579080|W2123755784|W4285719527,Cyb|PolInd,0.1148,-0.366,0.0575,0.3627,0,ruido_quimera,0,obra
W1566478880|W2025579080|W4285719527,Cyb|PolInd,0.1146,-0.366,0.077,0.3866,0,ruido_quimera,0,obra
W1550684686|W1601629960|W2126563689,Cyb|Reg,0.1144,-0.854,0.0445,0.4167,0,ruido_quimera,0,obra
W2023509749|W2126563689|W4285719527,Cyb|PolInd,0.1143,2.206,0.0506,0.1908,0,ruido_quimera,0,obra
W1515810707|W2048894562|W3130930004,Cyb|PolInd,0.1137,-0.364,0.1299,0.5768,0,ruido_quimera,0,obra
W1492856410|W3121405033|W4285719527,Cyb|PolInd,0.1128,-0.367,0.054,0.185,0,ruido_quimera,0,obra
W2154683088|W3121405033|W4285719527,Cyb|PolInd,0.1127,-0.367,0.0563,0.2386,1,fechamento_trivial,0,obra
W2123755784|W3121405033|W4285719527,Cyb|PolInd,0.1124,-0.367,0.0598,0.1291,0,ruido_quimera,0,obra
W2048086870|W3121405033|W4285719527,Cyb|PolInd,0.1121,-0.367,0.0563,0.2226,1,fechamento_trivial,0,obra
W1566478880|W3121405033|W4285719527,Cyb|PolInd,0.112,-0.367,0.0793,0.2776,1,agenda_pesquisa,0,obra
W1601629960|W2023509749|W4285719527,Cyb|PolInd,0.1119,2.089,0.0678,0.2447,1,agenda_pesquisa,0,obra
W2111030512|W3121405033|W4285719527,Cyb|PolInd,0.1118,-0.367,0.0153,0.1305,0,ruido_quimera,0,obra
W1520641906|W1601629960|W1973459906,Cyb|PolInd,0.1101,-0.598,0.0747,0.2487,1,agenda_pesquisa,0,obra
W1515810707|W3124879925|W4285719527,Cyb|PolInd,0.1075,-0.368,0.0563,0.1783,0,ruido_quimera,0,obra
W1502659095|W4206762723|W4285719527,Cyb|PolInd,0.1073,1.416,0.0483,0.0,0,ruido_quimera,0,obra
W1492856410|W1495882109|W4285719527,Cyb|PolInd,0.1066,1.822,0.0529,0.2552,1,fechamento_trivial,0,obra
W1495882109|W2154683088|W4285719527,Cyb|PolInd,0.1064,1.813,0.0552,0.3723,0,ruido_quimera,0,obra
W1495882109|W2123755784|W4285719527,Cyb|PolInd,0.1061,1.797,0.0586,0.2947,1,fechamento_trivial,0,obra
W1495882109|W2048086870|W4285719527,Cyb|PolInd,0.106,1.791,0.0552,0.4365,0,ruido_quimera,0,obra
W1495882109|W2111030512|W4285719527,Cyb|PolInd,0.1058,1.781,0.0586,0.1336,0,ruido_quimera,0,obra
W1495882109|W1566478880|W4285719527,Cyb|PolInd,0.1057,1.78,0.0782,0.4369,0,ruido_quimera,0,obra
W158727920|W3124879925|W4285719527,Cyb|PolInd,0.1053,-0.369,0.0163,0.1091,0,ruido_quimera,0,obra
W1502659095|W2126563689|W4285719527,Cyb|PolInd,0.1051,1.747,0.0506,0.1043,0,ruido_quimera,0,obra
W1492856410|W2023509749|W4285719527,Cyb|PolInd,0.1041,1.7,0.0517,0.1524,0,ruido_quimera,0,obra
W2023509749|W2154683088|W4285719527,Cyb|PolInd,0.104,1.692,0.054,0.1952,0,ruido_quimera,0,obra
W2023509749|W2123755784|W4285719527,Cyb|PolInd,0.1037,1.677,0.0575,0.1629,0,ruido_quimera,0,obra
W4206762723|W4230710385|W4285719527,Cyb|PolInd,0.1035,-0.368,0.054,0.0,0,ruido_quimera,0,obra
W2023509749|W2111030512|W4285719527,Cyb|PolInd,0.1034,1.66,0.0575,0.1899,0,ruido_quimera,0,obra
W1566478880|W2023509749|W4285719527,Cyb|PolInd,0.1033,1.659,0.077,0.2596,1,agenda_pesquisa,0,obra
W2023509749|W2048086870|W4285719527,Cyb|PolInd,0.1033,1.659,0.054,0.171,0,ruido_quimera,0,obra
W1502659095|W1601629960|W4285719527,Cyb|PolInd,0.1028,1.631,0.0678,0.2209,1,agenda_pesquisa,0,obra
W2126563689|W4230710385|W4285719527,Cyb|PolInd,0.1024,-0.373,0.0563,0.2831,1,fechamento_trivial,0,obra
W1601629960|W4230710385|W4285719527,Cyb|PolInd,0.1014,-0.375,0.0736,0.1804,0,ruido_quimera,0,obra
W1492856410|W1973459906|W90769783,Cyb|PolInd,0.1003,-0.478,0.0483,0.3143,1,fechamento_trivial,0,obra
W1492856410|W1970428482|W1973459906,Cyb|PolInd,0.1002,-0.572,0.0529,0.3457,0,ruido_quimera,0,obra
W1492856410|W1973459906|W2026948646,Cyb|PolInd,0.0998,-0.582,0.069,0.3951,0,ruido_quimera,0,obra
W1973459906|W2025177555|W52678905,Cyb|PolInd,0.0994,-0.591,0.0483,0.3606,0,ruido_quimera,0,obra
W1566478880|W1973459906|W2026948646,Cyb|PolInd,0.0993,-0.594,0.0483,0.2701,1,fechamento_trivial,0,obra
W1566478880|W1973459906|W4244612406,Cyb|PolInd,0.0993,-0.595,0.054,0.4154,0,ruido_quimera,0,obra
W1973459906|W2025177555|W2111030512,Cyb|PolInd,0.0991,-0.599,0.0483,0.308,1,fechamento_trivial,0,obra
W1973459906|W2025177555|W2123755784,Cyb|PolInd,0.0991,-0.6,0.0102,0.2827,1,fechamento_trivial,0,obra
W1492856410|W1973459906|W2154683088,Cyb|PolInd,0.099,-0.604,0.0816,0.3798,0,ruido_quimera,0,obra
W1973459906|W2123755784|W52678905,Cyb|PolInd,0.0989,-0.605,0.0632,0.2867,1,agenda_pesquisa,0,obra
W1492856410|W1973459906|W2111030512,Cyb|PolInd,0.0988,-0.609,0.0517,0.2856,1,fechamento_trivial,0,obra
W1973459906|W2123755784|W2154683088,Cyb|PolInd,0.0988,-0.608,0.1057,0.354,0,ruido_quimera,0,obra
W1492856410|W1973459906|W2123755784,Cyb|PolInd,0.0987,-0.611,0.0137,0.2427,1,fechamento_trivial,0,obra
W1973459906|W2111030512|W2123755784,Cyb|PolInd,0.0986,-0.613,0.0747,0.2624,1,agenda_pesquisa,0,obra
W1566478880|W1973459906|W52678905,Cyb|PolInd,0.0986,-0.612,0.1126,0.3596,0,ruido_quimera,0,obra
W1566478880|W1973459906|W2154683088,Cyb|PolInd,0.0986,-0.615,0.0759,0.5307,0,ruido_quimera,0,obra
W2118243939|W4206762723|W4285719527,Cyb|PolInd,0.0985,1.002,0.0506,0.0,0,ruido_quimera,0,obra
W1566478880|W1973459906|W2111030512,Cyb|PolInd,0.0983,-0.62,0.1069,0.302,1,agenda_pesquisa,0,obra
W2154683088|W4230710385|W4285719527,Cyb|PolInd,0.0977,-0.379,0.0598,0.2883,1,agenda_pesquisa,0,obra
W1492856410|W4230710385|W4285719527,Cyb|PolInd,0.0977,-0.379,0.0575,0.2619,1,fechamento_trivial,0,obra
W2048086870|W4230710385|W4285719527,Cyb|PolInd,0.0977,-0.379,0.0598,0.3228,0,ruido_quimera,0,obra
W2123755784|W4230710385|W4285719527,Cyb|PolInd,0.0976,-0.379,0.0632,0.1119,0,ruido_quimera,0,obra
W1566478880|W4230710385|W4285719527,Cyb|PolInd,0.0974,-0.379,0.0828,0.3298,0,ruido_quimera,0,obra
W2111030512|W4230710385|W4285719527,Cyb|PolInd,0.0974,-0.379,0.0301,0.586,0,ruido_quimera,0,obra
W2118243939|W2126563689|W4285719527,Cyb|PolInd,0.0963,1.308,0.0529,0.1391,0,ruido_quimera,0,obra
W1492856410|W1529223067|W4285719527,Cyb|PolInd|Reg,0.0958,-1.664,0.0529,0.279,1,fechamento_trivial,0,obra
W1529223067|W2154683088|W4285719527,Cyb|PolInd|Reg,0.0956,-1.669,0.0552,0.383,0,ruido_quimera,0,obra
W2095561982|W4206762723|W4285719527,Cyb|PolInd,0.0956,0.863,0.0494,0.0,0,ruido_quimera,0,obra
W1529223067|W2123755784|W4285719527,Cyb|PolInd|Reg,0.0954,-1.677,0.0586,0.1261,0,ruido_quimera,0,obra
W1492856410|W1502659095|W4285719527,Cyb|PolInd,0.0954,1.265,0.0517,0.095,0,ruido_quimera,0,obra
W1502659095|W2154683088|W4285719527,Cyb|PolInd,0.0953,1.256,0.054,0.0731,0,ruido_quimera,0,obra
W1529223067|W2048086870|W4285719527,Cyb|PolInd|Reg,0.0951,-1.684,0.0552,0.3307,0,ruido_quimera,0,obra
W1529223067|W1566478880|W4285719527,Cyb|PolInd|Reg,0.095,-1.687,0.0782,0.3916,0,ruido_quimera,0,obra
W1529223067|W2111030512|W4285719527,Cyb|PolInd|Reg,0.095,-1.687,0.0586,0.1931,0,ruido_quimera,0,obra
W1502659095|W2123755784|W4285719527,Cyb|PolInd,0.0949,1.241,0.0575,0.1098,0,ruido_quimera,0,obra
W1502659095|W1566478880|W4285719527,Cyb|PolInd,0.0946,1.223,0.077,0.1763,0,ruido_quimera,0,obra
W1502659095|W2111030512|W4285719527,Cyb|PolInd,0.0946,1.223,0.0575,0.0843,0,ruido_quimera,0,obra
W1502659095|W2048086870|W4285719527,Cyb|PolInd,0.0946,1.225,0.054,0.141,0,ruido_quimera,0,obra
W1529223067|W2120106358|W3124879925,PolInd|Reg,0.0944,-1.53,0.0136,0.2964,1,fechamento_trivial,0,obra
W1601629960|W2118243939|W4285719527,Cyb|PolInd,0.094,1.195,0.0701,0.0645,0,ruido_quimera,0,obra
W1970326724|W4206762723|W4285719527,Cyb|PolInd,0.094,0.787,0.0169,0.0,0,ruido_quimera,0,obra
W1993023795|W4206762723|W4285719527,Cyb|PolInd,0.0936,0.769,0.0483,0.0,0,ruido_quimera,0,obra
W2095561982|W2126563689|W4285719527,Cyb|PolInd,0.0934,1.165,0.0517,0.3268,0,ruido_quimera,0,obra
W1529223067|W1601629960|W4285719527,Cyb|PolInd|Reg,0.0929,-1.748,0.0288,0.4552,0,ruido_quimera,0,obra
W1990360714|W2111030512|W2325487953,Cyb|PolInd,0.0927,-1.045,0.0483,0.3737,0,ruido_quimera,0,obra
W2111030512|W4244612406|W566586761,Cyb|PolInd,0.092,-0.791,0.0598,0.2288,1,agenda_pesquisa,0,obra
W1970326724|W2126563689|W4285719527,Cyb|PolInd,0.0919,1.09,0.0169,0.4066,0,ruido_quimera,0,obra
W2025177555|W2111030512|W566586761,Cyb|PolInd,0.0918,-0.797,0.0483,0.1679,0,ruido_quimera,0,obra
W1492856410|W2111030512|W566586761,Cyb|PolInd,0.0915,-0.806,0.0506,0.1692,0,ruido_quimera,0,obra
W2111030512|W2154683088|W566586761,Cyb|PolInd,0.0914,-0.809,0.0494,0.2168,1,fechamento_trivial,0,obra
W2111030512|W52678905|W566586761,Cyb|PolInd,0.0914,-0.807,0.069,0.196,0,ruido_quimera,0,obra
W1993023795|W2126563689|W4285719527,Cyb|PolInd,0.0914,1.066,0.0506,0.1453,0,ruido_quimera,0,obra
W2111030512|W2123755784|W566586761,Cyb|PolInd,0.0912,-0.813,0.0747,0.1523,0,ruido_quimera,0,obra
W1601629960|W2095561982|W4285719527,Cyb|PolInd,0.0911,1.049,0.069,0.2257,1,agenda_pesquisa,0,obra
W1566478880|W2111030512|W566586761,Cyb|PolInd,0.091,-0.819,0.1046,0.2169,1,agenda_pesquisa,0,obra
W2054422547|W2111030512|W2325487953,Cyb|Reg,0.0906,1.531,0.0483,0.2623,1,fechamento_trivial,0,obra
W1517701247|W2111030512|W2325487953,Cyb|PolInd,0.09,-1.115,0.0162,0.2942,1,fechamento_trivial,0,obra
W1848725895|W2126563689|W4206762723,Cyb|PolInd,0.0899,-0.756,0.1678,0.1924,0,ruido_quimera,0,obra
W2003934805|W2111030512|W2325487953,Cyb|Reg,0.0899,-1.956,0.0483,0.3287,0,ruido_quimera,0,obra
W1492856410|W1970326724|W4285719527,Cyb|PolInd,0.0897,0.979,0.0563,0.4278,0,ruido_quimera,0,obra
W1970326724|W2154683088|W4285719527,Cyb|PolInd,0.0896,0.973,0.0586,0.4375,0,ruido_quimera,0,obra
W1492856410|W1970428482|W1990360714,Cyb|PolInd,0.0896,-0.856,0.0517,0.3962,0,ruido_quimera,0,obra
W1970326724|W2123755784|W4285719527,Cyb|PolInd,0.0893,0.958,0.0621,0.1985,0,ruido_quimera,0,obra
W1492856410|W1990360714|W2026948646,Cyb|PolInd,0.0892,-0.867,0.0678,0.472,0,ruido_quimera,0,obra
W1970326724|W2111030512|W4285719527,Cyb|PolInd,0.0891,0.947,0.0621,0.1825,0,ruido_quimera,0,obra
W1529223067|W1553746973|W4285719527,PolInd|Reg,0.0891,-1.698,0.0298,0.3719,0,ruido_quimera,0,obra
W1601629960|W1993023795|W4285719527,Cyb|PolInd,0.089,0.944,0.0103,0.1245,0,ruido_quimera,0,obra
W1492856410|W1990360714|W4205188686,Cyb|PolInd,0.0889,-0.876,0.0874,0.4314,0,ruido_quimera,0,obra
W1566478880|W1970326724|W4285719527,Cyb|PolInd,0.0889,0.94,0.0816,0.4044,0,ruido_quimera,0,obra
W1990360714|W4244612406|W52678905,Cyb|PolInd,0.0887,-0.88,0.0793,0.5009,0,ruido_quimera,0,obra
W1529223067|W1601629960|W4206762723,Cyb|Reg,0.0887,-1.664,0.017,0.4552,0,ruido_quimera,0,obra
W1601629960|W1848725895|W4206762723,Cyb|PolInd,0.0886,-0.789,0.0678,0.2254,1,agenda_pesquisa,0,obra
W1566478880|W2796849763|W4244612406,Cyb|PolInd,0.0885,-0.886,0.0517,0.3228,0,ruido_quimera,0,obra
W2111030512|W2796849763|W4244612406,Cyb|PolInd,0.0884,-0.887,0.0598,0.2323,1,agenda_pesquisa,0,obra
W2025177555|W2796849763|W52678905,Cyb|PolInd,0.0884,-0.889,0.0483,0.29,1,fechamento_trivial,0,obra
W1566478880|W2796849763|W4205188686,Cyb|PolInd,0.0883,-0.889,0.0529,0.2337,1,fechamento_trivial,0,obra
W1990360714|W2025177555|W2123755784,Cyb|PolInd,0.0883,-0.89,0.0483,0.2283,1,fechamento_trivial,0,obra
W1492856410|W1990360714|W2154683088,Cyb|PolInd,0.0883,-0.89,0.0805,0.3875,0,ruido_quimera,0,obra
W1492856410|W1990360714|W2123755784,Cyb|PolInd,0.0882,-0.895,0.0747,0.2451,1,agenda_pesquisa,0,obra
W1990360714|W2025177555|W2111030512,Cyb|PolInd,0.0882,-0.894,0.0483,0.259,1,fechamento_trivial,0,obra
W2025177555|W2123755784|W2796849763,Cyb|PolInd,0.0882,-0.894,0.0483,0.192,0,ruido_quimera,0,obra
W1566478880|W1990360714|W2025177555,Cyb|PolInd,0.0881,-0.895,0.0586,0.3417,0,ruido_quimera,0,obra
W1492856410|W1990360714|W2111030512,Cyb|PolInd,0.088,-0.898,0.0506,0.2933,1,fechamento_trivial,0,obra
W1492856410|W1566478880|W1990360714,Cyb|PolInd,0.088,-0.9,0.0943,0.3363,0,ruido_quimera,0,obra
W1492856410|W1566478880|W2796849763,Cyb|PolInd,0.0879,-0.903,0.0943,0.2773,1,agenda_pesquisa,0,obra
W1990360714|W2123755784|W52678905,Cyb|PolInd,0.0879,-0.902,0.0644,0.2813,1,agenda_pesquisa,0,obra
W1566478880|W2796849763|W52678905,Cyb|PolInd,0.0878,-0.905,0.1103,0.2946,1,agenda_pesquisa,0,obra
W1492856410|W2111030512|W2796849763,Cyb|PolInd,0.0878,-0.903,0.0506,0.203,0,ruido_quimera,0,obra
W1990360714|W2111030512|W52678905,Cyb|PolInd,0.0877,-0.906,0.0701,0.2859,1,agenda_pesquisa,0,obra
W1566478880|W1990360714|W52678905,Cyb|PolInd,0.0877,-0.908,0.1115,0.3507,0,ruido_quimera,0,obra
W1566478880|W2154683088|W2796849763,Cyb|PolInd,0.0877,-0.906,0.0736,0.4302,0,ruido_quimera,0,obra
W2111030512|W2796849763|W52678905,Cyb|PolInd,0.0877,-0.906,0.069,0.1986,0,ruido_quimera,0,obra
W2111030512|W2154683088|W2796849763,Cyb|PolInd,0.0877,-0.907,0.0494,0.1973,0,ruido_quimera,0,obra
W1566478880|W2123755784|W2796849763,Cyb|PolInd,0.0876,-0.911,0.1494,0.3011,1,agenda_pesquisa,0,obra
W2111030512|W2123755784|W2796849763,Cyb|PolInd,0.0875,-0.911,0.0747,0.155,0,ruido_quimera,0,obra
W1601629960|W1895366050|W4206762723,Cyb|PolInd,0.0875,-0.818,0.0678,0.1266,0,ruido_quimera,0,obra
W1529223067|W1601629960|W2126563689,Cyb|Reg,0.0875,-1.668,0.017,0.4523,0,ruido_quimera,0,obra
W1601629960|W1848725895|W2126563689,Cyb|PolInd,0.0874,-0.915,0.0103,0.3164,1,fechamento_trivial,0,obra
W1990360714|W2048086870|W2111030512,Cyb|PolInd,0.0873,-0.917,0.0575,0.256,1,fechamento_trivial,0,obra
W1601629960|W1895366050|W2126563689,Cyb|PolInd,0.0864,-0.941,0.0782,0.2261,1,agenda_pesquisa,0,obra
W1492856410|W2118243939|W4285719527,Cyb|PolInd,0.0863,0.808,0.054,0.1795,0,ruido_quimera,0,obra
W1535803599|W4206762723|W4285719527,Cyb|PolInd,0.0863,0.425,0.054,0.0,0,ruido_quimera,0,obra
W1517701247|W1566478880|W233775549,Cyb|PolInd,0.086,-0.861,0.0162,0.3286,0,ruido_quimera,0,obra
W2054422547|W2111030512|W4244612406,Cyb|Reg,0.0859,1.473,0.0598,0.2143,0,ruido_quimera,0,obra
W2118243939|W2154683088|W4285719527,Cyb|PolInd,0.0859,0.791,0.0153,0.3237,0,ruido_quimera,0,obra
W2118243939|W2123755784|W4285719527,Cyb|PolInd,0.0858,0.786,0.0598,0.2832,1,agenda_pesquisa,0,obra
W2025177555|W2054422547|W2111030512,Cyb|Reg,0.0858,1.469,0.0483,0.1582,0,ruido_quimera,0,obra
W1517701247|W1566478880|W2026948646,Cyb|PolInd,0.0857,-0.961,0.0162,0.2452,1,fechamento_trivial,0,obra
W2048086870|W2118243939|W4285719527,Cyb|PolInd,0.0857,0.78,0.0563,0.3227,0,ruido_quimera,0,obra
W2111030512|W2118243939|W4285719527,Cyb|PolInd,0.0856,0.776,0.0598,0.1093,0,ruido_quimera,0,obra
W1517701247|W1566478880|W4205188686,Cyb|PolInd,0.0854,-0.97,0.0268,0.2985,1,fechamento_trivial,0,obra
W2054422547|W2111030512|W52678905,Cyb|Reg,0.0854,1.453,0.069,0.1707,0,ruido_quimera,0,obra
W1492856410|W2054422547|W2111030512,Cyb|Reg,0.0854,1.448,0.0506,0.1484,0,ruido_quimera,0,obra
W1566478880|W2118243939|W4285719527,Cyb|PolInd,0.0854,0.765,0.0153,0.345,0,ruido_quimera,0,obra
W1492856410|W1517701247|W2123755784,Cyb|PolInd,0.0854,-0.969,0.0137,0.2085,0,ruido_quimera,0,obra
W2003934805|W2025177555|W2123755784,Cyb|Reg,0.0853,-1.735,0.0483,0.2758,1,fechamento_trivial,0,obra
W2003934805|W2111030512|W4244612406,Cyb|Reg,0.0853,-1.737,0.0598,0.3258,0,ruido_quimera,0,obra
W1566478880|W2003934805|W4244612406,Cyb|Reg,0.0853,-1.736,0.0517,0.4371,0,ruido_quimera,0,obra
W2054422547|W2111030512|W2154683088,Cyb|Reg,0.0853,1.444,0.0494,0.1921,0,ruido_quimera,0,obra
W1492856410|W1517701247|W1566478880,Cyb|PolInd,0.0852,-0.974,0.0164,0.3092,1,fechamento_trivial,0,obra
W1566478880|W2003934805|W4205188686,Cyb|Reg,0.0852,-1.74,0.0529,0.3393,0,ruido_quimera,0,obra
W1517701247|W1566478880|W2154683088,Cyb|PolInd,0.0852,-0.975,0.027,0.5279,0,ruido_quimera,0,obra
W2003934805|W2025177555|W2111030512,Cyb|Reg,0.0851,-1.742,0.0483,0.2971,1,fechamento_trivial,0,obra
W1517701247|W2111030512|W2154683088,Cyb|PolInd,0.0851,-0.977,0.0267,0.2425,1,fechamento_trivial,0,obra
W2054422547|W2111030512|W2123755784,Cyb|Reg,0.0851,1.437,0.0747,0.1516,0,ruido_quimera,0,obra
W1566478880|W2003934805|W2025177555,Cyb|Reg,0.0851,-1.741,0.0586,0.4318,0,ruido_quimera,0,obra
W1492856410|W1517701247|W2111030512,Cyb|PolInd,0.0851,-0.976,0.0162,0.1824,0,ruido_quimera,0,obra
W2003934805|W2123755784|W52678905,Cyb|Reg,0.085,-1.746,0.0632,0.2851,1,agenda_pesquisa,0,obra
W2048086870|W2054422547|W2111030512,Cyb|Reg,0.085,1.429,0.0563,0.1946,0,ruido_quimera,0,obra
W1492856410|W2003934805|W2123755784,Cyb|Reg,0.0849,-1.748,0.0747,0.2367,1,agenda_pesquisa,0,obra
W1566478880|W2054422547|W2111030512,Cyb|Reg,0.0849,1.426,0.1046,0.1903,0,ruido_quimera,0,obra
W1492856410|W1566447476|W2154683088,Cyb|Reg,0.0849,1.426,0.0805,0.3416,0,ruido_quimera,0,obra
W1566478880|W2003934805|W52678905,Cyb|Reg,0.0848,-1.752,0.1103,0.3971,0,ruido_quimera,0,obra
W2003934805|W2123755784|W2154683088,Cyb|Reg,0.0848,-1.751,0.1057,0.3359,0,ruido_quimera,0,obra
W1566447476|W2123755784|W2154683088,Cyb|Reg,0.0847,1.416,0.1057,0.2717,1,agenda_pesquisa,0,obra
W2003934805|W2111030512|W52678905,Cyb|Reg,0.0847,-1.753,0.069,0.2803,1,agenda_pesquisa,0,obra
W1492856410|W1566478880|W2003934805,Cyb|Reg,0.0847,-1.754,0.0943,0.3705,0,ruido_quimera,0,obra
W1492856410|W2003934805|W2111030512,Cyb|Reg,0.0846,-1.755,0.0506,0.2755,1,fechamento_trivial,0,obra
W2003934805|W2111030512|W2154683088,Cyb|Reg,0.0846,-1.758,0.0494,0.2981,1,fechamento_trivial,0,obra
W1566478880|W2003934805|W2154683088,Cyb|Reg,0.0846,-1.757,0.0736,0.5518,0,ruido_quimera,0,obra
W1566447476|W2111030512|W2154683088,Cyb|Reg,0.0845,1.405,0.0494,0.2207,1,fechamento_trivial,0,obra
W1566447476|W1566478880|W2154683088,Cyb|Reg,0.0845,1.406,0.0736,0.4637,0,ruido_quimera,0,obra
W2003934805|W2111030512|W2123755784,Cyb|Reg,0.0844,-1.764,0.0103,0.1765,0,ruido_quimera,0,obra
W2003934805|W2048086870|W2111030512,Cyb|Reg,0.0843,-1.765,0.0563,0.2575,1,fechamento_trivial,0,obra
W1566478880|W2003934805|W2111030512,Cyb|Reg,0.0842,-1.77,0.0103,0.2553,1,fechamento_trivial,0,obra
W1535803599|W2126563689|W4285719527,Cyb|PolInd,0.0841,0.7,0.0563,0.1936,0,ruido_quimera,0,obra
W2000465687|W2111030512|W2325487953,Cyb|PolInd,0.0839,-1.271,0.0102,0.4249,0,ruido_quimera,0,obra
W2108767715|W4206762723|W4285719527,Cyb|PolInd,0.0835,0.294,0.0483,0.0,0,ruido_quimera,0,obra
W1520641906|W1601629960|W2035713188,Cyb|PolInd,0.0833,-1.286,0.0736,0.2078,0,ruido_quimera,0,obra
W1492856410|W2003934805|W4285719527,Cyb|PolInd|Reg,0.0827,-2.045,0.0552,0.3555,0,ruido_quimera,0,obra
W1520641906|W1566344170|W1601629960,Cyb|Reg,0.0826,1.138,0.0736,0.3634,0,ruido_quimera,0,obra
W2003934805|W2154683088|W4285719527,Cyb|PolInd|Reg,0.0826,-2.048,0.0575,0.4679,0,ruido_quimera,0,obra
W1492856410|W2054422547|W4285719527,Cyb|PolInd|Reg,0.0825,0.641,0.0586,0.0774,0,ruido_quimera,0,obra
W2054422547|W2154683088|W4285719527,Cyb|PolInd|Reg,0.0824,0.637,0.0609,0.253,1,agenda_pesquisa,0,obra
W2003934805|W2048086870|W4285719527,Cyb|PolInd|Reg,0.0823,-2.057,0.0575,0.3154,1,fechamento_trivial,0,obra
W1492856410|W1566447476|W4285719527,Cyb|PolInd|Reg,0.0822,0.627,0.0598,0.2417,1,agenda_pesquisa,0,obra
W2003934805|W2123755784|W4285719527,Cyb|PolInd|Reg,0.0822,-2.058,0.0163,0.1907,0,ruido_quimera,0,obra
W2054422547|W2123755784|W4285719527,Cyb|PolInd|Reg,0.0821,0.622,0.0644,0.2192,1,agenda_pesquisa,0,obra
W2048086870|W2054422547|W4285719527,Cyb|PolInd|Reg,0.082,0.619,0.0609,0.2297,1,agenda_pesquisa,0,obra
W1492856410|W2095561982|W4285719527,Cyb|PolInd,0.082,0.595,0.0529,0.3078,1,fechamento_trivial,0,obra
W1535803599|W1601629960|W4285719527,Cyb|PolInd,0.0819,0.588,0.0736,0.2319,1,agenda_pesquisa,0,obra
W2095561982|W2154683088|W4285719527,Cyb|PolInd,0.0819,0.589,0.0552,0.4084,0,ruido_quimera,0,obra
W1566344170|W4206762723|W4285719527,Cyb|PolInd|Reg,0.0819,0.559,0.0517,0.0,0,ruido_quimera,0,obra
W2002050008|W4206762723|W4285719527,Cyb|PolInd,0.0819,0.215,0.0494,0.0,0,ruido_quimera,0,obra
W1566478880|W2003934805|W4285719527,Cyb|PolInd|Reg,0.0819,-2.068,0.0164,0.3561,0,ruido_quimera,0,obra
W2003934805|W2111030512|W4285719527,Cyb|PolInd|Reg,0.0819,-2.068,0.0163,0.1652,0,ruido_quimera,0,obra
W1566447476|W2123755784|W4285719527,Cyb|PolInd|Reg,0.0818,0.609,0.0655,0.172,0,ruido_quimera,0,obra
W1566447476|W2048086870|W4285719527,Cyb|PolInd|Reg,0.0818,0.609,0.0621,0.2049,0,ruido_quimera,0,obra
W2003934805|W3124879925|W4285719527,PolInd|Reg,0.0818,-1.93,0.0575,0.1451,0,ruido_quimera,0,obra
W1566478880|W2054422547|W4285719527,Cyb|PolInd|Reg,0.0817,0.604,0.0839,0.2641,1,agenda_pesquisa,0,obra
W2054422547|W2111030512|W4285719527,Cyb|PolInd|Reg,0.0817,0.603,0.0178,0.0622,0,ruido_quimera,0,obra
W1566447476|W1566478880|W4285719527,Cyb|PolInd|Reg,0.0815,0.591,0.0851,0.2659,1,agenda_pesquisa,0,obra
W1566447476|W2111030512|W4285719527,Cyb|PolInd|Reg,0.0815,0.592,0.0655,0.107,0,ruido_quimera,0,obra
W2095561982|W2123755784|W4285719527,Cyb|PolInd,0.0814,0.566,0.0136,0.2356,1,fechamento_trivial,0,obra
W2095561982|W2111030512|W4285719527,Cyb|PolInd,0.0814,0.562,0.0586,0.1843,0,ruido_quimera,0,obra
W2108767715|W2126563689|W4285719527,Cyb|PolInd,0.0814,0.562,0.0506,-0.0851,0,ruido_quimera,0,obra
W1566447476|W3124879925|W4285719527,PolInd|Reg,0.0812,0.87,0.0621,0.2479,1,agenda_pesquisa,0,obra
W1566478880|W2095561982|W4285719527,Cyb|PolInd,0.0811,0.551,0.0137,0.3686,0,ruido_quimera,0,obra
W1566344170|W1601629960|W4206762723,Cyb|Reg,0.0808,1.106,0.0678,0.2839,1,agenda_pesquisa,0,obra
W2054422547|W3124879925|W4285719527,PolInd|Reg,0.0806,0.842,0.0609,0.2699,1,agenda_pesquisa,0,obra
W2003934805|W4206762723|W4285719527,Cyb|PolInd|Reg,0.0804,-2.633,0.0436,0.0,0,ruido_quimera,0,obra
W2101946146|W4206762723|W4285719527,Cyb|PolInd,0.0802,0.138,0.0483,0.0,0,ruido_quimera,0,obra
W1492856410|W1848725895|W1970428482,Cyb|PolInd,0.0799,-1.117,0.0517,0.4392,0,ruido_quimera,0,obra
W1566344170|W1601629960|W2126563689,Cyb|Reg,0.0797,1.174,0.0782,0.3374,0,ruido_quimera,0,obra
W1566344170|W2126563689|W4285719527,Cyb|PolInd|Reg,0.0797,0.506,0.054,0.197,0,ruido_quimera,0,obra
W2003934805|W2126563689|W4285719527,Cyb|PolInd|Reg,0.0796,-2.136,0.0437,0.2167,1,fechamento_trivial,0,obra
W2002050008|W2126563689|W4285719527,Cyb|PolInd,0.0796,0.476,0.0517,0.0991,0,ruido_quimera,0,obra
W1553746973|W1566447476|W4285719527,PolInd|Reg,0.0795,0.796,0.0179,0.5497,0,ruido_quimera,0,obra
W2000465687|W4244612406|W52678905,Cyb|PolInd,0.0795,-1.127,0.0103,0.351,0,ruido_quimera,0,obra
W2000465687|W2111030512|W4244612406,Cyb|PolInd,0.0794,-1.131,0.0102,0.2888,1,fechamento_trivial,0,obra
W1492856410|W1848725895|W2026948646,Cyb|PolInd,0.0794,-1.129,0.0678,0.49,0,ruido_quimera,0,obra
W1596169349|W4206762723|W4285719527,Cyb|PolInd,0.0793,0.096,0.0506,0.0,0,ruido_quimera,0,obra
W1492856410|W1848725895|W4205188686,Cyb|PolInd,0.0792,-1.136,0.0874,0.475,0,ruido_quimera,0,obra
W1895366050|W2025177555|W2123755784,Cyb|PolInd,0.0791,-1.139,0.0483,0.2347,1,fechamento_trivial,0,obra
W1601629960|W2108767715|W4285719527,Cyb|PolInd,0.0791,0.449,0.0678,0.0709,0,ruido_quimera,0,obra
W1566478880|W1895366050|W4244612406,Cyb|PolInd,0.0791,-1.137,0.0517,0.3541,0,ruido_quimera,0,obra
W1566478880|W1895366050|W4205188686,Cyb|PolInd,0.079,-1.141,0.0529,0.2727,1,fechamento_trivial,0,obra
W1566478880|W2000465687|W4244612406,Cyb|PolInd,0.079,-1.14,0.0163,0.3165,1,fechamento_trivial,0,obra
W2000465687|W2025177555|W2111030512,Cyb|PolInd,0.079,-1.14,0.0102,0.3087,1,fechamento_trivial,0,obra
W1566478880|W1895366050|W2025177555,Cyb|PolInd,0.0789,-1.144,0.0586,0.3731,0,ruido_quimera,0,obra
W1848725895|W2025177555|W52678905,Cyb|PolInd,0.0789,-1.143,0.0483,0.376,0,ruido_quimera,0,obra
W1553746973|W2054422547|W4285719527,PolInd|Reg,0.0788,0.764,0.0177,0.3118,1,fechamento_trivial,0,obra
W2000465687|W2025177555|W2123755784,Cyb|PolInd,0.0788,-1.147,0.0152,0.2385,1,fechamento_trivial,0,obra
W1895366050|W2123755784|W52678905,Cyb|PolInd,0.0787,-1.149,0.0632,0.2207,1,agenda_pesquisa,0,obra
W1848725895|W2025177555|W2123755784,Cyb|PolInd,0.0787,-1.149,0.0483,0.2564,1,fechamento_trivial,0,obra
W2000465687|W2111030512|W52678905,Cyb|PolInd,0.0787,-1.148,0.0103,0.2532,1,fechamento_trivial,0,obra
W1492856410|W2000465687|W4205188686,Cyb|PolInd,0.0787,-1.149,0.0885,0.3581,0,ruido_quimera,0,obra
W1492856410|W1895366050|W2123755784,Cyb|PolInd,0.0787,-1.149,0.0747,0.1982,0,ruido_quimera,0,obra
W1895366050|W2123755784|W2154683088,Cyb|PolInd,0.0786,-1.152,0.1057,0.3059,1,agenda_pesquisa,0,obra
W1566478880|W2000465687|W4205188686,Cyb|PolInd,0.0786,-1.153,0.0563,0.2743,1,fechamento_trivial,0,obra
W1492856410|W1848725895|W2154683088,Cyb|PolInd,0.0786,-1.152,0.0805,0.415,0,ruido_quimera,0,obra
W2000465687|W2048086870|W2111030512,Cyb|PolInd,0.0786,-1.151,0.0163,0.333,0,ruido_quimera,0,obra
W1566478880|W1895366050|W52678905,Cyb|PolInd,0.0785,-1.154,0.1103,0.3151,1,agenda_pesquisa,0,obra
W1492856410|W1566478880|W1895366050,Cyb|PolInd,0.0785,-1.154,0.0943,0.3144,1,agenda_pesquisa,0,obra
W1566478880|W1848725895|W2025177555,Cyb|PolInd,0.0785,-1.154,0.0586,0.4245,0,ruido_quimera,0,obra
W1848725895|W2025177555|W2111030512,Cyb|PolInd,0.0785,-1.154,0.0483,0.3177,0,ruido_quimera,0,obra
W1566478880|W2000465687|W2026948646,Cyb|PolInd,0.0785,-1.153,0.0162,0.2048,0,ruido_quimera,0,obra
W2000465687|W2123755784|W52678905,Cyb|PolInd,0.0785,-1.155,0.0153,0.2089,0,ruido_quimera,0,obra
W1492856410|W1848725895|W2123755784,Cyb|PolInd,0.0784,-1.156,0.0747,0.2404,1,agenda_pesquisa,0,obra
W1566478880|W1895366050|W2154683088,Cyb|PolInd,0.0784,-1.156,0.0736,0.5042,0,ruido_quimera,0,obra
W1566478880|W2000465687|W2111030512,Cyb|PolInd,0.0783,-1.161,0.0164,0.2974,1,fechamento_trivial,0,obra
W2000465687|W2111030512|W2123755784,Cyb|PolInd,0.0783,-1.16,0.0153,0.2532,1,fechamento_trivial,0,obra
W1492856410|W1566478880|W1848725895,Cyb|PolInd,0.0783,-1.161,0.0943,0.3863,0,ruido_quimera,0,obra
W1895366050|W2111030512|W2123755784,Cyb|PolInd,0.0783,-1.16,0.0747,0.1718,0,ruido_quimera,0,obra
W1492856410|W1848725895|W2111030512,Cyb|PolInd,0.0783,-1.16,0.0506,0.3192,0,ruido_quimera,0,obra
W1993023795|W2048086870|W4285719527,Cyb|PolInd,0.0782,0.406,0.0102,0.397,0,ruido_quimera,0,obra
W1566478880|W1895366050|W2111030512,Cyb|PolInd,0.0781,-1.165,0.1046,0.2329,1,agenda_pesquisa,0,obra
W2101946146|W2126563689|W4285719527,Cyb|PolInd,0.0781,0.399,0.0506,0.022,0,ruido_quimera,0,obra
W1993023795|W2111030512|W4285719527,Cyb|PolInd,0.078,0.397,0.0575,0.0946,0,ruido_quimera,0,obra
W1848725895|W2048086870|W2111030512,Cyb|PolInd,0.0778,-1.173,0.0563,0.2964,1,fechamento_trivial,0,obra
W1601629960|W2002050008|W4285719527,Cyb|PolInd,0.0774,0.362,0.069,0.2452,1,agenda_pesquisa,0,obra
W1601629960|W172274565|W4285719527,Cyb|PolInd,0.0772,0.355,0.0103,0.3076,1,fechamento_trivial,0,obra
W1596169349|W2126563689|W4285719527,Cyb|PolInd,0.0771,0.349,0.0529,0.2786,1,fechamento_trivial,0,obra
W1520641906|W1601629960|W201578715,Cyb|PolInd,0.0771,-1.446,0.0136,0.2854,1,fechamento_trivial,0,obra
W2089402107|W4206762723|W4285719527,Cyb|PolInd,0.0767,-0.028,0.0483,0.0,0,ruido_quimera,0,obra
W1520641906|W1601629960|W3124140110,Cyb|PolInd,0.0766,2.166,0.0736,0.3153,1,agenda_pesquisa,0,obra
W1566344170|W2111030512|W2325487953,Cyb|Reg,0.0762,0.821,0.0483,0.3248,0,ruido_quimera,0,obra
W1601629960|W2101946146|W4285719527,Cyb|PolInd,0.0758,0.287,0.0678,0.0551,0,ruido_quimera,0,obra
W1601629960|W201578715|W4206762723,Cyb|PolInd,0.0756,-1.139,0.0136,0.2178,1,fechamento_trivial,0,obra
W1601629960|W3124140110|W4206762723,Cyb|PolInd,0.0748,2.305,0.0678,0.268,1,agenda_pesquisa,0,obra
W2089402107|W2126563689|W4285719527,Cyb|PolInd,0.0746,0.223,0.0506,0.0788,0,ruido_quimera,0,obra
W1601629960|W201578715|W2126563689,Cyb|PolInd,0.0746,-1.26,0.0137,0.3611,0,ruido_quimera,0,obra
W1492856410|W172274565|W4285719527,Cyb|PolInd,0.074,0.193,0.0517,0.1625,0,ruido_quimera,0,obra
W2082503759|W4206762723|W4285719527,Cyb|PolInd,0.0738,-0.164,0.0494,0.0,0,ruido_quimera,0,obra
W172274565|W2154683088|W4285719527,Cyb|PolInd,0.0737,0.181,0.054,0.2378,1,fechamento_trivial,0,obra
W1601629960|W2126563689|W3124140110,Cyb|PolInd,0.0736,1.889,0.0782,0.3125,1,agenda_pesquisa,0,obra
W1520641906|W1601629960|W4293229472,Cyb|Reg,0.0736,0.693,0.0759,0.3677,0,ruido_quimera,0,obra
W172274565|W2123755784|W4285719527,Cyb|PolInd,0.0735,0.168,0.0575,0.3274,0,ruido_quimera,0,obra
W1492856410|W1535803599|W4285719527,Cyb|PolInd,0.0732,0.154,0.0575,0.1627,0,ruido_quimera,0,obra
W1566478880|W172274565|W4285719527,Cyb|PolInd,0.0731,0.151,0.077,0.286,1,agenda_pesquisa,0,obra
W172274565|W2111030512|W4285719527,Cyb|PolInd,0.0731,0.152,0.0575,0.1147,0,ruido_quimera,0,obra
W172274565|W2048086870|W4285719527,Cyb|PolInd,0.0731,0.15,0.054,0.3188,0,ruido_quimera,0,obra
W1601629960|W2089402107|W4285719527,Cyb|PolInd,0.0723,0.111,0.0678,0.1122,0,ruido_quimera,0,obra
W1566344170|W1566478880|W4244612406,Cyb|Reg,0.0719,0.797,0.0517,0.4978,0,ruido_quimera,0,obra
W1495886451|W4206762723|W4285719527,Cyb|PolInd,0.0719,-0.256,0.0483,0.0,0,ruido_quimera,0,obra
W1566344170|W2111030512|W4244612406,Cyb|Reg,0.0718,0.795,0.0598,0.3548,0,ruido_quimera,0,obra
W1566344170|W1566478880|W4205188686,Cyb|Reg,0.0717,0.79,0.0529,0.335,0,ruido_quimera,0,obra
W2143943407|W4206762723|W4285719527,Cyb|PolInd,0.0717,-0.265,0.0102,0.0,0,ruido_quimera,0,obra
W1566344170|W2025177555|W2111030512,Cyb|Reg,0.0716,0.782,0.0483,0.2721,1,fechamento_trivial,0,obra
W1492856410|W1566344170|W2154683088,Cyb|Reg,0.0716,0.783,0.0805,0.4095,0,ruido_quimera,0,obra
W1566344170|W1566478880|W2025177555,Cyb|Reg,0.0716,0.783,0.0586,0.4386,0,ruido_quimera,0,obra
W2082503759|W2126563689|W4285719527,Cyb|PolInd,0.0716,0.076,0.0517,0.1235,0,ruido_quimera,0,obra
W1551036771|W4206762723|W4285719527,Cyb|PolInd,0.0716,-0.267,0.0506,0.0,0,ruido_quimera,0,obra
W1566344170|W2123755784|W2154683088,Cyb|Reg,0.0713,0.769,0.1057,0.3749,0,ruido_quimera,0,obra
W1492856410|W1566344170|W1566478880,Cyb|Reg,0.0713,0.767,0.0943,0.3705,0,ruido_quimera,0,obra
W1566344170|W2111030512|W52678905,Cyb|Reg,0.0712,0.764,0.069,0.2898,1,agenda_pesquisa,0,obra
W1492856410|W1566344170|W2111030512,Cyb|Reg,0.0712,0.766,0.0506,0.2437,1,fechamento_trivial,0,obra
W1566344170|W1566478880|W52678905,Cyb|Reg,0.0712,0.766,0.1103,0.4385,0,ruido_quimera,0,obra
W1566344170|W1566478880|W2123755784,Cyb|Reg,0.071,0.753,0.1494,0.4105,0,ruido_quimera,0,obra
W1566344170|W1566478880|W2154683088,Cyb|Reg,0.071,0.757,0.0103,0.5973,0,ruido_quimera,0,obra
W1566344170|W2111030512|W2123755784,Cyb|Reg,0.0709,0.752,0.0747,0.2117,0,ruido_quimera,0,obra
W1566344170|W1566478880|W2111030512,Cyb|Reg,0.0707,0.74,0.0103,0.297,1,fechamento_trivial,0,obra
W1566344170|W2048086870|W2111030512,Cyb|Reg,0.0706,0.737,0.0102,0.2985,1,fechamento_trivial,0,obra
W1492856410|W232611682|W4285719527,Cyb|PolInd|Reg,0.0706,0.07,0.054,0.1461,0,ruido_quimera,0,obra
W2154683088|W232611682|W4285719527,Cyb|PolInd|Reg,0.0705,0.067,0.0563,0.28,1,fechamento_trivial,0,obra
W1492856410|W4285719527|W4293229472,Cyb|PolInd|Reg,0.0704,0.06,0.0529,0.1718,0,ruido_quimera,0,obra
W1492856410|W1566344170|W4285719527,Cyb|PolInd|Reg,0.0703,0.059,0.0552,0.2452,1,fechamento_trivial,0,obra
W2123755784|W232611682|W4285719527,Cyb|PolInd|Reg,0.0702,0.053,0.0598,0.0772,0,ruido_quimera,0,obra
W2048086870|W232611682|W4285719527,Cyb|PolInd|Reg,0.0702,0.05,0.0563,0.1914,0,ruido_quimera,0,obra
W2154683088|W4285719527|W4293229472,Cyb|PolInd|Reg,0.0702,0.052,0.0552,0.3431,0,ruido_quimera,0,obra
W1566344170|W2154683088|W4285719527,Cyb|PolInd|Reg,0.0701,0.049,0.0163,0.4942,0,ruido_quimera,0,obra
W1566344170|W2123755784|W4285719527,Cyb|PolInd|Reg,0.0699,0.037,0.0609,0.2814,1,agenda_pesquisa,0,obra
W2123755784|W4285719527|W4293229472,Cyb|PolInd|Reg,0.0699,0.037,0.0586,0.2244,1,fechamento_trivial,0,obra
W2111030512|W232611682|W4285719527,Cyb|PolInd|Reg,0.0699,0.035,0.0598,0.0519,0,ruido_quimera,0,obra
W1566478880|W232611682|W4285719527,Cyb|PolInd|Reg,0.0698,0.034,0.0793,0.244,1,agenda_pesquisa,0,obra
W1520641906|W1601629960|W1965278510,Cyb|Reg,0.0698,0.507,0.077,0.3302,0,ruido_quimera,0,obra
W2048086870|W4285719527|W4293229472,Cyb|PolInd|Reg,0.0697,0.028,0.0552,0.3208,0,ruido_quimera,0,obra
W1495886451|W2126563689|W4285719527,Cyb|PolInd,0.0697,-0.022,0.0506,0.0824,0,ruido_quimera,0,obra
W2108767715|W2154683088|W4285719527,Cyb|PolInd,0.0695,-0.032,0.054,0.2697,1,fechamento_trivial,0,obra
W2126563689|W2143943407|W4285719527,Cyb|PolInd,0.0695,-0.028,0.0102,0.2974,1,fechamento_trivial,0,obra
W1566478880|W4285719527|W4293229472,Cyb|PolInd|Reg,0.0695,0.019,0.0782,0.363,0,ruido_quimera,0,obra
W2111030512|W4285719527|W4293229472,Cyb|PolInd|Reg,0.0695,0.02,0.0586,0.1865,0,ruido_quimera,0,obra
W1492856410|W2108767715|W4285719527,Cyb|PolInd,0.0695,-0.028,0.0517,0.1944,0,ruido_quimera,0,obra
W1566344170|W2111030512|W4285719527,Cyb|PolInd|Reg,0.0695,0.018,0.0163,0.1802,0,ruido_quimera,0,obra
W1551036771|W2126563689|W4285719527,Cyb|PolInd,0.0694,-0.034,0.0529,0.0653,0,ruido_quimera,0,obra
W1601629960|W2082503759|W4285719527,Cyb|PolInd,0.0693,-0.038,0.069,0.2351,1,agenda_pesquisa,0,obra
W1566344170|W2120106358|W3124879925,PolInd|Reg,0.0691,0.343,0.0529,0.317,0,ruido_quimera,0,obra
W2108767715|W2123755784|W4285719527,Cyb|PolInd,0.069,-0.052,0.0575,0.1981,0,ruido_quimera,0,obra
W232611682|W3124879925|W4285719527,PolInd|Reg,0.069,0.34,0.0563,0.3862,0,ruido_quimera,0,obra
W1492856410|W2002050008|W4285719527,Cyb|PolInd,0.069,-0.054,0.0529,0.1356,0,ruido_quimera,0,obra
W2002050008|W2154683088|W4285719527,Cyb|PolInd,0.0689,-0.062,0.0552,0.2739,1,fechamento_trivial,0,obra
W2120106358|W3124879925|W4293229472,PolInd|Reg,0.0689,0.337,0.054,0.3481,0,ruido_quimera,0,obra
W1492856410|W1970428482|W2005888056,Cyb|PolInd,0.0688,1.55,0.0517,0.2776,1,fechamento_trivial,0,obra
W2108767715|W2111030512|W4285719527,Cyb|PolInd,0.0688,-0.063,0.0575,0.0026,0,ruido_quimera,0,obra
W2048086870|W2108767715|W4285719527,Cyb|PolInd,0.0687,-0.069,0.0102,0.2767,1,fechamento_trivial,0,obra
W1566478880|W2108767715|W4285719527,Cyb|PolInd,0.0687,-0.071,0.077,0.3325,0,ruido_quimera,0,obra
W1492856410|W1596169349|W4285719527,Cyb|PolInd,0.0685,-0.077,0.054,0.2079,0,ruido_quimera,0,obra
W1596169349|W2154683088|W4285719527,Cyb|PolInd,0.0684,-0.084,0.0563,0.1622,0,ruido_quimera,0,obra
W1492856410|W2005888056|W2026948646,Cyb|PolInd,0.0683,1.518,0.0678,0.3044,1,agenda_pesquisa,0,obra
W1596169349|W2123755784|W4285719527,Cyb|PolInd,0.0681,-0.099,0.0598,0.1509,0,ruido_quimera,0,obra
W1566478880|W2002050008|W4285719527,Cyb|PolInd,0.0681,-0.098,0.0137,0.3605,0,ruido_quimera,0,obra
W2002050008|W2111030512|W4285719527,Cyb|PolInd,0.0681,-0.098,0.0136,0.0944,0,ruido_quimera,0,obra
W1492856410|W2005888056|W4205188686,Cyb|PolInd,0.068,1.496,0.0874,0.2699,1,agenda_pesquisa,0,obra
W2005888056|W4244612406|W52678905,Cyb|PolInd,0.068,1.5,0.0782,0.3008,1,agenda_pesquisa,0,obra
W1596169349|W2048086870|W4285719527,Cyb|PolInd,0.0679,-0.108,0.0563,0.1414,0,ruido_quimera,0,obra
W1601629960|W1965278510|W4206762723,Cyb|Reg,0.0678,0.496,0.027,0.2456,1,fechamento_trivial,0,obra
W1566478880|W1596169349|W4285719527,Cyb|PolInd,0.0678,-0.117,0.0793,0.213,0,ruido_quimera,0,obra
W1596169349|W2111030512|W4285719527,Cyb|PolInd,0.0678,-0.116,0.0598,0.0751,0,ruido_quimera,0,obra
W1601629960|W2143943407|W4285719527,Cyb|PolInd,0.0676,-0.125,0.0678,0.3666,0,ruido_quimera,0,obra
W2005888056|W2025177555|W2123755784,Cyb|PolInd,0.0674,1.455,0.0483,0.1043,0,ruido_quimera,0,obra
W1492856410|W2005888056|W2154683088,Cyb|PolInd,0.0673,1.452,0.0805,0.21,0,ruido_quimera,0,obra
W1566478880|W2005888056|W2025177555,Cyb|PolInd,0.0672,1.441,0.0586,0.238,1,fechamento_trivial,0,obra
W1495886451|W1601629960|W4285719527,Cyb|PolInd,0.0672,-0.147,0.0103,0.2393,1,fechamento_trivial,0,obra
W1492856410|W2005888056|W2123755784,Cyb|PolInd,0.0672,1.44,0.0747,0.0925,0,ruido_quimera,0,obra
W2005888056|W2025177555|W2111030512,Cyb|PolInd,0.0672,1.439,0.0483,0.1189,0,ruido_quimera,0,obra
W2005888056|W2123755784|W52678905,Cyb|PolInd,0.0671,1.435,0.0632,0.1203,0,ruido_quimera,0,obra
W1492856410|W1566478880|W2005888056,Cyb|PolInd,0.067,1.427,0.0943,0.204,0,ruido_quimera,0,obra
W1551036771|W1601629960|W4285719527,Cyb|PolInd,0.067,-0.153,0.0701,0.2084,0,ruido_quimera,0,obra
W1492856410|W2005888056|W2111030512,Cyb|PolInd,0.067,1.425,0.0506,0.1246,0,ruido_quimera,0,obra
W1520386898|W4206762723|W4285719527,Cyb|PolInd|Reg,0.067,-0.09,0.0494,0.0,0,ruido_quimera,0,obra
W1566478880|W2005888056|W52678905,Cyb|PolInd,0.0669,1.421,0.1103,0.21,0,ruido_quimera,0,obra
W2005888056|W2111030512|W52678905,Cyb|PolInd,0.0669,1.419,0.069,0.1088,0,ruido_quimera,0,obra
W1601629960|W1965278510|W2126563689,Cyb|Reg,0.0668,0.552,0.027,0.3811,0,ruido_quimera,0,obra
W2005888056|W2048086870|W2111030512,Cyb|PolInd,0.0663,1.381,0.0563,0.1204,0,ruido_quimera,0,obra
W1566344170|W3124879925|W4285719527,PolInd|Reg,0.0662,0.22,0.0163,0.299,1,fechamento_trivial,0,obra
W1588942736|W2048894562|W3130930004,Cyb|PolInd,0.0661,-0.393,0.1322,0.4893,0,ruido_quimera,0,obra
W2014180588|W4206762723|W4285719527,Cyb|PolInd,0.0661,-0.53,0.0506,0.0,0,ruido_quimera,0,obra
W1492856410|W201578715|W90769783,Cyb|PolInd,0.0659,-1.396,0.0483,0.3329,0,ruido_quimera,0,obra
W1492856410|W1970428482|W201578715,Cyb|PolInd,0.0658,-1.496,0.0529,0.3956,0,ruido_quimera,0,obra
W1566478880|W201578715|W90769783,Cyb|PolInd,0.0655,-1.407,0.0494,0.372,0,ruido_quimera,0,obra
W1566478880|W201578715|W233775549,Cyb|PolInd,0.0654,-1.411,0.0506,0.3766,0,ruido_quimera,0,obra
W201578715|W2025177555|W52678905,Cyb|PolInd,0.0654,-1.507,0.0483,0.3546,0,ruido_quimera,0,obra
W201578715|W2025177555|W2123755784,Cyb|PolInd,0.0652,-1.512,0.0483,0.2471,1,fechamento_trivial,0,obra
W1492856410|W201578715|W4205188686,Cyb|PolInd,0.0652,-1.513,0.0885,0.4426,0,ruido_quimera,0,obra
W201578715|W2025177555|W2111030512,Cyb|PolInd,0.065,-1.516,0.0494,0.2544,1,fechamento_trivial,0,obra
W2101946146|W2154683088|W4285719527,Cyb|PolInd,0.0649,-0.26,0.054,0.2918,1,fechamento_trivial,0,obra
W1492856410|W2101946146|W4285719527,Cyb|PolInd,0.0649,-0.259,0.0517,0.2153,1,fechamento_trivial,0,obra
W1566478880|W201578715|W2025177555,Cyb|PolInd,0.0649,-1.521,0.0644,0.3731,0,ruido_quimera,0,obra
W1566478880|W201578715|W2026948646,Cyb|PolInd,0.0649,-1.52,0.0174,0.3187,0,ruido_quimera,0,obra
W1566478880|W201578715|W4205188686,Cyb|PolInd,0.0648,-1.524,0.0586,0.3241,0,ruido_quimera,0,obra
W201578715|W2111030512|W4244612406,Cyb|PolInd,0.0648,-1.524,0.0269,0.3208,0,ruido_quimera,0,obra
W201578715|W2123755784|W52678905,Cyb|PolInd,0.0647,-1.525,0.0102,0.2915,1,fechamento_trivial,0,obra
W2048086870|W2111030512|W3124140110,Cyb|PolInd,0.0646,1.259,0.0563,0.2353,1,fechamento_trivial,0,obra
W1492856410|W201578715|W2123755784,Cyb|PolInd,0.0646,-1.528,0.0137,0.2727,1,fechamento_trivial,0,obra
W201578715|W2111030512|W52678905,Cyb|PolInd,0.0646,-1.529,0.0136,0.2728,1,fechamento_trivial,0,obra
W201578715|W2048086870|W2111030512,Cyb|PolInd,0.0646,-1.527,0.0136,0.291,1,fechamento_trivial,0,obra
W1520386898|W2120106358|W3124879925,PolInd|Reg,0.0646,0.15,0.0529,0.3391,0,ruido_quimera,0,obra
W201578715|W2123755784|W2154683088,Cyb|PolInd,0.0646,-1.529,0.0154,0.3335,0,ruido_quimera,0,obra
W1492856410|W201578715|W2111030512,Cyb|PolInd,0.0645,-1.532,0.0202,0.2975,1,fechamento_trivial,0,obra
W2096611253|W4206762723|W4285719527,Cyb|PolInd,0.0645,-0.605,0.0506,0.0,0,ruido_quimera,0,obra
W2101946146|W2123755784|W4285719527,Cyb|PolInd,0.0644,-0.282,0.0575,0.2938,1,fechamento_trivial,0,obra
W201578715|W2111030512|W2154683088,Cyb|PolInd,0.0644,-1.533,0.0241,0.2817,1,fechamento_trivial,0,obra
W201578715|W2111030512|W2123755784,Cyb|PolInd,0.0644,-1.534,0.0137,0.2197,1,fechamento_trivial,0,obra
W1566478880|W201578715|W52678905,Cyb|PolInd,0.0644,-1.534,0.0176,0.3736,0,ruido_quimera,0,obra
W2101946146|W2111030512|W4285719527,Cyb|PolInd,0.0643,-0.29,0.0575,0.0457,0,ruido_quimera,0,obra
W1566478880|W201578715|W2154683088,Cyb|PolInd,0.0643,-1.538,0.0401,0.5193,0,ruido_quimera,0,obra
W1520386898|W2126563689|W4285719527,Cyb|PolInd|Reg,0.0643,-0.23,0.0202,0.207,0,ruido_quimera,0,obra
W1566478880|W201578715|W2111030512,Cyb|PolInd,0.0641,-1.543,0.0305,0.2684,1,fechamento_trivial,0,obra
W2048086870|W2101946146|W4285719527,Cyb|PolInd,0.0641,-0.299,0.0136,0.3291,0,ruido_quimera,0,obra
W1492856410|W1520386898|W4285719527,Cyb|PolInd|Reg,0.0639,-0.251,0.0529,0.14,0,ruido_quimera,0,obra
W2014180588|W2126563689|W4285719527,Cyb|PolInd,0.0638,-0.313,0.0529,0.2417,1,fechamento_trivial,0,obra
W1566478880|W2101946146|W4285719527,Cyb|PolInd,0.0638,-0.315,0.0164,0.3839,0,ruido_quimera,0,obra
W1520386898|W2154683088|W4285719527,Cyb|PolInd|Reg,0.0637,-0.257,0.0552,0.3235,0,ruido_quimera,0,obra
W2120106358|W3124879925|W4371184,PolInd|Reg,0.0635,0.104,0.0529,0.3273,0,ruido_quimera,0,obra
W1520386898|W2123755784|W4285719527,Cyb|PolInd|Reg,0.0634,-0.272,0.0586,0.1735,0,ruido_quimera,0,obra
W1520386898|W2048086870|W4285719527,Cyb|PolInd|Reg,0.0633,-0.28,0.0552,0.2679,1,fechamento_trivial,0,obra
W1520386898|W2111030512|W4285719527,Cyb|PolInd|Reg,0.0631,-0.29,0.0586,0.1359,0,ruido_quimera,0,obra
W1520386898|W1566478880|W4285719527,Cyb|PolInd|Reg,0.063,-0.291,0.0782,0.3531,0,ruido_quimera,0,obra
W1520386898|W1601629960|W4285719527,Cyb|PolInd|Reg,0.0624,-0.32,0.027,0.2873,1,fechamento_trivial,0,obra
W1588942736|W3124879925|W4285719527,Cyb|PolInd,0.0622,-0.395,0.0586,0.1632,0,ruido_quimera,0,obra
W2096611253|W2126563689|W4285719527,Cyb|PolInd,0.0622,-0.394,0.0529,0.0523,0,ruido_quimera,0,obra
W1601629960|W2014180588|W4285719527,Cyb|PolInd,0.0615,-0.429,0.0701,0.2006,0,ruido_quimera,0,obra
W1492856410|W2143943407|W4285719527,Cyb|PolInd,0.0614,-0.433,0.0517,0.1552,0,ruido_quimera,0,obra
W2143943407|W2154683088|W4285719527,Cyb|PolInd,0.0613,-0.441,0.054,0.2474,1,fechamento_trivial,0,obra
W1965278510|W2025177555|W52678905,Cyb|Reg,0.0612,0.284,0.0483,0.4243,0,ruido_quimera,0,obra
W1965278510|W4244612406|W52678905,Cyb|Reg,0.0612,0.28,0.0137,0.5533,0,ruido_quimera,0,obra
W1965278510|W2025177555|W2123755784,Cyb|Reg,0.0611,0.277,0.0483,0.2398,1,fechamento_trivial,0,obra
W1965278510|W2111030512|W4244612406,Cyb|Reg,0.061,0.272,0.0609,0.3082,1,agenda_pesquisa,0,obra
W2123755784|W2143943407|W4285719527,Cyb|PolInd,0.061,-0.457,0.0575,0.0983,0,ruido_quimera,0,obra
W1520641906|W1601629960|W2068155429,Cyb|PolInd,0.061,0.958,0.0163,0.3402,0,ruido_quimera,0,obra
W2068155429|W2126563689|W4206762723,Cyb|PolInd,0.0609,1.234,0.1678,0.2385,1,agenda_pesquisa,0,obra
W1492856410|W1965278510|W4285719527,Cyb|PolInd|Reg,0.0609,-0.395,0.0552,0.2619,1,fechamento_trivial,0,obra
W1566478880|W1965278510|W4205188686,Cyb|Reg,0.0609,0.269,0.054,0.2923,1,fechamento_trivial,0,obra
W1566478880|W1965278510|W2025177555,Cyb|Reg,0.0609,0.267,0.0598,0.4071,0,ruido_quimera,0,obra
W1965278510|W3124879925|W4285719527,PolInd|Reg,0.0609,-0.007,0.0575,0.1872,0,ruido_quimera,0,obra
W1492856410|W1965278510|W2123755784,Cyb|Reg,0.0608,0.26,0.0747,0.1892,0,ruido_quimera,0,obra
W1965278510|W2154683088|W4285719527,Cyb|PolInd|Reg,0.0608,-0.397,0.0575,0.4474,0,ruido_quimera,0,obra
W1566478880|W1965278510|W4244612406,Cyb|Reg,0.0608,0.263,0.0202,0.4344,0,ruido_quimera,0,obra
W1965278510|W2123755784|W2154683088,Cyb|Reg,0.0607,0.258,0.1057,0.3128,1,agenda_pesquisa,0,obra
W1566478880|W2143943407|W4285719527,Cyb|PolInd,0.0606,-0.475,0.077,0.2742,1,agenda_pesquisa,0,obra
W1965278510|W2111030512|W52678905,Cyb|Reg,0.0606,0.251,0.069,0.2703,1,agenda_pesquisa,0,obra
W1965278510|W2123755784|W52678905,Cyb|Reg,0.0606,0.251,0.0102,0.2788,1,fechamento_trivial,0,obra
W2048086870|W2143943407|W4285719527,Cyb|PolInd,0.0606,-0.475,0.0102,0.2419,1,fechamento_trivial,0,obra
W2111030512|W2143943407|W4285719527,Cyb|PolInd,0.0606,-0.473,0.0575,0.058,0,ruido_quimera,0,obra
W1492856410|W1566478880|W1965278510,Cyb|Reg,0.0605,0.25,0.0954,0.3343,0,ruido_quimera,0,obra
W1566478880|W1965278510|W2154683088,Cyb|Reg,0.0605,0.248,0.0747,0.5399,0,ruido_quimera,0,obra
W1965278510|W2111030512|W2123755784,Cyb|Reg,0.0604,0.244,0.0747,0.1402,0,ruido_quimera,0,obra
W1965278510|W2123755784|W4285719527,Cyb|PolInd|Reg,0.0604,-0.418,0.0163,0.1418,0,ruido_quimera,0,obra
W1566478880|W1965278510|W52678905,Cyb|Reg,0.0604,0.241,0.0137,0.4022,0,ruido_quimera,0,obra
W1965278510|W2111030512|W4285719527,Cyb|PolInd|Reg,0.0603,-0.425,0.0609,0.1052,0,ruido_quimera,0,obra
W1566478880|W1965278510|W2111030512,Cyb|Reg,0.0602,0.233,0.1057,0.2303,1,agenda_pesquisa,0,obra
W1520641906|W1601629960|W3022339544,Cyb|PolInd,0.0602,0.896,0.0736,0.2961,1,agenda_pesquisa,0,obra
W1965278510|W2048086870|W2111030512,Cyb|Reg,0.0602,0.234,0.0575,0.218,1,fechamento_trivial,0,obra
W1492856410|W1495886451|W4285719527,Cyb|PolInd,0.0602,-0.493,0.0517,0.1429,0,ruido_quimera,0,obra
W1566478880|W1965278510|W4285719527,Cyb|PolInd|Reg,0.06,-0.435,0.027,0.341,0,ruido_quimera,0,obra
W1601629960|W2096611253|W4285719527,Cyb|PolInd,0.0599,-0.511,0.0701,0.2471,1,agenda_pesquisa,0,obra
W1492856410|W2082503759|W4285719527,Cyb|PolInd,0.0599,-0.511,0.0529,0.2491,1,fechamento_trivial,0,obra
W1492856410|W2089402107|W4285719527,Cyb|PolInd,0.0598,-0.515,0.0517,0.242,1,fechamento_trivial,0,obra
W1520386898|W2126563689|W4206762723,Cyb|Reg,0.0598,0.119,0.169,0.207,0,ruido_quimera,0,obra
W1492856410|W4285719527|W4371184,Cyb|PolInd|Reg,0.0598,-0.444,0.0563,0.3246,0,ruido_quimera,0,obra
W2154683088|W4285719527|W4371184,Cyb|PolInd|Reg,0.0597,-0.449,0.0586,0.2325,1,fechamento_trivial,0,obra
W1495886451|W2048086870|W4285719527,Cyb|PolInd,0.0597,-0.519,0.054,0.3048,1,fechamento_trivial,0,obra
W2082503759|W2154683088|W4285719527,Cyb|PolInd,0.0596,-0.523,0.0136,0.2474,1,fechamento_trivial,0,obra
W1601629960|W2068155429|W4206762723,Cyb|PolInd,0.0595,1.126,0.0713,0.2557,1,agenda_pesquisa,0,obra
W1553746973|W1965278510|W4285719527,PolInd|Reg,0.0595,-0.071,0.0338,0.311,1,fechamento_trivial,0,obra
W1990360714|W4206762723|W4285719527,Cyb|PolInd,0.0595,-0.84,0.0494,0.0,0,ruido_quimera,0,obra
W1515810707|W4206762723|W4285719527,Cyb|PolInd,0.0595,-0.416,0.0152,0.0,0,ruido_quimera,0,obra
W2048086870|W2089402107|W4285719527,Cyb|PolInd,0.0595,-0.528,0.0102,0.3467,0,ruido_quimera,0,obra
W2048086870|W4285719527|W4371184,Cyb|PolInd|Reg,0.0594,-0.467,0.0586,0.2526,1,fechamento_trivial,0,obra
W2123755784|W4285719527|W4371184,Cyb|PolInd|Reg,0.0594,-0.464,0.0621,0.1607,0,ruido_quimera,0,obra
W2048086870|W2082503759|W4285719527,Cyb|PolInd,0.0593,-0.54,0.0136,0.2958,1,fechamento_trivial,0,obra
W2082503759|W2111030512|W4285719527,Cyb|PolInd,0.0592,-0.545,0.0586,0.2285,1,fechamento_trivial,0,obra
W1492856410|W1551036771|W4285719527,Cyb|PolInd,0.0592,-0.543,0.054,0.1225,0,ruido_quimera,0,obra
W1566478880|W4285719527|W4371184,Cyb|PolInd|Reg,0.0591,-0.481,0.0816,0.2439,1,agenda_pesquisa,0,obra
W2111030512|W4285719527|W4371184,Cyb|PolInd|Reg,0.0591,-0.479,0.0621,0.1295,0,ruido_quimera,0,obra
W1551036771|W2154683088|W4285719527,Cyb|PolInd,0.0591,-0.549,0.0563,0.209,0,ruido_quimera,0,obra
W1520386898|W1601629960|W4206762723,Cyb|Reg,0.059,0.08,0.0713,0.2873,1,agenda_pesquisa,0,obra
W1517701247|W4206762723|W4285719527,Cyb|PolInd,0.059,-0.862,0.0517,0.0,0,ruido_quimera,0,obra
W1551036771|W2123755784|W4285719527,Cyb|PolInd,0.0588,-0.566,0.0598,0.207,0,ruido_quimera,0,obra
W2000465687|W4206762723|W4285719527,Cyb|PolInd,0.0586,-0.88,0.0483,0.0,0,ruido_quimera,0,obra
W1551036771|W2111030512|W4285719527,Cyb|PolInd,0.0585,-0.58,0.0598,0.232,1,agenda_pesquisa,0,obra
W1515810707|W2126563689|W4285719527,Cyb|PolInd,0.0585,-0.423,0.0153,0.2702,1,fechamento_trivial,0,obra
W1551036771|W2048086870|W4285719527,Cyb|PolInd,0.0585,-0.579,0.0563,0.213,0,ruido_quimera,0,obra
W2126563689|W4285719527|W74794663,Cyb|PolInd,0.0585,-0.578,0.0506,0.1856,0,ruido_quimera,0,obra
W1551036771|W1566478880|W4285719527,Cyb|PolInd,0.0584,-0.582,0.0793,0.2229,1,agenda_pesquisa,0,obra
W1601629960|W3022339544|W4206762723,Cyb|PolInd,0.0584,1.043,0.0678,0.2217,1,agenda_pesquisa,0,obra
W1601629960|W2068155429|W2126563689,Cyb|PolInd,0.0583,0.823,0.0164,0.3418,0,ruido_quimera,0,obra
W1517701247|W2126563689|W4285719527,Cyb|PolInd,0.0579,-0.61,0.054,0.0475,0,ruido_quimera,0,obra
W2796849763|W4206762723|W4285719527,Cyb|PolInd,0.0578,-0.919,0.0494,0.0,0,ruido_quimera,0,obra
W4206762723|W4285719527|W566586761,Cyb|PolInd,0.0578,-0.919,0.0152,0.0,0,ruido_quimera,0,obra
W1515810707|W1601629960|W4285719527,Cyb|PolInd,0.0574,-0.424,0.0153,0.2872,1,fechamento_trivial,0,obra
W1601629960|W2126563689|W3022339544,Cyb|PolInd,0.0573,0.753,0.0782,0.3097,1,agenda_pesquisa,0,obra
W1990360714|W2126563689|W4285719527,Cyb|PolInd,0.0573,-0.64,0.0517,0.3057,1,fechamento_trivial,0,obra
W3124879925|W4285719527|W4371184,PolInd|Reg,0.0573,-0.164,0.0169,0.3721,0,ruido_quimera,0,obra
W2111030512|W2129385606|W2325487953,Cyb|PolInd,0.0568,0.637,0.0483,0.3578,0,ruido_quimera,0,obra
W2000465687|W2126563689|W4285719527,Cyb|PolInd,0.0565,-0.678,0.0506,0.0495,0,ruido_quimera,0,obra
W2111030512|W2122679534|W2325487953,Cyb|PolInd,0.0562,0.59,0.0483,0.2685,1,fechamento_trivial,0,obra
W1601629960|W4285719527|W74794663,Cyb|PolInd,0.0562,-0.696,0.0678,0.1624,0,ruido_quimera,0,obra
W158727920|W1601629960|W4285719527,Cyb|PolInd,0.056,-0.426,0.027,0.1383,0,ruido_quimera,0,obra
W1517701247|W1601629960|W4285719527,Cyb|PolInd,0.0559,-0.709,0.0713,0.0855,0,ruido_quimera,0,obra
W2126563689|W4285719527|W566586761,Cyb|PolInd,0.0558,-0.716,0.0153,0.1602,0,ruido_quimera,0,obra
W2126563689|W2796849763|W4285719527,Cyb|PolInd,0.0556,-0.725,0.0517,0.2081,0,ruido_quimera,0,obra
W1601629960|W1990360714|W4285719527,Cyb|PolInd,0.055,-0.754,0.069,0.401,0,ruido_quimera,0,obra
W2059789395|W2111030512|W2325487953,Cyb|PolInd,0.0549,0.487,0.0483,0.5011,0,ruido_quimera,0,obra
W1601629960|W2000465687|W4285719527,Cyb|PolInd,0.0542,-0.795,0.0678,0.1158,0,ruido_quimera,0,obra
W1492856410|W2014180588|W4285719527,Cyb|PolInd,0.054,-0.801,0.054,0.3651,0,ruido_quimera,0,obra
W1855283887|W2111030512|W2325487953,Cyb|PolInd,0.0539,0.409,0.0483,0.3156,1,fechamento_trivial,0,obra
W2014180588|W2154683088|W4285719527,Cyb|PolInd,0.0539,-0.81,0.0563,0.3522,0,ruido_quimera,0,obra
W1492856410|W1515810707|W4285719527,Cyb|PolInd,0.0538,-0.429,0.054,0.3021,1,fechamento_trivial,0,obra
W1515810707|W2154683088|W4285719527,Cyb|PolInd,0.0538,-0.429,0.0153,0.3022,1,fechamento_trivial,0,obra
W2014180588|W2123755784|W4285719527,Cyb|PolInd,0.0536,-0.823,0.0598,0.2113,0,ruido_quimera,0,obra
W1515810707|W2111030512|W4285719527,Cyb|PolInd,0.0535,-0.429,0.0598,0.3038,1,agenda_pesquisa,0,obra
W2014180588|W2111030512|W4285719527,Cyb|PolInd,0.0533,-0.837,0.0598,0.2527,1,agenda_pesquisa,0,obra
W2014180588|W2048086870|W4285719527,Cyb|PolInd,0.0533,-0.838,0.0563,0.2528,1,fechamento_trivial,0,obra
W1566478880|W2014180588|W4285719527,Cyb|PolInd,0.0533,-0.841,0.0793,0.331,0,ruido_quimera,0,obra
W1601629960|W2796849763|W4285719527,Cyb|PolInd,0.0532,-0.844,0.069,0.2463,1,agenda_pesquisa,0,obra
W2068155429|W2111030512|W2325487953,Cyb|PolInd,0.0531,0.349,0.0494,0.3134,1,fechamento_trivial,0,obra
W2096775067|W4206762723|W4285719527,Cyb|PolInd,0.0531,-1.14,0.0494,0.0,0,ruido_quimera,0,obra
W1848725895|W4206762723|W4285719527,Cyb|PolInd,0.0528,-1.154,0.0529,0.0,0,ruido_quimera,0,obra
W158727920|W2154683088|W4285719527,Cyb|PolInd,0.0523,-0.43,0.0575,0.2827,1,fechamento_trivial,0,obra
W1492856410|W158727920|W4285719527,Cyb|PolInd,0.0523,-0.43,0.0552,0.2255,1,fechamento_trivial,0,obra
W1492856410|W2096611253|W4285719527,Cyb|PolInd,0.0523,-0.889,0.054,0.154,0,ruido_quimera,0,obra
W1895366050|W4206762723|W4285719527,Cyb|PolInd,0.0523,-1.18,0.0517,0.0,0,ruido_quimera,0,obra
W1520641906|W1601629960|W3122116504,Cyb|PolInd,0.0522,0.28,0.0736,0.3178,0,ruido_quimera,0,obra
W2096611253|W2154683088|W4285719527,Cyb|PolInd,0.0521,-0.898,0.0563,0.1576,0,ruido_quimera,0,obra
W158727920|W2111030512|W4285719527,Cyb|PolInd,0.0521,-0.431,0.0163,0.0673,0,ruido_quimera,0,obra
W2122679534|W4244612406|W52678905,Cyb|PolInd,0.052,0.387,0.0782,0.3905,0,ruido_quimera,0,obra
W2025177555|W2122679534|W52678905,Cyb|PolInd,0.0518,0.375,0.0483,0.3031,1,fechamento_trivial,0,obra
W2096611253|W2123755784|W4285719527,Cyb|PolInd,0.0518,-0.912,0.0598,0.1105,0,ruido_quimera,0,obra
W1566478880|W2122679534|W4244612406,Cyb|PolInd,0.0517,0.362,0.0529,0.3665,0,ruido_quimera,0,obra
W1566478880|W2122679534|W4205188686,Cyb|PolInd,0.0516,0.361,0.054,0.2604,1,fechamento_trivial,0,obra
W1566478880|W2096611253|W4285719527,Cyb|PolInd,0.0515,-0.929,0.0793,0.2078,0,ruido_quimera,0,obra
W1566478880|W2025177555|W2122679534,Cyb|PolInd,0.0515,0.35,0.0598,0.3808,0,ruido_quimera,0,obra
W2096611253|W2111030512|W4285719527,Cyb|PolInd,0.0515,-0.928,0.0598,0.1258,0,ruido_quimera,0,obra
W2048086870|W2096611253|W4285719527,Cyb|PolInd,0.0515,-0.926,0.0563,0.1855,0,ruido_quimera,0,obra
W2122679534|W2123755784|W52678905,Cyb|PolInd,0.0513,0.335,0.0632,0.2117,0,ruido_quimera,0,obra
W1492856410|W1566478880|W2122679534,Cyb|PolInd,0.0512,0.332,0.0954,0.2757,1,agenda_pesquisa,0,obra
W1566478880|W2122679534|W2154683088,Cyb|PolInd,0.0511,0.326,0.0747,0.4672,0,ruido_quimera,0,obra
W2111030512|W2122679534|W52678905,Cyb|PolInd,0.0511,0.326,0.069,0.1555,0,ruido_quimera,0,obra
W1973459906|W2154683088|W4285719527,Cyb|PolInd,0.0511,-0.95,0.0575,0.3994,0,ruido_quimera,0,obra
W1566478880|W2122679534|W52678905,Cyb|PolInd,0.051,0.315,0.0137,0.3051,1,fechamento_trivial,0,obra
W1566478880|W2122679534|W2123755784,Cyb|PolInd,0.0509,0.31,0.1506,0.3498,0,ruido_quimera,0,obra
W2096775067|W2126563689|W4285719527,Cyb|PolInd,0.0509,-0.959,0.0517,0.0,0,ruido_quimera,0,obra
W2120946983|W4206762723|W4285719527,Cyb|PolInd|Reg,0.0509,-0.792,0.0202,0.0,0,ruido_quimera,0,obra
W1566478880|W2111030512|W2122679534,Cyb|PolInd,0.0508,0.302,0.1057,0.2103,0,ruido_quimera,0,obra
W1973459906|W2048086870|W4285719527,Cyb|PolInd,0.0508,-0.962,0.0575,0.3677,0,ruido_quimera,0,obra
W2048086870|W2111030512|W2122679534,Cyb|PolInd,0.0508,0.303,0.0563,0.2101,0,ruido_quimera,0,obra
W1973459906|W2123755784|W4285719527,Cyb|PolInd,0.0507,-0.971,0.0163,0.3134,1,fechamento_trivial,0,obra
W2059789395|W4244612406|W52678905,Cyb|PolInd,0.0507,0.294,0.0782,0.5117,0,ruido_quimera,0,obra
W1492856410|W2026948646|W2059789395,Cyb|PolInd,0.0507,0.299,0.0678,0.503,0,ruido_quimera,0,obra
W1973459906|W2111030512|W4285719527,Cyb|PolInd,0.0506,-0.974,0.0609,0.3003,1,agenda_pesquisa,0,obra
W1601629960|W3122116504|W4206762723,Cyb|PolInd,0.0505,0.434,0.0678,0.2847,1,agenda_pesquisa,0,obra
W1848725895|W2126563689|W4285719527,Cyb|PolInd,0.0505,-0.977,0.0169,0.1924,0,ruido_quimera,0,obra
W1520641906|W1601629960|W2099330597,Cyb|PolInd,0.0504,0.137,0.0736,0.2579,1,agenda_pesquisa,0,obra
W1566478880|W2059789395|W4244612406,Cyb|PolInd,0.0503,0.265,0.0517,0.4242,0,ruido_quimera,0,obra
W1895366050|W2126563689|W4285719527,Cyb|PolInd,0.0501,-0.999,0.054,0.0204,0,ruido_quimera,0,obra
W2025177555|W2059789395|W2111030512,Cyb|PolInd,0.05,0.245,0.0483,0.3871,0,ruido_quimera,0,obra
W2059789395|W2111030512|W52678905,Cyb|PolInd,0.0497,0.223,0.069,0.3314,0,ruido_quimera,0,obra
W1520641906|W1601629960|W2082597100,Cyb|PolInd,0.0496,0.073,0.0736,0.2696,1,agenda_pesquisa,0,obra
W1492856410|W2059789395|W2111030512,Cyb|PolInd,0.0496,0.223,0.0506,0.3722,0,ruido_quimera,0,obra
W2059789395|W2111030512|W2154683088,Cyb|PolInd,0.0496,0.218,0.0494,0.3517,0,ruido_quimera,0,obra
W1492856410|W1855283887|W1970428482,Cyb|PolInd,0.0495,0.213,0.0517,0.2879,1,fechamento_trivial,0,obra
W2059789395|W2111030512|W2123755784,Cyb|PolInd,0.0494,0.207,0.0747,0.2306,1,agenda_pesquisa,0,obra
W2048086870|W2059789395|W2111030512,Cyb|PolInd,0.0493,0.196,0.0563,0.3145,1,fechamento_trivial,0,obra
W1601629960|W2126563689|W3122116504,Cyb|PolInd,0.0493,0.199,0.0782,0.321,0,ruido_quimera,0,obra
W1492856410|W4285719527|W74794663,Cyb|PolInd,0.0492,-1.042,0.0517,0.2404,1,fechamento_trivial,0,obra
W1566478880|W2059789395|W2111030512,Cyb|PolInd,0.0492,0.194,0.1046,0.3227,0,ruido_quimera,0,obra
W1855283887|W4244612406|W52678905,Cyb|PolInd,0.0492,0.191,0.0782,0.4199,0,ruido_quimera,0,obra
W1492856410|W1855283887|W2026948646,Cyb|PolInd,0.0492,0.19,0.0678,0.3808,0,ruido_quimera,0,obra
W2035713188|W4206762723|W4285719527,Cyb|PolInd,0.0492,-1.325,0.0174,0.0,0,ruido_quimera,0,obra
W2154683088|W4285719527|W74794663,Cyb|PolInd,0.0491,-1.05,0.054,0.2264,1,fechamento_trivial,0,obra
W2120106358|W225706379|W3124879925,Cyb|PolInd,0.0491,-0.403,0.0529,0.3122,1,fechamento_trivial,0,obra
W1510137183|W2111030512|W2325487953,Cyb|PolInd,0.0491,0.038,0.0483,0.2999,1,fechamento_trivial,0,obra
W2082597100|W2126563689|W4206762723,Cyb|PolInd,0.0491,0.332,0.1678,0.2137,0,ruido_quimera,0,obra
W1855283887|W2111030512|W4244612406,Cyb|PolInd,0.049,0.181,0.0598,0.2494,1,agenda_pesquisa,0,obra
W1492856410|W1970428482|W2068155429,Cyb|PolInd,0.049,0.181,0.0517,0.3589,0,ruido_quimera,0,obra
W1492856410|W1855283887|W4205188686,Cyb|PolInd,0.0489,0.173,0.0874,0.3298,0,ruido_quimera,0,obra
W1566478880|W1855283887|W4244612406,Cyb|PolInd,0.0489,0.168,0.054,0.385,0,ruido_quimera,0,obra
W1855283887|W2025177555|W52678905,Cyb|PolInd,0.0489,0.173,0.0483,0.3199,0,ruido_quimera,0,obra
W1566478880|W1855283887|W2026948646,Cyb|PolInd,0.0488,0.164,0.0483,0.2806,1,fechamento_trivial,0,obra
W1855283887|W2025177555|W2111030512,Cyb|PolInd,0.0488,0.163,0.0483,0.2275,1,fechamento_trivial,0,obra
W2123755784|W4285719527|W74794663,Cyb|PolInd,0.0487,-1.066,0.0575,0.2194,1,fechamento_trivial,0,obra
W1855283887|W2025177555|W2123755784,Cyb|PolInd,0.0487,0.157,0.0506,0.2386,1,fechamento_trivial,0,obra
W2068155429|W4244612406|W52678905,Cyb|PolInd,0.0487,0.157,0.0782,0.5228,0,ruido_quimera,0,obra
W1492856410|W2026948646|W2068155429,Cyb|PolInd,0.0487,0.156,0.0678,0.4086,0,ruido_quimera,0,obra
W2120946983|W2126563689|W4285719527,Cyb|PolInd|Reg,0.0486,-0.982,0.0242,0.2165,1,fechamento_trivial,0,obra
W1566478880|W1855283887|W2025177555,Cyb|PolInd,0.0486,0.149,0.0609,0.3866,0,ruido_quimera,0,obra
W1566478880|W1855283887|W4205188686,Cyb|PolInd,0.0485,0.146,0.0552,0.2816,1,fechamento_trivial,0,obra
W1601629960|W2096775067|W4285719527,Cyb|PolInd,0.0485,-1.077,0.069,0.0,0,ruido_quimera,0,obra
W2048086870|W4285719527|W74794663,Cyb|PolInd,0.0485,-1.079,0.054,0.1899,0,ruido_quimera,0,obra
W1566478880|W2068155429|W233775549,Cyb|PolInd,0.0485,0.284,0.0483,0.3624,0,ruido_quimera,0,obra
W2026948646|W2068155429|W2154683088,Cyb|PolInd,0.0485,0.146,0.0483,0.3576,0,ruido_quimera,0,obra
W1492856410|W1855283887|W2154683088,Cyb|PolInd,0.0485,0.146,0.0103,0.3494,0,ruido_quimera,0,obra
W1566478880|W4285719527|W74794663,Cyb|PolInd,0.0484,-1.084,0.077,0.2921,1,agenda_pesquisa,0,obra
W2068155429|W2111030512|W4244612406,Cyb|PolInd,0.0484,0.134,0.0609,0.3017,1,agenda_pesquisa,0,obra
W1855283887|W2111030512|W2154683088,Cyb|PolInd,0.0484,0.133,0.0102,0.247,1,fechamento_trivial,0,obra
W1492856410|W2068155429|W4205188686,Cyb|PolInd,0.0484,0.137,0.0874,0.3768,0,ruido_quimera,0,obra
W2111030512|W4285719527|W74794663,Cyb|PolInd,0.0484,-1.085,0.0575,0.0824,0,ruido_quimera,0,obra
W1855283887|W2123755784|W2154683088,Cyb|PolInd,0.0483,0.127,0.0154,0.3171,0,ruido_quimera,0,obra
W1855283887|W2111030512|W52678905,Cyb|PolInd,0.0483,0.128,0.0103,0.2,0,ruido_quimera,0,obra
W1492856410|W1855283887|W2111030512,Cyb|PolInd,0.0483,0.131,0.0102,0.2026,0,ruido_quimera,0,obra
W1601629960|W1848725895|W4285719527,Cyb|PolInd,0.0482,-1.091,0.017,0.2254,1,fechamento_trivial,0,obra
W1855283887|W2123755784|W52678905,Cyb|PolInd,0.0482,0.122,0.0153,0.2371,1,fechamento_trivial,0,obra
W1566478880|W2068155429|W4244612406,Cyb|PolInd,0.0482,0.125,0.0552,0.4681,0,ruido_quimera,0,obra
W1566478880|W2026948646|W2068155429,Cyb|PolInd,0.0482,0.123,0.0494,0.3169,0,ruido_quimera,0,obra
W1566478880|W1855283887|W2154683088,Cyb|PolInd,0.0482,0.119,0.0153,0.525,0,ruido_quimera,0,obra
W2025177555|W2068155429|W52678905,Cyb|PolInd,0.0482,0.122,0.0102,0.3827,0,ruido_quimera,0,obra
W1566478880|W1855283887|W52678905,Cyb|PolInd,0.0481,0.115,0.0154,0.3412,0,ruido_quimera,0,obra
W1855283887|W2111030512|W2123755784,Cyb|PolInd,0.048,0.112,0.0153,0.173,0,ruido_quimera,0,obra
W2025177555|W2068155429|W2123755784,Cyb|PolInd,0.0479,0.1,0.0162,0.2556,1,fechamento_trivial,0,obra
W1566478880|W1855283887|W2111030512,Cyb|PolInd,0.0479,0.104,0.0154,0.2438,1,fechamento_trivial,0,obra
W1566478880|W2068155429|W4205188686,Cyb|PolInd,0.0479,0.104,0.0563,0.3371,0,ruido_quimera,0,obra
W1492856410|W2068155429|W2154683088,Cyb|PolInd,0.0478,0.097,0.0154,0.4037,0,ruido_quimera,0,obra
W2005888056|W4206762723|W4285719527,Cyb|PolInd,0.0477,1.539,0.0517,0.0,0,ruido_quimera,0,obra
W2068155429|W2111030512|W52678905,Cyb|PolInd,0.0476,0.082,0.0136,0.2434,1,fechamento_trivial,0,obra
W1492856410|W2068155429|W2111030512,Cyb|PolInd,0.0476,0.083,0.0136,0.2177,1,fechamento_trivial,0,obra
W1492856410|W4285719527|W566586761,Cyb|PolInd,0.0476,-1.124,0.054,0.1194,0,ruido_quimera,0,obra
W2154683088|W4285719527|W566586761,Cyb|PolInd,0.0475,-1.129,0.0563,0.3067,1,fechamento_trivial,0,obra
W2068155429|W2111030512|W2154683088,Cyb|PolInd,0.0475,0.073,0.0241,0.279,1,fechamento_trivial,0,obra
W2068155429|W2123755784|W2154683088,Cyb|PolInd,0.0475,0.073,0.0348,0.3539,0,ruido_quimera,0,obra
W1566478880|W2068155429|W52678905,Cyb|PolInd,0.0475,0.072,0.0164,0.4154,0,ruido_quimera,0,obra
W1492856410|W1566478880|W2068155429,Cyb|PolInd,0.0475,0.074,0.0164,0.3679,0,ruido_quimera,0,obra
W1566478880|W2068155429|W2154683088,Cyb|PolInd,0.0474,0.064,0.0345,0.5879,0,ruido_quimera,0,obra
W1492856410|W1970428482|W3022339544,Cyb|PolInd,0.0473,0.059,0.0517,0.3523,0,ruido_quimera,0,obra
W2123755784|W4285719527|W566586761,Cyb|PolInd,0.0471,-1.146,0.0598,0.2007,0,ruido_quimera,0,obra
W2035713188|W2126563689|W4285719527,Cyb|PolInd,0.047,-1.154,0.0174,0.1216,0,ruido_quimera,0,obra
W1492856410|W2026948646|W3022339544,Cyb|PolInd,0.0469,0.031,0.0678,0.443,0,ruido_quimera,0,obra
W1566478880|W4285719527|W566586761,Cyb|PolInd,0.0468,-1.163,0.0793,0.3237,0,ruido_quimera,0,obra
W2048086870|W4285719527|W566586761,Cyb|PolInd,0.0468,-1.163,0.0153,0.3269,0,ruido_quimera,0,obra
W1601629960|W2082597100|W2126563689,Cyb|PolInd,0.0467,0.019,0.0782,0.3178,0,ruido_quimera,0,obra
W2111030512|W4285719527|W566586761,Cyb|PolInd,0.0466,-1.171,0.0153,0.0826,0,ruido_quimera,0,obra
W1566478880|W3022339544|W4244612406,Cyb|PolInd,0.0465,0.002,0.0529,0.4119,0,ruido_quimera,0,obra
W2025177555|W3022339544|W52678905,Cyb|PolInd,0.0465,0.003,0.0483,0.3298,0,ruido_quimera,0,obra
W2111030512|W3022339544|W4244612406,Cyb|PolInd,0.0464,-0.0,0.0621,0.3286,0,ruido_quimera,0,obra
W2025177555|W2123755784|W3022339544,Cyb|PolInd,0.0461,-0.021,0.0152,0.2686,1,fechamento_trivial,0,obra
W2123755784|W3022339544|W52678905,Cyb|PolInd,0.0459,-0.037,0.0655,0.2531,1,agenda_pesquisa,0,obra
W2111030512|W3022339544|W52678905,Cyb|PolInd,0.0458,-0.048,0.0713,0.2446,1,agenda_pesquisa,0,obra
W1566478880|W3022339544|W52678905,Cyb|PolInd,0.0458,-0.045,0.1115,0.3334,0,ruido_quimera,0,obra
W1492856410|W2796849763|W4285719527,Cyb|PolInd,0.0458,-1.216,0.0529,0.1871,0,ruido_quimera,0,obra
W1492856410|W2111030512|W3022339544,Cyb|PolInd,0.0457,-0.051,0.0153,0.2838,1,fechamento_trivial,0,obra
W1990360714|W2154683088|W4285719527,Cyb|PolInd,0.0457,-1.218,0.0552,0.3307,0,ruido_quimera,0,obra
W1492856410|W1990360714|W4285719527,Cyb|PolInd,0.0457,-1.218,0.0136,0.3426,0,ruido_quimera,0,obra
W2111030512|W2154683088|W3022339544,Cyb|PolInd,0.0456,-0.058,0.0241,0.278,1,fechamento_trivial,0,obra
W2154683088|W2796849763|W4285719527,Cyb|PolInd,0.0456,-1.222,0.0552,0.2145,0,ruido_quimera,0,obra
W2005888056|W2126563689|W4285719527,Cyb|PolInd,0.0454,1.617,0.054,0.1272,0,ruido_quimera,0,obra
W1990360714|W2123755784|W4285719527,Cyb|PolInd,0.0453,-1.236,0.0586,0.2289,1,fechamento_trivial,0,obra
W2123755784|W2796849763|W4285719527,Cyb|PolInd,0.0453,-1.239,0.0586,0.1751,0,ruido_quimera,0,obra
W1990360714|W2111030512|W4285719527,Cyb|PolInd,0.0451,-1.249,0.0586,0.2317,1,fechamento_trivial,0,obra
W1566478880|W1990360714|W4285719527,Cyb|PolInd,0.045,-1.253,0.0782,0.2664,1,agenda_pesquisa,0,obra
W1990360714|W2048086870|W4285719527,Cyb|PolInd,0.045,-1.256,0.0202,0.2444,1,fechamento_trivial,0,obra
W1566478880|W2796849763|W4285719527,Cyb|PolInd,0.0449,-1.26,0.0137,0.2448,1,fechamento_trivial,0,obra
W1999686839|W2048894562|W3130930004,Cyb|PolInd,0.0449,-0.405,0.1322,0.433,0,ruido_quimera,0,obra
W2111030512|W2796849763|W4285719527,Cyb|PolInd,0.0449,-1.26,0.0136,0.1163,0,ruido_quimera,0,obra
W2048086870|W2796849763|W4285719527,Cyb|PolInd,0.0449,-1.258,0.0136,0.1938,0,ruido_quimera,0,obra
W1601629960|W2035713188|W4285719527,Cyb|PolInd,0.0448,-1.263,0.0175,0.0882,0,ruido_quimera,0,obra
W1510137183|W2111030512|W4244612406,Cyb|PolInd,0.0447,-0.124,0.0598,0.2476,1,agenda_pesquisa,0,obra
W2066979365|W4206762723|W4285719527,Cyb|PolInd,0.0446,1.132,0.0529,0.0,0,ruido_quimera,0,obra
W1510137183|W2025177555|W2111030512,Cyb|PolInd,0.0443,-0.148,0.0483,0.2249,1,fechamento_trivial,0,obra
W1989864366|W2111030512|W2325487953,Cyb|PolInd,0.0443,-0.338,0.0102,0.2791,1,fechamento_trivial,0,obra
W1517701247|W2154683088|W4285719527,Cyb|PolInd,0.0443,-1.288,0.0268,0.388,0,ruido_quimera,0,obra
W1517701247|W2048086870|W4285719527,Cyb|PolInd,0.0443,-1.287,0.0163,0.3493,0,ruido_quimera,0,obra
W1492856410|W1517701247|W4285719527,Cyb|PolInd,0.0443,-1.286,0.0163,0.1632,0,ruido_quimera,0,obra
W2111030512|W2162484441|W2325487953,Cyb|PolInd,0.0441,-0.353,0.0102,0.3206,0,ruido_quimera,0,obra
W1517701247|W2123755784|W4285719527,Cyb|PolInd,0.044,-1.305,0.0269,0.2984,1,fechamento_trivial,0,obra
W1510137183|W2111030512|W52678905,Cyb|PolInd,0.044,-0.172,0.069,0.1883,0,ruido_quimera,0,obra
W1492856410|W1510137183|W2111030512,Cyb|PolInd,0.044,-0.167,0.0506,0.2057,0,ruido_quimera,0,obra
W1510137183|W2111030512|W2154683088,Cyb|PolInd,0.0439,-0.178,0.0494,0.1896,0,ruido_quimera,0,obra
W1510137183|W2111030512|W2123755784,Cyb|PolInd,0.0437,-0.189,0.0747,0.1679,0,ruido_quimera,0,obra
W2126563689|W3124140110|W4285719527,Cyb|PolInd,0.0437,1.403,0.0506,0.1383,0,ruido_quimera,0,obra
W1510137183|W1566478880|W2111030512,Cyb|PolInd,0.0435,-0.203,0.1046,0.2037,0,ruido_quimera,0,obra
W1510137183|W2048086870|W2111030512,Cyb|PolInd,0.0434,-0.211,0.0563,0.1946,0,ruido_quimera,0,obra
W1601629960|W2005888056|W4285719527,Cyb|PolInd,0.0431,1.318,0.0713,0.2649,1,agenda_pesquisa,0,obra
W2037927976|W2154683088|W4285719527,Cyb|PolInd|Reg,0.0431,-1.249,0.0632,0.2586,1,agenda_pesquisa,0,obra
W1492856410|W2037927976|W4285719527,Cyb|PolInd|Reg,0.0431,-1.245,0.0609,0.2595,1,agenda_pesquisa,0,obra
W1492856410|W2120946983|W4285719527,Cyb|PolInd|Reg,0.0429,-1.257,0.0529,0.2075,0,ruido_quimera,0,obra
W2120946983|W2154683088|W4285719527,Cyb|PolInd|Reg,0.0427,-1.265,0.0552,0.2675,1,fechamento_trivial,0,obra
W2037927976|W2123755784|W4285719527,Cyb|PolInd|Reg,0.0427,-1.264,0.0667,0.0758,0,ruido_quimera,0,obra
W2037927976|W2048086870|W4285719527,Cyb|PolInd|Reg,0.0427,-1.265,0.0632,0.2134,0,ruido_quimera,0,obra
W1995156820|W3124879925|W4285719527,Cyb|PolInd,0.0427,-0.407,0.0621,0.146,0,ruido_quimera,0,obra
W1566478880|W2037927976|W4285719527,Cyb|PolInd|Reg,0.0424,-1.281,0.0862,0.2255,1,agenda_pesquisa,0,obra
W1520641906|W1601629960|W2752617332,Cyb|Reg,0.0424,-0.845,0.0736,0.291,1,agenda_pesquisa,0,obra
W2120946983|W2123755784|W4285719527,Cyb|PolInd|Reg,0.0424,-1.28,0.0586,0.226,1,fechamento_trivial,0,obra
W2037927976|W2111030512|W4285719527,Cyb|PolInd|Reg,0.0424,-1.28,0.0667,0.1381,0,ruido_quimera,0,obra
W2066979365|W2126563689|W4285719527,Cyb|PolInd,0.0424,1.224,0.0552,0.2114,0,ruido_quimera,0,obra
W2048086870|W2120946983|W4285719527,Cyb|PolInd|Reg,0.0423,-1.287,0.0552,0.2632,1,fechamento_trivial,0,obra
W225706379|W3124879925|W4285719527,Cyb|PolInd,0.0423,-0.407,0.0153,0.3161,1,fechamento_trivial,0,obra
W1601629960|W1999997471|W4206762723,Cyb|PolInd,0.0422,-0.202,0.0701,0.2838,1,agenda_pesquisa,0,obra
W2111030512|W2120946983|W4285719527,Cyb|PolInd|Reg,0.0421,-1.296,0.0586,0.1936,0,ruido_quimera,0,obra
W2752617332|W4206762723|W4285719527,Cyb|PolInd|Reg,0.0421,-1.175,0.0162,0.0,0,ruido_quimera,0,obra
W1566478880|W2120946983|W4285719527,Cyb|PolInd|Reg,0.042,-1.298,0.0782,0.2472,1,agenda_pesquisa,0,obra
W1601629960|W201578715|W4285719527,Cyb|PolInd,0.0419,-1.408,0.027,0.2178,1,fechamento_trivial,0,obra
W2037927976|W3124879925|W4285719527,PolInd|Reg,0.0418,-0.838,0.0632,0.2255,1,agenda_pesquisa,0,obra
W1553746973|W1995156820|W4285719527,Cyb|PolInd,0.0418,-0.407,0.0494,0.1162,0,ruido_quimera,0,obra
W1606540910|W3124879925|W4285719527,Cyb|PolInd,0.0418,-0.407,0.0136,0.0276,0,ruido_quimera,0,obra
W1601629960|W3124140110|W4285719527,Cyb|PolInd,0.0413,1.089,0.0103,0.268,1,fechamento_trivial,0,obra
W1855283887|W4206762723|W4285719527,Cyb|PolInd,0.0413,0.7,0.0506,0.0,0,ruido_quimera,0,obra
W1492856410|W1895366050|W4285719527,Cyb|PolInd,0.0411,-1.45,0.0552,0.175,0,ruido_quimera,0,obra
W1973308529|W4206762723|W4285719527,Cyb|PolInd|Reg,0.0411,-1.217,0.0267,0.0,0,ruido_quimera,0,obra
W2120106358|W2120946983|W3124879925,PolInd|Reg,0.041,-0.87,0.054,0.2178,1,fechamento_trivial,0,obra
W1601629960|W1999997471|W2126563689,Cyb|PolInd,0.041,-0.376,0.0805,0.3561,0,ruido_quimera,0,obra
W1492856410|W2096775067|W4285719527,Cyb|PolInd,0.041,-1.454,0.0529,0.0,0,ruido_quimera,0,obra
W1895366050|W2154683088|W4285719527,Cyb|PolInd,0.0409,-1.455,0.0575,0.313,1,fechamento_trivial,0,obra
W2000465687|W2154683088|W4285719527,Cyb|PolInd,0.0408,-1.464,0.0136,0.3112,1,fechamento_trivial,0,obra
W1999686839|W3124879925|W4285719527,Cyb|PolInd,0.0408,-0.408,0.0609,0.1621,0,ruido_quimera,0,obra
W1848725895|W2154683088|W4285719527,Cyb|PolInd,0.0408,-1.462,0.0586,0.3686,0,ruido_quimera,0,obra
W2096775067|W2154683088|W4285719527,Cyb|PolInd,0.0408,-1.462,0.0552,0.0,0,ruido_quimera,0,obra
W2000465687|W2048086870|W4285719527,Cyb|PolInd,0.0408,-1.463,0.0163,0.3534,0,ruido_quimera,0,obra
W1492856410|W2000465687|W4285719527,Cyb|PolInd,0.0406,-1.471,0.0136,0.2161,1,fechamento_trivial,0,obra
W1895366050|W2048086870|W4285719527,Cyb|PolInd,0.0406,-1.474,0.0575,0.3297,0,ruido_quimera,0,obra
W1895366050|W2123755784|W4285719527,Cyb|PolInd,0.0405,-1.476,0.0163,0.2556,1,fechamento_trivial,0,obra
W1848725895|W2123755784|W4285719527,Cyb|PolInd,0.0405,-1.477,0.0621,0.17,0,ruido_quimera,0,obra
W2096775067|W2123755784|W4285719527,Cyb|PolInd,0.0405,-1.478,0.0586,0.0,0,ruido_quimera,0,obra
W2122679534|W4206762723|W4285719527,Cyb|PolInd,0.0405,0.585,0.0494,0.0,0,ruido_quimera,0,obra
W1601629960|W2752617332|W4206762723,Cyb|Reg,0.0405,-0.786,0.0103,0.1066,0,ruido_quimera,0,obra
W2000465687|W2111030512|W4285719527,Cyb|PolInd,0.0405,-1.476,0.0102,0.3537,0,ruido_quimera,0,obra
W1895366050|W2111030512|W4285719527,Cyb|PolInd,0.0404,-1.485,0.0609,0.0862,0,ruido_quimera,0,obra
W2058869237|W4206762723|W4285719527,Cyb|PolInd,0.0403,0.569,0.0494,0.0,0,ruido_quimera,0,obra
W1848725895|W2111030512|W4285719527,Cyb|PolInd,0.0402,-1.492,0.0621,0.2646,1,agenda_pesquisa,0,obra
W1553746973|W2037927976|W4285719527,PolInd|Reg,0.0402,-0.903,0.0506,0.2734,1,fechamento_trivial,0,obra
W1566478880|W1848725895|W4285719527,Cyb|PolInd,0.0402,-1.494,0.0816,0.3716,0,ruido_quimera,0,obra
W1566478880|W2096775067|W4285719527,Cyb|PolInd,0.0402,-1.495,0.0782,0.0,0,ruido_quimera,0,obra
W2096775067|W2111030512|W4285719527,Cyb|PolInd,0.0402,-1.494,0.0586,0.0,0,ruido_quimera,0,obra
W2048086870|W2096775067|W4285719527,Cyb|PolInd,0.0402,-1.491,0.0552,0.0,0,ruido_quimera,0,obra
W1566478880|W1895366050|W4285719527,Cyb|PolInd,0.0402,-1.492,0.0164,0.3681,0,ruido_quimera,0,obra
W2048086870|W2111030512|W3122116504,Cyb|PolInd,0.0401,-0.443,0.0563,0.3162,1,fechamento_trivial,0,obra
W1553746973|W1999686839|W4285719527,Cyb|PolInd,0.0401,-0.408,0.0483,0.1279,0,ruido_quimera,0,obra
W1517138715|W1520641906|W1601629960,Cyb|PolInd,0.04,-0.667,0.0736,0.2806,1,agenda_pesquisa,0,obra
W1601629960|W2066979365|W4285719527,Cyb|PolInd,0.04,0.929,0.0724,0.3058,1,agenda_pesquisa,0,obra
W1566478880|W1989864366|W4244612406,Cyb|PolInd,0.04,-0.449,0.0529,0.2792,1,fechamento_trivial,0,obra
W1989864366|W2111030512|W4244612406,Cyb|PolInd,0.04,-0.446,0.0598,0.2005,0,ruido_quimera,0,obra
W2129385606|W4206762723|W4285719527,Cyb|PolInd,0.04,0.528,0.0552,0.0,0,ruido_quimera,0,obra
W2111030512|W2162484441|W4244612406,Cyb|PolInd,0.0399,-0.455,0.0598,0.2113,0,ruido_quimera,0,obra
W1989864366|W2025177555|W2123755784,Cyb|PolInd,0.0399,-0.457,0.0483,0.1456,0,ruido_quimera,0,obra
W2126563689|W2752617332|W4285719527,Cyb|PolInd|Reg,0.0399,-1.4,0.0162,0.092,0,ruido_quimera,0,obra
W1566478880|W1989864366|W4205188686,Cyb|PolInd,0.0398,-0.46,0.054,0.1869,0,ruido_quimera,0,obra
W1989864366|W2025177555|W2111030512,Cyb|PolInd,0.0397,-0.469,0.0483,0.1694,0,ruido_quimera,0,obra
W1566478880|W1989864366|W2025177555,Cyb|PolInd,0.0396,-0.472,0.0598,0.2716,1,agenda_pesquisa,0,obra
W2025177555|W2111030512|W2162484441,Cyb|PolInd,0.0396,-0.478,0.0483,0.2289,1,fechamento_trivial,0,obra
W2064927380|W4206762723|W4285719527,Cyb|PolInd,0.0396,0.472,0.0517,0.0,0,ruido_quimera,0,obra
W1492856410|W1989864366|W2123755784,Cyb|PolInd,0.0395,-0.479,0.0747,0.1249,0,ruido_quimera,0,obra
W1989864366|W2123755784|W52678905,Cyb|PolInd,0.0395,-0.482,0.0632,0.1464,0,ruido_quimera,0,obra
W1601629960|W2126563689|W2752617332,Cyb|Reg,0.0394,-0.773,0.0103,0.2433,1,fechamento_trivial,0,obra
W1989864366|W2123755784|W2154683088,Cyb|PolInd,0.0394,-0.487,0.1057,0.1915,0,ruido_quimera,0,obra
W1492856410|W2035713188|W4285719527,Cyb|PolInd,0.0394,-1.534,0.0575,0.1648,0,ruido_quimera,0,obra
W1492856410|W1989864366|W2111030512,Cyb|PolInd,0.0394,-0.49,0.0506,0.1661,0,ruido_quimera,0,obra
W1566478880|W1989864366|W52678905,Cyb|PolInd,0.0393,-0.496,0.1115,0.2284,1,agenda_pesquisa,0,obra
W1492856410|W1566478880|W1989864366,Cyb|PolInd,0.0393,-0.493,0.0954,0.2287,1,agenda_pesquisa,0,obra
W1989864366|W2111030512|W52678905,Cyb|PolInd,0.0393,-0.493,0.069,0.1441,0,ruido_quimera,0,obra
W2059789395|W4206762723|W4285719527,Cyb|PolInd,0.0393,0.431,0.054,0.0,0,ruido_quimera,0,obra
W1492856410|W2111030512|W2162484441,Cyb|PolInd,0.0393,-0.498,0.0506,0.1541,0,ruido_quimera,0,obra
W1989864366|W2111030512|W2154683088,Cyb|PolInd,0.0393,-0.498,0.0494,0.1562,0,ruido_quimera,0,obra
W1566478880|W1989864366|W2154683088,Cyb|PolInd,0.0392,-0.501,0.0747,0.3773,0,ruido_quimera,0,obra
W2111030512|W2162484441|W52678905,Cyb|PolInd,0.0392,-0.503,0.069,0.1594,0,ruido_quimera,0,obra
W2035713188|W2154683088|W4285719527,Cyb|PolInd,0.0392,-1.54,0.0598,0.1566,0,ruido_quimera,0,obra
W1855283887|W2126563689|W4285719527,Cyb|PolInd,0.0392,0.816,0.0529,0.0126,0,ruido_quimera,0,obra
W2111030512|W2154683088|W2162484441,Cyb|PolInd,0.0392,-0.506,0.0494,0.1789,0,ruido_quimera,0,obra
W1989864366|W2111030512|W2123755784,Cyb|PolInd,0.0391,-0.513,0.0103,0.1245,0,ruido_quimera,0,obra
W2111030512|W2123755784|W2162484441,Cyb|PolInd,0.039,-0.518,0.0747,0.1477,0,ruido_quimera,0,obra
W1973308529|W2126563689|W4285719527,Cyb|PolInd|Reg,0.039,-1.445,0.0268,0.1568,0,ruido_quimera,0,obra
W2035713188|W2123755784|W4285719527,Cyb|PolInd,0.0389,-1.556,0.0632,0.0662,0,ruido_quimera,0,obra
W1989864366|W2048086870|W2111030512,Cyb|PolInd,0.0389,-0.522,0.0563,0.1865,0,ruido_quimera,0,obra
W1566478880|W2111030512|W2162484441,Cyb|PolInd,0.0388,-0.533,0.1046,0.1928,0,ruido_quimera,0,obra
W2035713188|W2048086870|W4285719527,Cyb|PolInd,0.0388,-1.565,0.0598,0.1346,0,ruido_quimera,0,obra
W1566478880|W1989864366|W2111030512,Cyb|PolInd,0.0388,-0.527,0.0137,0.1733,0,ruido_quimera,0,obra
W2035713188|W2111030512|W4285719527,Cyb|PolInd,0.0387,-1.57,0.0632,0.0928,0,ruido_quimera,0,obra
W2048086870|W2111030512|W2162484441,Cyb|PolInd,0.0387,-0.535,0.0563,0.2043,0,ruido_quimera,0,obra
W1566478880|W2035713188|W4285719527,Cyb|PolInd,0.0386,-1.574,0.0828,0.1377,0,ruido_quimera,0,obra
W148464764|W4206762723|W4285719527,Cyb|PolInd,0.0384,0.312,0.0506,0.0,0,ruido_quimera,0,obra
W2068155429|W4206762723|W4285719527,Cyb|PolInd,0.0383,0.3,0.0563,0.0,0,ruido_quimera,0,obra
W2122679534|W2126563689|W4285719527,Cyb|PolInd,0.0383,0.7,0.0517,-0.0796,0,ruido_quimera,0,obra
W1517138715|W1601629960|W4206762723,Cyb|PolInd,0.0382,-0.506,0.0678,0.1935,0,ruido_quimera,0,obra
W2048086870|W2099330597|W2111030512,Cyb|PolInd,0.0381,-0.576,0.0563,0.2308,1,fechamento_trivial,0,obra
W2058869237|W2126563689|W4285719527,Cyb|PolInd,0.0381,0.678,0.0517,0.1978,0,ruido_quimera,0,obra
W1993663609|W2120106358|W3124879925,PolInd|Reg,0.0379,-1.003,0.0529,0.2447,1,fechamento_trivial,0,obra
W2126563689|W2129385606|W4285719527,Cyb|PolInd,0.0378,0.64,0.0575,0.1386,0,ruido_quimera,0,obra
W1973308529|W2111030512|W2325487953,Cyb|Reg,0.0377,-1.074,0.0202,0.313,1,fechamento_trivial,0,obra
W3022339544|W4206762723|W4285719527,Cyb|PolInd,0.0377,0.223,0.0506,0.0,0,ruido_quimera,0,obra
W2066374751|W4206762723|W4285719527,Cyb|PolInd,0.0376,0.202,0.0506,0.0,0,ruido_quimera,0,obra
W1601629960|W2752617332|W4285719527,Cyb|PolInd|Reg,0.0376,-1.51,0.0163,0.1066,0,ruido_quimera,0,obra
W1520641906|W1535129021|W1601629960,Cyb|PolInd,0.0375,-0.859,0.0736,0.2508,1,agenda_pesquisa,0,obra
W1520641906|W1993663609|W2126563689,Cyb|Reg,0.0375,-1.087,0.0266,0.3154,1,fechamento_trivial,0,obra
W2064927380|W2126563689|W4285719527,Cyb|PolInd,0.0374,0.584,0.054,0.1102,0,ruido_quimera,0,obra
W1517138715|W1601629960|W2126563689,Cyb|PolInd,0.0371,-0.65,0.0782,0.3003,1,agenda_pesquisa,0,obra
W2059789395|W2126563689|W4285719527,Cyb|PolInd,0.0371,0.547,0.0563,0.1994,0,ruido_quimera,0,obra
W2111030512|W2325487953|W2752617332,Cyb|Reg,0.037,-1.111,0.0102,0.2794,1,fechamento_trivial,0,obra
W1601629960|W1855283887|W4285719527,Cyb|PolInd,0.0369,0.526,0.0701,0.0949,0,ruido_quimera,0,obra
W1601629960|W1973308529|W4285719527,Cyb|PolInd|Reg,0.0369,-1.542,0.0344,0.1331,0,ruido_quimera,0,obra
W1566172004|W2111030512|W2325487953,Cyb|PolInd,0.0367,-0.922,0.0506,0.3291,0,ruido_quimera,0,obra
W2068155429|W2126563689|W4285719527,Cyb|PolInd,0.0361,0.419,0.018,0.2385,1,fechamento_trivial,0,obra
W148464764|W2126563689|W4285719527,Cyb|PolInd,0.0361,0.429,0.0529,0.014,0,ruido_quimera,0,obra
W1520641906|W1601629960|W2566856888,Cyb|PolInd,0.036,-0.98,0.0747,0.3002,1,agenda_pesquisa,0,obra
W1601629960|W2122679534|W4285719527,Cyb|PolInd,0.036,0.408,0.069,0.0178,0,ruido_quimera,0,obra
W1601629960|W2058869237|W4285719527,Cyb|PolInd,0.0357,0.378,0.069,0.258,1,agenda_pesquisa,0,obra
W1510137183|W4206762723|W4285719527,Cyb|PolInd,0.0357,-0.044,0.0483,0.0,0,ruido_quimera,0,obra
W2126563689|W3022339544|W4285719527,Cyb|PolInd,0.0356,0.354,0.0529,0.1761,0,ruido_quimera,0,obra
W1601629960|W2129385606|W4285719527,Cyb|PolInd,0.0355,0.344,0.0747,0.1386,0,ruido_quimera,0,obra
W1520641906|W1601629960|W2131740028,Cyb|PolInd,0.0354,1.735,0.077,0.2924,1,agenda_pesquisa,0,obra
W1520641906|W1601629960|W1684540946,Cyb|PolInd,0.0353,1.719,0.0747,0.3511,0,ruido_quimera,0,obra
W2066374751|W2126563689|W4285719527,Cyb|PolInd,0.0353,0.325,0.0529,0.0884,0,ruido_quimera,0,obra
W2005888056|W2154683088|W4285719527,Cyb|PolInd,0.0352,0.303,0.0575,0.0458,0,ruido_quimera,0,obra
W1492856410|W2005888056|W4285719527,Cyb|PolInd,0.0352,0.313,0.0163,0.0952,0,ruido_quimera,0,obra
W1601629960|W2064927380|W4285719527,Cyb|PolInd,0.035,0.287,0.0713,0.1249,0,ruido_quimera,0,obra
W1601629960|W2059789395|W4285719527,Cyb|PolInd,0.0348,0.254,0.0736,0.1697,0,ruido_quimera,0,obra
W2005888056|W2123755784|W4285719527,Cyb|PolInd,0.0348,0.262,0.0609,0.0186,0,ruido_quimera,0,obra
W1490995146|W1601629960|W4206762723,Cyb|PolInd,0.0347,2.094,0.0678,0.2529,1,agenda_pesquisa,0,obra
W1492856410|W1970428482|W1973308529,Cyb|Reg,0.0347,-0.999,0.0517,0.2428,1,fechamento_trivial,0,obra
W1601629960|W1993663609|W4206762723,Cyb|Reg,0.0347,-1.059,0.0477,0.3076,1,fechamento_trivial,0,obra
W1492856410|W1970428482|W1993663609,Cyb|Reg,0.0346,-1.005,0.0517,0.3463,0,ruido_quimera,0,obra
W2005888056|W2048086870|W4285719527,Cyb|PolInd,0.0346,0.225,0.0163,0.0963,0,ruido_quimera,0,obra
W1566478880|W2005888056|W4285719527,Cyb|PolInd,0.0345,0.217,0.0805,0.1168,0,ruido_quimera,0,obra
W2005888056|W2111030512|W4285719527,Cyb|PolInd,0.0345,0.218,0.0609,-0.0269,0,ruido_quimera,0,obra
W1601629960|W2108795964|W4206762723,Cyb|PolInd,0.0344,2.035,0.0701,0.205,0,ruido_quimera,0,obra
W1492856410|W3124140110|W4285719527,Cyb|PolInd,0.0344,0.201,0.0517,0.1369,0,ruido_quimera,0,obra
W2154683088|W3124140110|W4285719527,Cyb|PolInd,0.0342,0.185,0.054,0.2261,1,fechamento_trivial,0,obra
W1601629960|W2566856888|W4206762723,Cyb|PolInd,0.0342,-0.818,0.069,0.174,0,ruido_quimera,0,obra
W1492856410|W1973308529|W2026948646,Cyb|Reg,0.0342,-1.02,0.0678,0.319,0,ruido_quimera,0,obra
W1492856410|W1993663609|W2026948646,Cyb|Reg,0.0342,-1.025,0.0678,0.4397,0,ruido_quimera,0,obra
W1492856410|W1999997471|W90769783,Cyb|PolInd,0.034,-0.833,0.0483,0.3281,0,ruido_quimera,0,obra
W201578715|W2048086870|W4285719527,Cyb|PolInd,0.034,-1.803,0.0163,0.3718,0,ruido_quimera,0,obra
W1492856410|W1973308529|W4205188686,Cyb|Reg,0.0339,-1.035,0.0874,0.3066,1,agenda_pesquisa,0,obra
W1492856410|W1993663609|W4205188686,Cyb|Reg,0.0339,-1.039,0.0874,0.3936,0,ruido_quimera,0,obra
W2123755784|W3124140110|W4285719527,Cyb|PolInd,0.0339,0.143,0.0575,0.2133,0,ruido_quimera,0,obra
W1492856410|W201578715|W4285719527,Cyb|PolInd,0.0339,-1.808,0.0268,0.3777,0,ruido_quimera,0,obra
W1601629960|W2131740028|W4206762723,Cyb|PolInd,0.0338,1.947,0.0713,0.1557,0,ruido_quimera,0,obra
W148464764|W1601629960|W4285719527,Cyb|PolInd,0.0338,0.132,0.0701,0.1526,0,ruido_quimera,0,obra
W1492856410|W1970428482|W1999997471,Cyb|PolInd,0.0338,-0.876,0.0529,0.4179,0,ruido_quimera,0,obra
W3122116504|W4206762723|W4285719527,Cyb|PolInd,0.0338,-0.3,0.0517,0.0,0,ruido_quimera,0,obra
W1566478880|W1993663609|W2026948646,Cyb|Reg,0.0337,-1.047,0.0483,0.2897,1,fechamento_trivial,0,obra
W2048086870|W3124140110|W4285719527,Cyb|PolInd,0.0337,0.115,0.0102,0.2432,1,fechamento_trivial,0,obra
W2048894562|W2164284962|W3130930004,Cyb|PolInd,0.0337,-0.412,0.1299,0.44,0,ruido_quimera,0,obra
W1601629960|W1993663609|W2126563689,Cyb|Reg,0.0337,-1.049,0.0594,0.3846,0,ruido_quimera,0,obra
W1490995146|W1601629960|W2126563689,Cyb|PolInd,0.0336,2.053,0.0782,0.2987,1,agenda_pesquisa,0,obra
W1566478880|W3124140110|W4285719527,Cyb|PolInd,0.0336,0.097,0.077,0.2721,1,agenda_pesquisa,0,obra
W1973308529|W2111030512|W4244612406,Cyb|Reg,0.0336,-1.053,0.0609,0.2674,1,agenda_pesquisa,0,obra
W1993663609|W2025177555|W2123755784,Cyb|Reg,0.0336,-1.053,0.0483,0.2574,1,fechamento_trivial,0,obra
W2111030512|W3124140110|W4285719527,Cyb|PolInd,0.0336,0.102,0.0575,0.1708,0,ruido_quimera,0,obra
W1566478880|W1993663609|W4244612406,Cyb|Reg,0.0336,-1.052,0.054,0.4328,0,ruido_quimera,0,obra
W2162484441|W4206762723|W4285719527,Cyb|PolInd,0.0336,-0.325,0.054,0.0,0,ruido_quimera,0,obra
W1566478880|W1973308529|W4244612406,Cyb|Reg,0.0336,-1.051,0.0517,0.379,0,ruido_quimera,0,obra
W1989864366|W4206762723|W4285719527,Cyb|PolInd,0.0336,-0.326,0.0506,0.0,0,ruido_quimera,0,obra
W1601629960|W1684540946|W4206762723,Cyb|PolInd,0.0335,1.906,0.069,0.2398,1,agenda_pesquisa,0,obra
W1566478880|W1973308529|W4205188686,Cyb|Reg,0.0335,-1.057,0.0529,0.2677,1,fechamento_trivial,0,obra
W1510137183|W2126563689|W4285719527,Cyb|PolInd,0.0335,0.086,0.0506,0.1318,0,ruido_quimera,0,obra
W1566478880|W1993663609|W4205188686,Cyb|Reg,0.0334,-1.061,0.0552,0.2956,1,fechamento_trivial,0,obra
W1973308529|W2025177555|W2111030512,Cyb|Reg,0.0334,-1.064,0.0494,0.2337,1,fechamento_trivial,0,obra
W1492856410|W1973308529|W2154683088,Cyb|Reg,0.0334,-1.064,0.0103,0.2883,1,fechamento_trivial,0,obra
W1492856410|W1999997471|W2026948646,Cyb|PolInd,0.0334,-0.907,0.069,0.4688,0,ruido_quimera,0,obra
W1566478880|W1993663609|W2025177555,Cyb|Reg,0.0334,-1.063,0.0609,0.3735,0,ruido_quimera,0,obra
W1566478880|W1973308529|W2025177555,Cyb|Reg,0.0334,-1.062,0.0586,0.3688,0,ruido_quimera,0,obra
W200208739|W4206762723|W4285719527,Cyb|PolInd,0.0334,-0.349,0.0517,0.0,0,ruido_quimera,0,obra
W1999997471|W4244612406|W52678905,Cyb|PolInd,0.0333,-0.915,0.0782,0.5218,0,ruido_quimera,0,obra
W1492856410|W1993663609|W2154683088,Cyb|Reg,0.0333,-1.067,0.0137,0.3814,0,ruido_quimera,0,obra
W1993663609|W2123755784|W52678905,Cyb|Reg,0.0332,-1.07,0.0632,0.3146,1,agenda_pesquisa,0,obra
W1999800658|W2111030512|W2325487953,Cyb|PolInd,0.0332,1.399,0.0483,0.2877,1,fechamento_trivial,0,obra
W1601629960|W2108795964|W2126563689,Cyb|PolInd,0.0332,1.998,0.0805,0.3306,0,ruido_quimera,0,obra
W1492856410|W1973308529|W2123755784,Cyb|Reg,0.0332,-1.07,0.0747,0.1579,0,ruido_quimera,0,obra
W1973308529|W2123755784|W2154683088,Cyb|Reg,0.0331,-1.075,0.1057,0.2767,1,agenda_pesquisa,0,obra
W1492856410|W1993663609|W2111030512,Cyb|Reg,0.0331,-1.078,0.0506,0.2574,1,fechamento_trivial,0,obra
W1601629960|W3022339544|W4285719527,Cyb|PolInd,0.0331,0.042,0.0153,0.2217,1,fechamento_trivial,0,obra
W1492856410|W1993663609|W2123755784,Cyb|Reg,0.0331,-1.074,0.0103,0.247,1,fechamento_trivial,0,obra
W1601629960|W2126563689|W2566856888,Cyb|PolInd,0.033,-0.93,0.0793,0.288,1,agenda_pesquisa,0,obra
W1601629960|W2066374751|W4285719527,Cyb|PolInd,0.033,0.025,0.0701,0.2615,1,agenda_pesquisa,0,obra
W1993663609|W2111030512|W2154683088,Cyb|Reg,0.033,-1.083,0.0506,0.265,1,fechamento_trivial,0,obra
W1566478880|W1993663609|W52678905,Cyb|Reg,0.033,-1.081,0.1126,0.3868,0,ruido_quimera,0,obra
W1566478880|W1973308529|W52678905,Cyb|Reg,0.033,-1.08,0.1103,0.3189,0,ruido_quimera,0,obra
W1973308529|W2111030512|W52678905,Cyb|Reg,0.033,-1.082,0.0701,0.2017,0,ruido_quimera,0,obra
W1492856410|W2066979365|W4285719527,Cyb|PolInd,0.033,0.02,0.0563,0.2029,0,ruido_quimera,0,obra
W1993663609|W2123755784|W2154683088,Cyb|Reg,0.033,-1.079,0.0137,0.3312,0,ruido_quimera,0,obra
W1492856410|W1973308529|W2111030512,Cyb|Reg,0.033,-1.083,0.0136,0.1771,0,ruido_quimera,0,obra
W2120106358|W2164284962|W3124879925,Cyb|PolInd,0.0329,-0.413,0.0529,0.2521,1,fechamento_trivial,0,obra
W1566478880|W1999997471|W4244612406,Cyb|PolInd,0.0329,-0.943,0.0517,0.4235,0,ruido_quimera,0,obra
W1566478880|W1973308529|W2154683088,Cyb|Reg,0.0329,-1.086,0.0103,0.4733,0,ruido_quimera,0,obra
W2066979365|W2154683088|W4285719527,Cyb|PolInd,0.0328,0.002,0.0586,0.2453,1,fechamento_trivial,0,obra
W1993663609|W2048086870|W2111030512,Cyb|Reg,0.0328,-1.093,0.0563,0.2536,1,fechamento_trivial,0,obra
W1566478880|W1973308529|W2123755784,Cyb|Reg,0.0328,-1.092,0.1494,0.3353,0,ruido_quimera,0,obra
W1993663609|W2111030512|W2123755784,Cyb|Reg,0.0328,-1.09,0.0747,0.2098,0,ruido_quimera,0,obra
W1566478880|W1993663609|W2154683088,Cyb|Reg,0.0328,-1.089,0.0244,0.5073,0,ruido_quimera,0,obra
W2099330597|W4206762723|W4285719527,Cyb|PolInd,0.0328,-0.434,0.0174,0.0,0,ruido_quimera,0,obra
W1973308529|W2111030512|W2123755784,Cyb|Reg,0.0327,-1.094,0.0759,0.168,0,ruido_quimera,0,obra
W1566478880|W2752617332|W4244612406,Cyb|Reg,0.0327,-1.097,0.0517,0.4277,0,ruido_quimera,0,obra
W1566478880|W1993663609|W2111030512,Cyb|Reg,0.0326,-1.1,0.1069,0.2488,1,agenda_pesquisa,0,obra
W2111030512|W2752617332|W4244612406,Cyb|Reg,0.0326,-1.098,0.0598,0.2749,1,agenda_pesquisa,0,obra
W1973308529|W2048086870|W2111030512,Cyb|Reg,0.0326,-1.1,0.0575,0.2383,1,fechamento_trivial,0,obra
W1999997471|W2025177555|W2123755784,Cyb|PolInd,0.0326,-0.96,0.0494,0.2458,1,fechamento_trivial,0,obra
W1601629960|W2126563689|W2131740028,Cyb|PolInd,0.0325,1.892,0.0816,0.2169,1,agenda_pesquisa,0,obra
W1566478880|W2752617332|W4205188686,Cyb|Reg,0.0325,-1.104,0.0529,0.2941,1,fechamento_trivial,0,obra
W1999997471|W2025177555|W2111030512,Cyb|PolInd,0.0325,-0.97,0.0494,0.2964,1,fechamento_trivial,0,obra
W1566478880|W1973308529|W2111030512,Cyb|Reg,0.0325,-1.105,0.0137,0.2276,1,fechamento_trivial,0,obra
W1492856410|W1999997471|W2154683088,Cyb|PolInd,0.0325,-0.967,0.0816,0.3995,0,ruido_quimera,0,obra
W2066979365|W2123755784|W4285719527,Cyb|PolInd,0.0325,-0.04,0.0621,0.0641,0,ruido_quimera,0,obra
W2082597100|W4206762723|W4285719527,Cyb|PolInd,0.0325,-0.474,0.0552,0.0,0,ruido_quimera,0,obra
W1566172004|W4206762723|W4285719527,Cyb|PolInd,0.0325,-0.475,0.0529,0.0,0,ruido_quimera,0,obra
W1492856410|W1566172004|W1970428482,Cyb|PolInd,0.0325,-0.968,0.0517,0.3289,0,ruido_quimera,0,obra
W2025177555|W2111030512|W2752617332,Cyb|Reg,0.0324,-1.112,0.0483,0.2336,1,fechamento_trivial,0,obra
W1492856410|W1993663609|W4285719527,Cyb|PolInd|Reg,0.0324,-1.758,0.0187,0.2938,1,fechamento_trivial,0,obra
W1601629960|W1684540946|W2126563689,Cyb|PolInd,0.0324,1.865,0.0793,0.3221,0,ruido_quimera,0,obra
W1566478880|W2025177555|W2752617332,Cyb|Reg,0.0324,-1.111,0.0586,0.4099,0,ruido_quimera,0,obra
W1492856410|W1999997471|W2123755784,Cyb|PolInd,0.0323,-0.979,0.0759,0.2303,1,agenda_pesquisa,0,obra
W1999997471|W2123755784|W52678905,Cyb|PolInd,0.0323,-0.979,0.0632,0.2687,1,agenda_pesquisa,0,obra
W1492856410|W2154683088|W2752617332,Cyb|Reg,0.0323,-1.113,0.0816,0.3581,0,ruido_quimera,0,obra
W2048086870|W2066979365|W4285719527,Cyb|PolInd,0.0323,-0.065,0.0586,0.1852,0,ruido_quimera,0,obra
W1492856410|W1973308529|W4285719527,Cyb|PolInd|Reg,0.0323,-1.765,0.0163,0.1024,0,ruido_quimera,0,obra
W1999997471|W2111030512|W52678905,Cyb|PolInd,0.0322,-0.989,0.069,0.2933,1,agenda_pesquisa,0,obra
W1492856410|W1999997471|W2111030512,Cyb|PolInd,0.0322,-0.989,0.0517,0.2985,1,fechamento_trivial,0,obra
W1973308529|W2154683088|W4285719527,Cyb|PolInd|Reg,0.0322,-1.769,0.0163,0.2735,1,fechamento_trivial,0,obra
W1492856410|W1566172004|W2026948646,Cyb|PolInd,0.0322,-0.992,0.0678,0.4058,0,ruido_quimera,0,obra
W2066979365|W2111030512|W4285719527,Cyb|PolInd,0.0322,-0.083,0.0621,0.1252,0,ruido_quimera,0,obra
W1566478880|W2066979365|W4285719527,Cyb|PolInd,0.0321,-0.087,0.0816,0.2864,1,agenda_pesquisa,0,obra
W2111030512|W2131740028|W2325487953,Cyb|PolInd,0.0321,1.238,0.0483,0.2872,1,fechamento_trivial,0,obra
W2123755784|W2154683088|W2752617332,Cyb|Reg,0.0321,-1.126,0.1069,0.4035,0,ruido_quimera,0,obra
W1566478880|W1999997471|W2154683088,Cyb|PolInd,0.0321,-0.996,0.0736,0.5092,0,ruido_quimera,0,obra
W1566172004|W2026948646|W2154683088,Cyb|PolInd,0.0321,-0.996,0.0483,0.3268,0,ruido_quimera,0,obra
W1566478880|W1999997471|W52678905,Cyb|PolInd,0.0321,-0.993,0.0103,0.3709,0,ruido_quimera,0,obra
W1993663609|W2123755784|W4285719527,Cyb|PolInd|Reg,0.032,-1.777,0.0187,0.2833,1,fechamento_trivial,0,obra
W2111030512|W2140956556|W2325487953,Cyb|PolInd,0.032,-1.286,0.0102,0.2779,1,fechamento_trivial,0,obra
W1566478880|W2752617332|W52678905,Cyb|Reg,0.032,-1.128,0.1103,0.3644,0,ruido_quimera,0,obra
W1492856410|W1566478880|W2752617332,Cyb|Reg,0.032,-1.128,0.0943,0.3332,0,ruido_quimera,0,obra
W2111030512|W2752617332|W52678905,Cyb|Reg,0.032,-1.129,0.069,0.206,0,ruido_quimera,0,obra
W1492856410|W2111030512|W2752617332,Cyb|Reg,0.032,-1.128,0.0506,0.1966,0,ruido_quimera,0,obra
W1566172004|W1566478880|W233775549,Cyb|PolInd,0.032,-0.983,0.0483,0.3437,0,ruido_quimera,0,obra
W1566172004|W4244612406|W52678905,Cyb|PolInd,0.032,-1.002,0.0137,0.5261,0,ruido_quimera,0,obra
W1973308529|W2048086870|W4285719527,Cyb|PolInd|Reg,0.0319,-1.784,0.0575,0.2998,1,fechamento_trivial,0,obra
W1566478880|W1999997471|W2123755784,Cyb|PolInd,0.0319,-1.007,0.1494,0.3325,0,ruido_quimera,0,obra
W1492856410|W1566172004|W4205188686,Cyb|PolInd,0.0319,-1.01,0.0874,0.3942,0,ruido_quimera,0,obra
W1973308529|W2123755784|W4285719527,Cyb|PolInd|Reg,0.0319,-1.783,0.0609,0.2075,0,ruido_quimera,0,obra
W1995875735|W3124879925|W4285719527,Cyb|PolInd,0.0319,-0.413,0.0586,-0.0313,0,ruido_quimera,0,obra
W1566478880|W1999997471|W2111030512,Cyb|PolInd,0.0318,-1.017,0.1046,0.2737,1,agenda_pesquisa,0,obra
W1566172004|W1566478880|W2026948646,Cyb|PolInd,0.0318,-1.02,0.0494,0.2912,1,fechamento_trivial,0,obra
W1566172004|W2111030512|W4244612406,Cyb|PolInd,0.0318,-1.016,0.0153,0.3091,1,fechamento_trivial,0,obra
W1993663609|W2111030512|W4285719527,Cyb|PolInd|Reg,0.0318,-1.787,0.0701,0.1726,0,ruido_quimera,0,obra
W4206762723|W4285719527|W4302604455,Cyb|PolInd,0.0318,-0.568,0.0506,0.0,0,ruido_quimera,0,obra
W1993663609|W3124879925|W4285719527,PolInd|Reg,0.0318,-1.269,0.0187,0.2134,0,ruido_quimera,0,obra
W1566478880|W2154683088|W2752617332,Cyb|Reg,0.0318,-1.137,0.0136,0.5378,0,ruido_quimera,0,obra
W2111030512|W2123755784|W2752617332,Cyb|Reg,0.0317,-1.142,0.0747,0.2446,1,agenda_pesquisa,0,obra
W1999997471|W2048086870|W2111030512,Cyb|PolInd,0.0317,-1.02,0.0563,0.2729,1,fechamento_trivial,0,obra
W1566478880|W2123755784|W2752617332,Cyb|Reg,0.0317,-1.141,0.1494,0.4531,0,ruido_quimera,0,obra
W1566478880|W1993663609|W4285719527,Cyb|PolInd|Reg,0.0317,-1.795,0.0479,0.3291,0,ruido_quimera,0,obra
W1566172004|W1566478880|W4244612406,Cyb|PolInd,0.0317,-1.024,0.0163,0.436,0,ruido_quimera,0,obra
W2126563689|W3122116504|W4285719527,Cyb|PolInd,0.0316,-0.158,0.054,0.1471,0,ruido_quimera,0,obra
W1566478880|W1973308529|W4285719527,Cyb|PolInd|Reg,0.0315,-1.801,0.0164,0.315,1,fechamento_trivial,0,obra
W1566478880|W2111030512|W2752617332,Cyb|Reg,0.0315,-1.153,0.0103,0.2419,1,fechamento_trivial,0,obra
W2048086870|W2111030512|W2752617332,Cyb|Reg,0.0315,-1.153,0.0102,0.2719,1,fechamento_trivial,0,obra
W1566172004|W1566478880|W4205188686,Cyb|PolInd,0.0315,-1.038,0.0563,0.3316,0,ruido_quimera,0,obra
W1517138715|W2111030512|W2325487953,Cyb|PolInd,0.0315,-1.328,0.0506,0.3608,0,ruido_quimera,0,obra
W1973308529|W2111030512|W4285719527,Cyb|PolInd|Reg,0.0315,-1.802,0.0269,0.1231,0,ruido_quimera,0,obra
W2126563689|W2162484441|W4285719527,Cyb|PolInd,0.0314,-0.18,0.0563,0.0252,0,ruido_quimera,0,obra
W1989864366|W2126563689|W4285719527,Cyb|PolInd,0.0314,-0.182,0.0529,-0.0286,0,ruido_quimera,0,obra
W1492856410|W1566172004|W2154683088,Cyb|PolInd,0.0314,-1.042,0.0154,0.3759,0,ruido_quimera,0,obra
W1576605329|W2111030512|W2325487953,Cyb|PolInd,0.0313,-1.345,0.0483,0.3675,0,ruido_quimera,0,obra
W1492856410|W1566172004|W2123755784,Cyb|PolInd,0.0312,-1.057,0.0163,0.2953,1,fechamento_trivial,0,obra
W1492856410|W1566172004|W2111030512,Cyb|PolInd,0.0312,-1.057,0.0153,0.2346,1,fechamento_trivial,0,obra
W1492856410|W2752617332|W4285719527,Cyb|PolInd|Reg,0.0312,-1.819,0.0552,0.2014,0,ruido_quimera,0,obra
W200208739|W2126563689|W4285719527,Cyb|PolInd,0.0312,-0.209,0.054,0.1795,0,ruido_quimera,0,obra
W1510137183|W1601629960|W4285719527,Cyb|PolInd,0.0311,-0.213,0.0678,0.164,0,ruido_quimera,0,obra
W1492856410|W1566172004|W1566478880,Cyb|PolInd,0.0311,-1.066,0.0164,0.3453,0,ruido_quimera,0,obra
W2154683088|W2752617332|W4285719527,Cyb|PolInd|Reg,0.031,-1.828,0.0268,0.3838,0,ruido_quimera,0,obra
W1588942736|W2154683088|W4285719527,Cyb|PolInd,0.0309,-0.455,0.0169,0.4581,0,ruido_quimera,0,obra
W1492856410|W1588942736|W4285719527,Cyb|PolInd,0.0309,-0.455,0.0169,0.3858,0,ruido_quimera,0,obra
W1588942736|W2048086870|W4285719527,Cyb|PolInd,0.0308,-0.455,0.0287,0.2834,1,fechamento_trivial,0,obra
W1588942736|W2123755784|W4285719527,Cyb|PolInd,0.0307,-0.455,0.0287,0.2224,1,fechamento_trivial,0,obra
W2123755784|W2752617332|W4285719527,Cyb|PolInd|Reg,0.0307,-1.84,0.0609,0.4775,0,ruido_quimera,0,obra
W1588942736|W2111030512|W4285719527,Cyb|PolInd,0.0306,-0.455,0.044,0.3444,0,ruido_quimera,0,obra
W2099330597|W2126563689|W4285719527,Cyb|PolInd,0.0306,-0.287,0.0174,0.2014,0,ruido_quimera,0,obra
W1566478880|W1588942736|W4285719527,Cyb|PolInd,0.0306,-0.455,0.017,0.3419,0,ruido_quimera,0,obra
W1520641906|W1601629960|W4301066124,Cyb|PolInd,0.0305,0.987,0.0736,0.273,1,agenda_pesquisa,0,obra
W2111030512|W2752617332|W4285719527,Cyb|PolInd|Reg,0.0304,-1.857,0.0163,0.0828,0,ruido_quimera,0,obra
W2061977616|W2126563689|W4206762723,Cyb|PolInd,0.0303,1.424,0.1678,-0.0467,0,ruido_quimera,0,obra
W1566172004|W2126563689|W4285719527,Cyb|PolInd,0.0303,-0.321,0.0552,0.2147,0,ruido_quimera,0,obra
W1973308529|W3124879925|W4285719527,PolInd|Reg,0.0302,-1.338,0.0575,0.202,0,ruido_quimera,0,obra
W2082597100|W2126563689|W4285719527,Cyb|PolInd,0.0302,-0.334,0.0177,0.2137,0,ruido_quimera,0,obra
W1490995146|W2111030512|W2325487953,Cyb|PolInd,0.0301,0.925,0.0483,0.2639,1,fechamento_trivial,0,obra
W1535129021|W2111030512|W2325487953,Cyb|PolInd,0.0301,-1.437,0.0483,0.4877,0,ruido_quimera,0,obra
W2111030512|W2325487953|W2524218442,Cyb|PolInd,0.0301,-1.437,0.0152,0.3658,0,ruido_quimera,0,obra
W2120106358|W2752617332|W3124879925,PolInd|Reg,0.0298,-1.353,0.054,0.2279,1,fechamento_trivial,0,obra
W1999997471|W4206762723|W4285719527,Cyb|PolInd,0.0297,-0.847,0.054,0.0,0,ruido_quimera,0,obra
W2126563689|W4285719527|W4302604455,Cyb|PolInd,0.0295,-0.424,0.0529,0.2141,0,ruido_quimera,0,obra
W1684540946|W2111030512|W2325487953,Cyb|PolInd,0.0292,0.795,0.0102,0.3303,0,ruido_quimera,0,obra
W1601629960|W3122116504|W4285719527,Cyb|PolInd,0.0291,-0.468,0.0163,0.2847,1,fechamento_trivial,0,obra
W1601629960|W2162484441|W4285719527,Cyb|PolInd,0.0291,-0.476,0.0736,0.1694,0,ruido_quimera,0,obra
W1601629960|W1989864366|W4285719527,Cyb|PolInd,0.0291,-0.479,0.0701,0.0843,0,ruido_quimera,0,obra
W2140956556|W4206762723|W4285719527,Cyb|PolInd,0.029,-0.94,0.054,0.0,0,ruido_quimera,0,obra
W1601629960|W200208739|W4285719527,Cyb|PolInd,0.0288,-0.509,0.0713,0.2381,1,agenda_pesquisa,0,obra
W1999800658|W2111030512|W4244612406,Cyb|PolInd,0.0287,1.301,0.0598,0.1747,0,ruido_quimera,0,obra
W1601629960|W4206762723|W4301066124,Cyb|PolInd,0.0286,1.163,0.0678,0.2593,1,agenda_pesquisa,0,obra
W1999800658|W2025177555|W2111030512,Cyb|PolInd,0.0284,1.243,0.0483,0.1552,0,ruido_quimera,0,obra
W1601629960|W2099330597|W4285719527,Cyb|PolInd,0.0283,-0.58,0.0175,0.2333,1,fechamento_trivial,0,obra
W1492856410|W2058869237|W4285719527,Cyb|PolInd,0.0282,-0.591,0.0529,0.2455,1,fechamento_trivial,0,obra
W2058869237|W2154683088|W4285719527,Cyb|PolInd,0.0281,-0.607,0.0552,0.251,1,fechamento_trivial,0,obra
W1492856410|W1999800658|W2111030512,Cyb|PolInd,0.0281,1.199,0.0506,0.1898,0,ruido_quimera,0,obra
W1492856410|W1517138715|W90769783,Cyb|PolInd,0.028,-1.29,0.0483,0.2729,1,fechamento_trivial,0,obra
W1601629960|W2061977616|W2126563689,Cyb|PolInd,0.028,1.188,0.0782,0.168,0,ruido_quimera,0,obra
W1566172004|W1601629960|W4285719527,Cyb|PolInd,0.028,-0.611,0.0724,0.1437,0,ruido_quimera,0,obra
W1999800658|W2111030512|W52678905,Cyb|PolInd,0.028,1.19,0.069,0.1202,0,ruido_quimera,0,obra
W1566478880|W2140956556|W90769783,Cyb|PolInd,0.028,-1.294,0.0483,0.379,0,ruido_quimera,0,obra
W1492856410|W1517138715|W1970428482,Cyb|PolInd,0.0279,-1.287,0.0529,0.3044,1,fechamento_trivial,0,obra
W1601629960|W2082597100|W4285719527,Cyb|PolInd,0.0279,-0.625,0.0747,0.2085,0,ruido_quimera,0,obra
W1492856410|W2129385606|W4285719527,Cyb|PolInd,0.0279,-0.632,0.0586,0.185,0,ruido_quimera,0,obra
W1999800658|W2111030512|W2154683088,Cyb|PolInd,0.0279,1.178,0.0494,0.156,0,ruido_quimera,0,obra
W1999800658|W2111030512|W2123755784,Cyb|PolInd,0.0278,1.151,0.0747,0.1194,0,ruido_quimera,0,obra
W2129385606|W2154683088|W4285719527,Cyb|PolInd,0.0277,-0.652,0.0609,0.2413,1,agenda_pesquisa,0,obra
W2099069868|W2120106358|W3124879925,Cyb|PolInd,0.0277,-0.283,0.0529,0.2498,1,fechamento_trivial,0,obra
W2058869237|W2123755784|W4285719527,Cyb|PolInd,0.0277,-0.648,0.0586,0.0788,0,ruido_quimera,0,obra
W1492856410|W1576605329|W1970428482,Cyb|PolInd,0.0277,-1.299,0.0517,0.3757,0,ruido_quimera,0,obra
W2164284962|W3124879925|W4285719527,Cyb|PolInd,0.0277,-0.416,0.0169,0.1166,0,ruido_quimera,0,obra
W1566478880|W1999800658|W2111030512,Cyb|PolInd,0.0276,1.119,0.1046,0.168,0,ruido_quimera,0,obra
W1517138715|W4206762723|W4285719527,Cyb|PolInd,0.0276,-1.114,0.0563,0.0,0,ruido_quimera,0,obra
W1999800658|W4206762723|W4285719527,Cyb|PolInd,0.0276,0.85,0.0517,0.0,0,ruido_quimera,0,obra
W2140956556|W4244612406|W52678905,Cyb|PolInd,0.0276,-1.307,0.0137,0.4415,0,ruido_quimera,0,obra
W1601629960|W2126563689|W4301066124,Cyb|PolInd,0.0275,1.107,0.0782,0.296,1,agenda_pesquisa,0,obra
W1566478880|W2026948646|W2140956556,Cyb|PolInd,0.0275,-1.316,0.0506,0.2843,1,fechamento_trivial,0,obra
W1520641906|W1601629960|W2140409505,Cyb|PolInd,0.0275,0.534,0.0736,0.3402,0,ruido_quimera,0,obra
W1492856410|W1517138715|W2026948646,Cyb|PolInd,0.0275,-1.317,0.069,0.349,0,ruido_quimera,0,obra
W2058869237|W2111030512|W4285719527,Cyb|PolInd,0.0275,-0.683,0.0586,0.1885,0,ruido_quimera,0,obra
W1999800658|W2048086870|W2111030512,Cyb|PolInd,0.0275,1.104,0.0563,0.1825,0,ruido_quimera,0,obra
W1492856410|W2064927380|W4285719527,Cyb|PolInd,0.0275,-0.678,0.0552,0.1744,0,ruido_quimera,0,obra
W2048086870|W2058869237|W4285719527,Cyb|PolInd,0.0275,-0.676,0.0552,0.1604,0,ruido_quimera,0,obra
W1566478880|W2058869237|W4285719527,Cyb|PolInd,0.0274,-0.693,0.0782,0.2474,1,agenda_pesquisa,0,obra
W1999997471|W2126563689|W4285719527,Cyb|PolInd,0.0274,-0.688,0.0563,0.2532,1,fechamento_trivial,0,obra
W2122679534|W2154683088|W4285719527,Cyb|PolInd,0.0274,-0.697,0.0552,0.2324,1,fechamento_trivial,0,obra
W2111030512|W2140956556|W4244612406,Cyb|PolInd,0.0274,-1.324,0.0136,0.2478,1,fechamento_trivial,0,obra
W2123755784|W2129385606|W4285719527,Cyb|PolInd,0.0274,-0.692,0.0644,0.1729,0,ruido_quimera,0,obra
W2064927380|W2154683088|W4285719527,Cyb|PolInd,0.0274,-0.694,0.0575,0.2123,0,ruido_quimera,0,obra
W1492856410|W2122679534|W4285719527,Cyb|PolInd,0.0274,-0.687,0.0529,0.0894,0,ruido_quimera,0,obra
W2025177555|W2140956556|W52678905,Cyb|PolInd,0.0274,-1.322,0.0136,0.3234,0,ruido_quimera,0,obra
W1492856410|W2131740028|W2154683088,Cyb|PolInd,0.0273,1.078,0.0805,0.2462,1,agenda_pesquisa,0,obra
W1517138715|W4244612406|W52678905,Cyb|PolInd,0.0273,-1.327,0.0793,0.3833,0,ruido_quimera,0,obra
W2131740028|W4244612406|W52678905,Cyb|PolInd,0.0273,1.081,0.0782,0.3201,0,ruido_quimera,0,obra
W1492856410|W1576605329|W2026948646,Cyb|PolInd,0.0273,-1.33,0.0678,0.4264,0,ruido_quimera,0,obra
W2048086870|W2129385606|W4285719527,Cyb|PolInd,0.0272,-0.715,0.0609,0.2439,1,agenda_pesquisa,0,obra
W1566478880|W2140956556|W4205188686,Cyb|PolInd,0.0272,-1.336,0.0575,0.2967,1,fechamento_trivial,0,obra
W1492856410|W1517138715|W4205188686,Cyb|PolInd,0.0272,-1.338,0.0885,0.3531,0,ruido_quimera,0,obra
W1492856410|W2140956556|W2154683088,Cyb|PolInd,0.0272,-1.333,0.0805,0.3372,0,ruido_quimera,0,obra
W2025177555|W2111030512|W2131740028,Cyb|PolInd,0.0272,1.067,0.0483,0.1907,0,ruido_quimera,0,obra
W1601629960|W4285719527|W4302604455,Cyb|PolInd,0.0271,-0.724,0.0701,0.2844,1,agenda_pesquisa,0,obra
W1576605329|W4244612406|W52678905,Cyb|PolInd,0.0271,-1.342,0.0782,0.4165,0,ruido_quimera,0,obra
W2123755784|W2131740028|W2154683088,Cyb|PolInd,0.027,1.031,0.1057,0.2272,1,agenda_pesquisa,0,obra
W1492856410|W2123755784|W2140956556,Cyb|PolInd,0.027,-1.35,0.077,0.2522,1,agenda_pesquisa,0,obra
W2122679534|W2123755784|W4285719527,Cyb|PolInd,0.027,-0.747,0.0586,0.2284,1,fechamento_trivial,0,obra
W2752617332|W3124879925|W4285719527,PolInd|Reg,0.027,-1.475,0.0268,0.2179,1,fechamento_trivial,0,obra
W1492856410|W1576605329|W4205188686,Cyb|PolInd,0.027,-1.351,0.0874,0.3972,0,ruido_quimera,0,obra
W1566478880|W2129385606|W4285719527,Cyb|PolInd,0.027,-0.737,0.0839,0.3282,0,ruido_quimera,0,obra
W1601629960|W2012275303|W4206762723,Cyb|PolInd,0.027,0.908,0.0678,0.3477,0,ruido_quimera,0,obra
W2111030512|W2129385606|W4285719527,Cyb|PolInd,0.027,-0.738,0.0644,0.1778,0,ruido_quimera,0,obra
W2064927380|W2123755784|W4285719527,Cyb|PolInd,0.027,-0.737,0.0609,0.1478,0,ruido_quimera,0,obra
W1576605329|W4206762723|W4285719527,Cyb|PolInd,0.027,-1.205,0.054,0.0,0,ruido_quimera,0,obra
W2108795964|W2111030512|W2325487953,Cyb|PolInd,0.027,0.469,0.0136,0.3445,0,ruido_quimera,0,obra
W1517138715|W2111030512|W4244612406,Cyb|PolInd,0.0269,-1.355,0.0621,0.2449,1,agenda_pesquisa,0,obra
W1517138715|W1566478880|W4244612406,Cyb|PolInd,0.0269,-1.355,0.0529,0.3075,1,fechamento_trivial,0,obra
W1566478880|W2131740028|W4244612406,Cyb|PolInd,0.0269,1.011,0.0517,0.2861,1,fechamento_trivial,0,obra
W2123755784|W2140956556|W52678905,Cyb|PolInd,0.0269,-1.36,0.0153,0.2908,1,fechamento_trivial,0,obra
W2111030512|W2131740028|W52678905,Cyb|PolInd,0.0269,1.008,0.069,0.1423,0,ruido_quimera,0,obra
W1492856410|W2111030512|W2131740028,Cyb|PolInd,0.0269,1.019,0.0506,0.1589,0,ruido_quimera,0,obra
W1492856410|W2111030512|W2140956556,Cyb|PolInd,0.0269,-1.354,0.0506,0.192,0,ruido_quimera,0,obra
W2111030512|W2131740028|W4244612406,Cyb|PolInd,0.0269,1.01,0.0102,0.1976,0,ruido_quimera,0,obra
W1492856410|W1970428482|W2566856888,Cyb|PolInd,0.0268,-1.363,0.0517,0.2781,1,fechamento_trivial,0,obra
W2048086870|W2122679534|W4285719527,Cyb|PolInd,0.0268,-0.769,0.0136,0.2899,1,fechamento_trivial,0,obra
W1492856410|W1566478880|W2140956556,Cyb|PolInd,0.0268,-1.365,0.0989,0.3276,0,ruido_quimera,0,obra
W1566478880|W2131740028|W2154683088,Cyb|PolInd,0.0268,0.997,0.0736,0.4089,0,ruido_quimera,0,obra
W2048086870|W2064927380|W4285719527,Cyb|PolInd,0.0268,-0.765,0.0575,0.1909,0,ruido_quimera,0,obra
W2126563689|W2140956556|W4285719527,Cyb|PolInd,0.0268,-0.773,0.0563,0.0002,0,ruido_quimera,0,obra
W2524218442|W4206762723|W4285719527,Cyb|PolInd,0.0268,-1.229,0.0517,0.0,0,ruido_quimera,0,obra
W2111030512|W2140956556|W52678905,Cyb|PolInd,0.0268,-1.364,0.0103,0.187,0,ruido_quimera,0,obra
W1566478880|W2064927380|W4285719527,Cyb|PolInd,0.0267,-0.781,0.0805,0.2493,1,agenda_pesquisa,0,obra
W1576605329|W2111030512|W4244612406,Cyb|PolInd,0.0267,-1.37,0.0598,0.2757,1,agenda_pesquisa,0,obra
W1517138715|W1566478880|W4205188686,Cyb|PolInd,0.0267,-1.368,0.054,0.2569,1,fechamento_trivial,0,obra
W1576605329|W2025177555|W52678905,Cyb|PolInd,0.0267,-1.369,0.0102,0.3167,1,fechamento_trivial,0,obra
W2064927380|W2111030512|W4285719527,Cyb|PolInd,0.0267,-0.778,0.0609,0.1279,0,ruido_quimera,0,obra
W2111030512|W2122679534|W4285719527,Cyb|PolInd,0.0267,-0.779,0.0586,0.0486,0,ruido_quimera,0,obra
W1566478880|W1576605329|W4244612406,Cyb|PolInd,0.0267,-1.371,0.0517,0.3627,0,ruido_quimera,0,obra
W1517138715|W2025177555|W2123755784,Cyb|PolInd,0.0267,-1.37,0.0494,0.1962,0,ruido_quimera,0,obra
W1492856410|W1517138715|W2154683088,Cyb|PolInd,0.0266,-1.376,0.0816,0.2722,1,agenda_pesquisa,0,obra
W2111030512|W2123755784|W2131740028,Cyb|PolInd,0.0266,0.972,0.0747,0.1426,0,ruido_quimera,0,obra
W1492856410|W2059789395|W4285719527,Cyb|PolInd,0.0266,-0.8,0.0575,0.3912,0,ruido_quimera,0,obra
W1566478880|W2140956556|W52678905,Cyb|PolInd,0.0266,-1.374,0.0171,0.3445,0,ruido_quimera,0,obra
W1566478880|W1576605329|W4205188686,Cyb|PolInd,0.0265,-1.383,0.0529,0.2891,1,fechamento_trivial,0,obra
W1576605329|W2025177555|W2123755784,Cyb|PolInd,0.0265,-1.384,0.0483,0.2162,1,fechamento_trivial,0,obra
W1517138715|W2025177555|W2111030512,Cyb|PolInd,0.0265,-1.386,0.0241,0.2184,1,fechamento_trivial,0,obra
W1517138715|W1566478880|W2025177555,Cyb|PolInd,0.0265,-1.385,0.0203,0.3045,1,fechamento_trivial,0,obra
W2048086870|W2111030512|W2140956556,Cyb|PolInd,0.0265,-1.386,0.0163,0.2463,1,fechamento_trivial,0,obra
W1492856410|W1517138715|W2123755784,Cyb|PolInd,0.0265,-1.388,0.0759,0.1676,0,ruido_quimera,0,obra
W2059789395|W2154683088|W4285719527,Cyb|PolInd,0.0265,-0.808,0.0598,0.3742,0,ruido_quimera,0,obra
W148464764|W1492856410|W4285719527,Cyb|PolInd,0.0265,-0.801,0.054,0.0352,0,ruido_quimera,0,obra
W2912536286|W4206762723|W4285719527,Cyb|PolInd,0.0265,0.628,0.0517,0.0,0,ruido_quimera,0,obra
W1606540910|W4206762723|W4285719527,Cyb|PolInd,0.0265,-0.453,0.0494,0.0,0,ruido_quimera,0,obra
W1566478880|W2122679534|W4285719527,Cyb|PolInd,0.0265,-0.803,0.0204,0.3376,0,ruido_quimera,0,obra
W1566478880|W2111030512|W2131740028,Cyb|PolInd,0.0264,0.938,0.1046,0.1871,0,ruido_quimera,0,obra
W1492856410|W1576605329|W2154683088,Cyb|PolInd,0.0264,-1.391,0.0805,0.3675,0,ruido_quimera,0,obra
W1492856410|W2026948646|W2566856888,Cyb|PolInd,0.0264,-1.394,0.0678,0.3522,0,ruido_quimera,0,obra
W1517138715|W2123755784|W52678905,Cyb|PolInd,0.0264,-1.391,0.0644,0.2015,0,ruido_quimera,0,obra
W148464764|W2154683088|W4285719527,Cyb|PolInd,0.0264,-0.819,0.0563,0.0094,0,ruido_quimera,0,obra
W2048086870|W2111030512|W2131740028,Cyb|PolInd,0.0264,0.942,0.0563,0.2021,0,ruido_quimera,0,obra
W2105717288|W4206762723|W4285719527,Cyb|PolInd,0.0264,0.61,0.0552,0.0,0,ruido_quimera,0,obra
W1576605329|W2025177555|W2111030512,Cyb|PolInd,0.0263,-1.397,0.0102,0.2541,1,fechamento_trivial,0,obra
W225706379|W4206762723|W4285719527,Cyb|PolInd,0.0263,-0.453,0.0506,0.0,0,ruido_quimera,0,obra
W1535129021|W4206762723|W4285719527,Cyb|PolInd,0.0263,-1.288,0.0162,0.0,0,ruido_quimera,0,obra
W1566478880|W1576605329|W2025177555,Cyb|PolInd,0.0263,-1.399,0.0102,0.3645,0,ruido_quimera,0,obra
W1492856410|W1517138715|W1566478880,Cyb|PolInd,0.0262,-1.403,0.0204,0.2537,1,fechamento_trivial,0,obra
W1492856410|W1576605329|W2123755784,Cyb|PolInd,0.0262,-1.404,0.0747,0.2117,0,ruido_quimera,0,obra
W1517138715|W1566478880|W2154683088,Cyb|PolInd,0.0262,-1.405,0.0747,0.3999,0,ruido_quimera,0,obra
W1492856410|W2026948646|W2524218442,Cyb|PolInd,0.0262,-1.405,0.0678,0.4557,0,ruido_quimera,0,obra
W1576605329|W2123755784|W52678905,Cyb|PolInd,0.0262,-1.406,0.0632,0.2117,0,ruido_quimera,0,obra
W2059789395|W2123755784|W4285719527,Cyb|PolInd,0.0262,-0.849,0.0632,0.0986,0,ruido_quimera,0,obra
W1517138715|W2111030512|W2154683088,Cyb|PolInd,0.0262,-1.406,0.0517,0.1949,0,ruido_quimera,0,obra
W1492856410|W1517138715|W2111030512,Cyb|PolInd,0.0262,-1.404,0.0242,0.2074,0,ruido_quimera,0,obra
W2048086870|W2059789395|W4285719527,Cyb|PolInd,0.0261,-0.857,0.0598,0.2317,1,agenda_pesquisa,0,obra
W2026948646|W2154683088|W2524218442,Cyb|PolInd,0.0261,-1.413,0.0136,0.3108,1,fechamento_trivial,0,obra
W1492856410|W2566856888|W4205188686,Cyb|PolInd,0.0261,-1.415,0.0874,0.3173,0,ruido_quimera,0,obra
W2524218442|W4244612406|W52678905,Cyb|PolInd,0.0261,-1.413,0.0782,0.4467,0,ruido_quimera,0,obra
W1492856410|W1535129021|W2026948646,Cyb|PolInd,0.0261,-1.415,0.0678,0.4307,0,ruido_quimera,0,obra
W148464764|W2123755784|W4285719527,Cyb|PolInd,0.0261,-0.862,0.0598,0.0085,0,ruido_quimera,0,obra
W1995156820|W4206762723|W4285719527,Cyb|PolInd,0.0261,-0.453,0.0563,0.0,0,ruido_quimera,0,obra
W1517138715|W1566478880|W2123755784,Cyb|PolInd,0.026,-1.418,0.1506,0.2878,1,agenda_pesquisa,0,obra
W1576605329|W2111030512|W2154683088,Cyb|PolInd,0.026,-1.422,0.0494,0.254,1,fechamento_trivial,0,obra
W1492856410|W1576605329|W2111030512,Cyb|PolInd,0.026,-1.417,0.0102,0.2672,1,fechamento_trivial,0,obra
W1517138715|W2111030512|W2123755784,Cyb|PolInd,0.026,-1.419,0.077,0.1695,0,ruido_quimera,0,obra
W1492856410|W1566478880|W1576605329,Cyb|PolInd,0.026,-1.418,0.0103,0.3379,0,ruido_quimera,0,obra
W1535129021|W4244612406|W52678905,Cyb|PolInd,0.0259,-1.426,0.0782,0.4262,0,ruido_quimera,0,obra
W1566478880|W1576605329|W2154683088,Cyb|PolInd,0.0259,-1.423,0.0736,0.4833,0,ruido_quimera,0,obra
W1498488428|W3124879925|W4285719527,Cyb|PolInd,0.0259,-0.417,0.0632,0.1156,0,ruido_quimera,0,obra
W148464764|W2048086870|W4285719527,Cyb|PolInd,0.0259,-0.888,0.0563,0.1033,0,ruido_quimera,0,obra
W1999686839|W4206762723|W4285719527,Cyb|PolInd,0.0259,-0.453,0.0552,0.0,0,ruido_quimera,0,obra
W2059789395|W2111030512|W4285719527,Cyb|PolInd,0.0259,-0.887,0.0174,0.4198,0,ruido_quimera,0,obra
W1566478880|W2059789395|W4285719527,Cyb|PolInd,0.0258,-0.893,0.0828,0.3037,1,agenda_pesquisa,0,obra
W2111030512|W2566856888|W4244612406,Cyb|PolInd,0.0258,-1.436,0.0598,0.2772,1,agenda_pesquisa,0,obra
W1566478880|W1576605329|W2123755784,Cyb|PolInd,0.0258,-1.436,0.1494,0.32,0,ruido_quimera,0,obra
W1601629960|W2012275303|W2126563689,Cyb|PolInd,0.0258,0.841,0.0782,0.4133,0,ruido_quimera,0,obra
W1576605329|W2111030512|W2123755784,Cyb|PolInd,0.0258,-1.434,0.0747,0.1774,0,ruido_quimera,0,obra
W2025177555|W2524218442|W52678905,Cyb|PolInd,0.0258,-1.435,0.0483,0.3508,0,ruido_quimera,0,obra
W1855283887|W2154683088|W4285719527,Cyb|PolInd,0.0258,-0.894,0.0153,0.3683,0,ruido_quimera,0,obra
W1492856410|W1855283887|W4285719527,Cyb|PolInd,0.0258,-0.898,0.0153,0.1908,0,ruido_quimera,0,obra
W1490995146|W4206762723|W4285719527,Cyb|PolInd,0.0258,0.496,0.0152,0.0,0,ruido_quimera,0,obra
W148464764|W1566478880|W4285719527,Cyb|PolInd,0.0257,-0.908,0.0793,0.0957,0,ruido_quimera,0,obra
W148464764|W2111030512|W4285719527,Cyb|PolInd,0.0257,-0.906,0.0598,0.0363,0,ruido_quimera,0,obra
W2108795964|W4206762723|W4285719527,Cyb|PolInd,0.0257,0.466,0.0563,0.0,0,ruido_quimera,0,obra
W1566478880|W2566856888|W4244612406,Cyb|PolInd,0.0257,-1.438,0.0529,0.3861,0,ruido_quimera,0,obra
W1566478880|W2524218442|W4244612406,Cyb|PolInd,0.0257,-1.443,0.0102,0.4009,0,ruido_quimera,0,obra
W1490995146|W2111030512|W4244612406,Cyb|PolInd,0.0256,0.812,0.0598,0.2209,1,agenda_pesquisa,0,obra
W1566478880|W2566856888|W4205188686,Cyb|PolInd,0.0256,-1.448,0.054,0.2865,1,fechamento_trivial,0,obra
W2566856888|W4206762723|W4285719527,Cyb|PolInd,0.0256,-1.384,0.0563,0.0,0,ruido_quimera,0,obra
W2025177555|W2111030512|W2566856888,Cyb|PolInd,0.0255,-1.453,0.0483,0.2389,1,fechamento_trivial,0,obra
W1601629960|W2140409505|W4206762723,Cyb|PolInd,0.0255,0.688,0.0103,0.273,1,fechamento_trivial,0,obra
W1566478880|W2025177555|W2566856888,Cyb|PolInd,0.0255,-1.455,0.0598,0.3713,0,ruido_quimera,0,obra
W1492856410|W2066374751|W4285719527,Cyb|PolInd,0.0255,-0.941,0.054,0.1813,0,ruido_quimera,0,obra
W1566478880|W2524218442|W4205188686,Cyb|PolInd,0.0255,-1.454,0.0529,0.357,0,ruido_quimera,0,obra
W1535129021|W1566478880|W4244612406,Cyb|PolInd,0.0255,-1.456,0.0517,0.3544,0,ruido_quimera,0,obra
W1606540910|W2126563689|W4285719527,Cyb|PolInd,0.0255,-0.461,0.0517,0.0955,0,ruido_quimera,0,obra
W1855283887|W2123755784|W4285719527,Cyb|PolInd,0.0254,-0.954,0.0301,0.234,1,fechamento_trivial,0,obra
W1492856410|W2154683088|W2566856888,Cyb|PolInd,0.0254,-1.458,0.0137,0.3025,1,fechamento_trivial,0,obra
W1492856410|W2154683088|W2524218442,Cyb|PolInd,0.0254,-1.464,0.0816,0.4019,0,ruido_quimera,0,obra
W1517138715|W2126563689|W4285719527,Cyb|PolInd,0.0254,-0.945,0.0586,0.1762,0,ruido_quimera,0,obra
W1999800658|W2126563689|W4285719527,Cyb|PolInd,0.0254,1.096,0.054,0.1584,0,ruido_quimera,0,obra
W2131740028|W4206762723|W4285719527,Cyb|PolInd,0.0254,0.416,0.0506,0.0,0,ruido_quimera,0,obra
W1492856410|W2123755784|W2566856888,Cyb|PolInd,0.0253,-1.466,0.0747,0.1498,0,ruido_quimera,0,obra
W2066374751|W2154683088|W4285719527,Cyb|PolInd,0.0253,-0.959,0.0563,0.1803,0,ruido_quimera,0,obra
W1684540946|W4206762723|W4285719527,Cyb|PolInd,0.0253,0.38,0.0552,0.0,0,ruido_quimera,0,obra
W2126563689|W225706379|W4285719527,Cyb|PolInd,0.0253,-0.461,0.0529,0.2033,0,ruido_quimera,0,obra
W1490995146|W2025177555|W2111030512,Cyb|PolInd,0.0253,0.758,0.0483,0.1737,0,ruido_quimera,0,obra
W1855283887|W2111030512|W4285719527,Cyb|PolInd,0.0253,-0.958,0.0153,0.1115,0,ruido_quimera,0,obra
W2111030512|W2325487953|W2334918364,Cyb|PolInd,0.0253,0.213,0.0102,0.3388,0,ruido_quimera,0,obra
W2123755784|W2154683088|W2566856888,Cyb|PolInd,0.0252,-1.476,0.1069,0.2627,1,agenda_pesquisa,0,obra
W1492856410|W2123755784|W2524218442,Cyb|PolInd,0.0252,-1.473,0.0747,0.2535,1,agenda_pesquisa,0,obra
W2123755784|W2524218442|W52678905,Cyb|PolInd,0.0252,-1.474,0.0632,0.2329,1,agenda_pesquisa,0,obra
W1492856410|W1535129021|W2154683088,Cyb|PolInd,0.0252,-1.476,0.0805,0.349,0,ruido_quimera,0,obra
W1492359653|W4206762723|W4285719527,Cyb|PolInd,0.0252,0.36,0.054,0.0,0,ruido_quimera,0,obra
W1535129021|W2025177555|W2111030512,Cyb|PolInd,0.0252,-1.475,0.0483,0.3263,0,ruido_quimera,0,obra
W2111030512|W2566856888|W52678905,Cyb|PolInd,0.0251,-1.479,0.069,0.2296,1,agenda_pesquisa,0,obra
W1566478880|W2566856888|W52678905,Cyb|PolInd,0.0251,-1.481,0.1115,0.3441,0,ruido_quimera,0,obra
W1995156820|W2126563689|W4285719527,Cyb|PolInd,0.0251,-0.461,0.0586,0.1495,0,ruido_quimera,0,obra
W2070631858|W4206762723|W4285719527,Cyb|PolInd,0.0251,0.348,0.054,0.0,0,ruido_quimera,0,obra
W1601128533|W2111030512|W2325487953,Cyb|PolInd,0.0251,0.175,0.0483,0.6993,0,ruido_quimera,0,obra
W1492856410|W2111030512|W2566856888,Cyb|PolInd,0.0251,-1.48,0.0102,0.2079,0,ruido_quimera,0,obra
W2111030512|W2524218442|W52678905,Cyb|PolInd,0.025,-1.488,0.0713,0.2334,1,agenda_pesquisa,0,obra
W1492856410|W2111030512|W2524218442,Cyb|PolInd,0.025,-1.488,0.0529,0.2976,1,fechamento_trivial,0,obra
W1566478880|W2524218442|W52678905,Cyb|PolInd,0.025,-1.487,0.1103,0.3367,0,ruido_quimera,0,obra
W1492856410|W1566478880|W2524218442,Cyb|PolInd,0.025,-1.486,0.0943,0.379,0,ruido_quimera,0,obra
W2066374751|W2123755784|W4285719527,Cyb|PolInd,0.025,-1.002,0.0598,0.1278,0,ruido_quimera,0,obra
W1490995146|W1492856410|W2111030512,Cyb|PolInd,0.025,0.712,0.0506,0.1643,0,ruido_quimera,0,obra
W1566478880|W2154683088|W2566856888,Cyb|PolInd,0.025,-1.492,0.0204,0.4955,0,ruido_quimera,0,obra
W1535129021|W2123755784|W2154683088,Cyb|PolInd,0.0249,-1.494,0.1057,0.2438,1,agenda_pesquisa,0,obra
W1498488428|W1553746973|W4285719527,Cyb|PolInd,0.0249,-0.417,0.0506,0.2731,1,fechamento_trivial,0,obra
W2111030512|W2123755784|W2566856888,Cyb|PolInd,0.0249,-1.497,0.0747,0.1707,0,ruido_quimera,0,obra
W1490995146|W2111030512|W52678905,Cyb|PolInd,0.0249,0.703,0.069,0.1884,0,ruido_quimera,0,obra
W1492856410|W1535129021|W2111030512,Cyb|PolInd,0.0249,-1.498,0.0506,0.3355,0,ruido_quimera,0,obra
W1535129021|W2111030512|W52678905,Cyb|PolInd,0.0248,-1.499,0.069,0.2938,1,agenda_pesquisa,0,obra
W1684540946|W2111030512|W4244612406,Cyb|PolInd,0.0248,0.69,0.0598,0.2326,1,agenda_pesquisa,0,obra
W1999686839|W2126563689|W4285719527,Cyb|PolInd,0.0248,-0.461,0.0575,0.2356,1,fechamento_trivial,0,obra
W2048086870|W2066374751|W4285719527,Cyb|PolInd,0.0248,-1.027,0.0563,0.2428,1,fechamento_trivial,0,obra
W1566478880|W2123755784|W2566856888,Cyb|PolInd,0.0248,-1.5,0.1506,0.3352,0,ruido_quimera,0,obra
W2060827592|W4206762723|W4285719527,Cyb|PolInd,0.0248,0.286,0.0529,0.0,0,ruido_quimera,0,obra
W1566478880|W1684540946|W4244612406,Cyb|PolInd,0.0248,0.69,0.0517,0.3246,0,ruido_quimera,0,obra
W1490995146|W2111030512|W2154683088,Cyb|PolInd,0.0248,0.691,0.0494,0.1651,0,ruido_quimera,0,obra
W1576605329|W2126563689|W4285719527,Cyb|PolInd,0.0247,-1.035,0.0563,0.2413,1,fechamento_trivial,0,obra
W2048086870|W2111030512|W2566856888,Cyb|PolInd,0.0247,-1.507,0.0563,0.2546,1,fechamento_trivial,0,obra
W1566478880|W1684540946|W4205188686,Cyb|PolInd,0.0247,0.67,0.0529,0.2634,1,fechamento_trivial,0,obra
W1535129021|W2111030512|W2154683088,Cyb|PolInd,0.0247,-1.507,0.0102,0.3131,1,fechamento_trivial,0,obra
W1490995146|W2111030512|W2123755784,Cyb|PolInd,0.0247,0.664,0.0747,0.128,0,ruido_quimera,0,obra
W1535129021|W1566478880|W2154683088,Cyb|PolInd,0.0247,-1.508,0.0736,0.4486,0,ruido_quimera,0,obra
W1492856410|W1684540946|W2154683088,Cyb|PolInd,0.0246,0.652,0.0805,0.3142,1,agenda_pesquisa,0,obra
W1566478880|W2066374751|W4285719527,Cyb|PolInd,0.0246,-1.048,0.0793,0.234,1,agenda_pesquisa,0,obra
W1535129021|W2111030512|W2123755784,Cyb|PolInd,0.0246,-1.516,0.0747,0.233,1,agenda_pesquisa,0,obra
W2066374751|W2111030512|W4285719527,Cyb|PolInd,0.0246,-1.048,0.0598,0.2182,1,agenda_pesquisa,0,obra
W2048086870|W2111030512|W2524218442,Cyb|PolInd,0.0246,-1.514,0.0586,0.273,1,fechamento_trivial,0,obra
W1492856410|W3022339544|W4285719527,Cyb|PolInd,0.0246,-1.049,0.0153,0.2945,1,fechamento_trivial,0,obra
W1566478880|W2111030512|W2566856888,Cyb|PolInd,0.0246,-1.513,0.0137,0.2664,1,fechamento_trivial,0,obra
W1566478880|W1684540946|W2025177555,Cyb|PolInd,0.0246,0.65,0.0586,0.3235,0,ruido_quimera,0,obra
W1684540946|W2025177555|W2111030512,Cyb|PolInd,0.0246,0.65,0.0483,0.2081,0,ruido_quimera,0,obra
W2126563689|W2524218442|W4285719527,Cyb|PolInd,0.0245,-1.057,0.054,0.2881,1,fechamento_trivial,0,obra
W1601629960|W2140956556|W4285719527,Cyb|PolInd,0.0245,-1.062,0.0736,0.1069,0,ruido_quimera,0,obra
W2154683088|W3022339544|W4285719527,Cyb|PolInd,0.0245,-1.063,0.0242,0.3214,0,ruido_quimera,0,obra
W1535129021|W1566478880|W2111030512,Cyb|PolInd,0.0244,-1.529,0.1046,0.3007,1,agenda_pesquisa,0,obra
W1535129021|W2048086870|W2111030512,Cyb|PolInd,0.0244,-1.53,0.0563,0.296,1,fechamento_trivial,0,obra
W1490995146|W1566478880|W2111030512,Cyb|PolInd,0.0244,0.631,0.1046,0.1617,0,ruido_quimera,0,obra
W1490995146|W2048086870|W2111030512,Cyb|PolInd,0.0244,0.62,0.0563,0.1712,0,ruido_quimera,0,obra
W2060827592|W2111030512|W2325487953,Cyb|PolInd,0.0244,0.078,0.0483,0.3449,0,ruido_quimera,0,obra
W1601629960|W1606540910|W4285719527,Cyb|PolInd,0.0244,-0.462,0.0136,0.0935,0,ruido_quimera,0,obra
W1601629960|W2126563689|W2140409505,Cyb|PolInd,0.0244,0.623,0.0103,0.3422,0,ruido_quimera,0,obra
W1684540946|W2123755784|W2154683088,Cyb|PolInd,0.0243,0.608,0.1057,0.2381,1,agenda_pesquisa,0,obra
W1979968159|W4206762723|W4285719527,Cyb|PolInd,0.0243,0.192,0.0517,0.0,0,ruido_quimera,0,obra
W1566478880|W1684540946|W52678905,Cyb|PolInd,0.0242,0.592,0.1103,0.3124,1,agenda_pesquisa,0,obra
W1492856410|W1566478880|W1684540946,Cyb|PolInd,0.0242,0.595,0.0943,0.2929,1,agenda_pesquisa,0,obra
W1492856410|W1684540946|W2111030512,Cyb|PolInd,0.0242,0.595,0.0506,0.2172,1,fechamento_trivial,0,obra
W1601629960|W225706379|W4285719527,Cyb|PolInd,0.0242,-0.462,0.0701,0.2139,0,ruido_quimera,0,obra
W1684540946|W2111030512|W52678905,Cyb|PolInd,0.0242,0.592,0.069,0.2149,0,ruido_quimera,0,obra
W2105717288|W2126563689|W4285719527,Cyb|PolInd,0.0242,0.867,0.0575,0.1096,0,ruido_quimera,0,obra
W2126563689|W2912536286|W4285719527,Cyb|PolInd,0.0242,0.877,0.054,0.3613,0,ruido_quimera,0,obra
W1535129021|W2126563689|W4285719527,Cyb|PolInd,0.0241,-1.113,0.0162,0.2229,1,fechamento_trivial,0,obra
W1601128533|W4206762723|W4285719527,Cyb|PolInd,0.0241,0.155,0.054,0.0,0,ruido_quimera,0,obra
W1566478880|W1684540946|W2154683088,Cyb|PolInd,0.0241,0.573,0.0103,0.4469,0,ruido_quimera,0,obra
W1520641906|W1601629960|W2015930340,Cyb|PolInd,0.024,0.012,0.0736,0.285,1,agenda_pesquisa,0,obra
W1601629960|W1995156820|W4285719527,Cyb|PolInd,0.024,-0.462,0.0759,0.174,0,ruido_quimera,0,obra
W3124879925|W4285719527|W597091629,Cyb|PolInd,0.024,-0.418,0.0575,0.1977,0,ruido_quimera,0,obra
W1566478880|W1684540946|W2123755784,Cyb|PolInd,0.0239,0.551,0.1494,0.2913,1,agenda_pesquisa,0,obra
W1684540946|W2111030512|W2123755784,Cyb|PolInd,0.0239,0.551,0.0747,0.1437,0,ruido_quimera,0,obra
W2334918364|W4206762723|W4285719527,Cyb|PolInd,0.0239,0.104,0.054,0.0,0,ruido_quimera,0,obra
W1566478880|W3022339544|W4285719527,Cyb|PolInd,0.0239,-1.142,0.0244,0.3581,0,ruido_quimera,0,obra
W1492856410|W1510137183|W4285719527,Cyb|PolInd,0.0238,-1.149,0.0517,0.2191,1,fechamento_trivial,0,obra
W1684540946|W2048086870|W2111030512,Cyb|PolInd,0.0238,0.525,0.0563,0.2142,0,ruido_quimera,0,obra
W1510137183|W2154683088|W4285719527,Cyb|PolInd,0.0237,-1.168,0.054,0.2154,1,fechamento_trivial,0,obra
W1566478880|W1684540946|W2111030512,Cyb|PolInd,0.0237,0.517,0.0103,0.2154,1,fechamento_trivial,0,obra
W1520641906|W2048894562|W4285719527,Cyb|PolInd,0.0236,-1.009,0.0506,0.2241,1,fechamento_trivial,0,obra
W1490995146|W2126563689|W4285719527,Cyb|PolInd,0.0236,0.761,0.0153,0.112,0,ruido_quimera,0,obra
W2108795964|W2126563689|W4285719527,Cyb|PolInd,0.0235,0.739,0.0586,0.2555,1,fechamento_trivial,0,obra
W2007180942|W4206762723|W4285719527,Cyb|PolInd,0.0235,0.027,0.0609,0.0,0,ruido_quimera,0,obra
W1492856410|W1970428482|W2108795964,Cyb|PolInd,0.0235,0.486,0.0517,0.3754,0,ruido_quimera,0,obra
W1510137183|W2123755784|W4285719527,Cyb|PolInd,0.0234,-1.21,0.0575,0.2377,1,fechamento_trivial,0,obra
W2126563689|W2566856888|W4285719527,Cyb|PolInd,0.0234,-1.203,0.0586,0.1587,0,ruido_quimera,0,obra
W1566478880|W2070631858|W4244612406,Cyb|PolInd,0.0233,0.454,0.0517,0.2807,1,fechamento_trivial,0,obra
W1566478880|W2070631858|W4205188686,Cyb|PolInd,0.0232,0.435,0.0529,0.1975,0,ruido_quimera,0,obra
W2025177555|W2070631858|W2123755784,Cyb|PolInd,0.0232,0.439,0.0483,0.1637,0,ruido_quimera,0,obra
W1601629960|W1999800658|W4285719527,Cyb|PolInd,0.0231,0.654,0.0713,0.2532,1,agenda_pesquisa,0,obra
W1492856410|W2026948646|W2108795964,Cyb|PolInd,0.0231,0.421,0.0678,0.4508,0,ruido_quimera,0,obra
W1684540946|W2126563689|W4285719527,Cyb|PolInd,0.0231,0.655,0.0575,0.1952,0,ruido_quimera,0,obra
W1510137183|W2048086870|W4285719527,Cyb|PolInd,0.0231,-1.237,0.054,0.1996,0,ruido_quimera,0,obra
W2126563689|W2131740028|W4285719527,Cyb|PolInd,0.0231,0.67,0.0529,-0.0361,0,ruido_quimera,0,obra
W1510137183|W1566478880|W4285719527,Cyb|PolInd,0.023,-1.255,0.077,0.2743,1,agenda_pesquisa,0,obra
W1566478880|W2025177555|W2070631858,Cyb|PolInd,0.023,0.409,0.0586,0.3054,1,fechamento_trivial,0,obra
W2061977616|W4206762723|W4285719527,Cyb|PolInd,0.023,-0.061,0.0552,0.0,0,ruido_quimera,0,obra
W1510137183|W2111030512|W4285719527,Cyb|PolInd,0.023,-1.257,0.0102,0.0923,0,ruido_quimera,0,obra
W1492359653|W2126563689|W4285719527,Cyb|PolInd,0.0229,0.626,0.0563,0.2733,1,fechamento_trivial,0,obra
W2108795964|W4244612406|W52678905,Cyb|PolInd,0.0229,0.386,0.0782,0.4775,0,ruido_quimera,0,obra
W1492856410|W2070631858|W2123755784,Cyb|PolInd,0.0229,0.389,0.0747,0.0931,0,ruido_quimera,0,obra
W2070631858|W2126563689|W4285719527,Cyb|PolInd,0.0229,0.619,0.0563,-0.0195,0,ruido_quimera,0,obra
W1492856410|W2108795964|W4205188686,Cyb|PolInd,0.0228,0.371,0.0874,0.4173,0,ruido_quimera,0,obra
W2070631858|W2123755784|W52678905,Cyb|PolInd,0.0228,0.382,0.0632,0.1419,0,ruido_quimera,0,obra
W4206762723|W4285719527|W4301066124,Cyb|PolInd,0.0228,-0.103,0.0517,0.0,0,ruido_quimera,0,obra
W2070631858|W2123755784|W2154683088,Cyb|PolInd,0.0227,0.368,0.1057,0.1836,0,ruido_quimera,0,obra
W1492856410|W1566478880|W2070631858,Cyb|PolInd,0.0227,0.358,0.0943,0.2125,0,ruido_quimera,0,obra
W1566478880|W2070631858|W52678905,Cyb|PolInd,0.0226,0.351,0.1103,0.2396,1,agenda_pesquisa,0,obra
W1520641906|W3130930004|W4285719527,Cyb|PolInd,0.0226,-1.194,0.0575,0.2252,1,fechamento_trivial,0,obra
W2060827592|W2126563689|W4285719527,Cyb|PolInd,0.0226,0.565,0.0552,0.0557,0,ruido_quimera,0,obra
W1520641906|W3124879925|W4285719527,Cyb|PolInd,0.0225,-1.207,0.077,0.2468,1,agenda_pesquisa,0,obra
W2108795964|W2111030512|W4244612406,Cyb|PolInd,0.0225,0.333,0.0609,0.2987,1,agenda_pesquisa,0,obra
W1566478880|W2070631858|W2154683088,Cyb|PolInd,0.0225,0.337,0.0736,0.3851,0,ruido_quimera,0,obra
W1566478880|W2108795964|W4244612406,Cyb|PolInd,0.0225,0.326,0.0529,0.4338,0,ruido_quimera,0,obra
W2111030512|W2325487953|W4301066124,Cyb|PolInd,0.0225,-0.207,0.0241,0.3571,0,ruido_quimera,0,obra
W2025177555|W2108795964|W52678905,Cyb|PolInd,0.0225,0.337,0.0102,0.3667,0,ruido_quimera,0,obra
W2070631858|W2111030512|W2123755784,Cyb|PolInd,0.0224,0.312,0.0747,0.1256,0,ruido_quimera,0,obra
W1576605329|W1601629960|W4285719527,Cyb|PolInd,0.0224,-1.333,0.0736,0.2006,0,ruido_quimera,0,obra
W1527311855|W4206762723|W4285719527,Cyb|PolInd,0.0224,-1.807,0.0537,0.0,0,ruido_quimera,0,obra
W1486212401|W2111030512|W2325487953,Cyb|PolInd,0.0223,-0.239,0.0483,0.3008,1,fechamento_trivial,0,obra
W1566478880|W2108795964|W4205188686,Cyb|PolInd,0.0223,0.3,0.054,0.3382,0,ruido_quimera,0,obra
W3023721815|W4206762723|W4285719527,Cyb|PolInd,0.0223,-0.215,0.054,0.0,0,ruido_quimera,0,obra
W2017802748|W2111030512|W2325487953,Cyb|PolInd,0.0222,-0.256,0.0483,0.2858,1,fechamento_trivial,0,obra
W1566478880|W2070631858|W2111030512,Cyb|PolInd,0.0222,0.281,0.1046,0.19,0,ruido_quimera,0,obra
W1601629960|W2524218442|W4285719527,Cyb|PolInd,0.0222,-1.354,0.0713,0.2013,0,ruido_quimera,0,obra
W1601629960|W2015930340|W4206762723,Cyb|PolInd,0.0222,0.172,0.0678,0.1442,0,ruido_quimera,0,obra
W1492856410|W2108795964|W2154683088,Cyb|PolInd,0.0222,0.285,0.0137,0.3999,0,ruido_quimera,0,obra
W1492856410|W3122116504|W4285719527,Cyb|PolInd,0.0221,-1.371,0.0552,0.2845,1,fechamento_trivial,0,obra
W2120106358|W4206762723|W4285719527,Cyb|PolInd,0.0221,-0.253,0.0575,0.0,0,ruido_quimera,0,obra
W1979968159|W2126563689|W4285719527,Cyb|PolInd,0.0221,0.465,0.054,0.131,0,ruido_quimera,0,obra
W2154683088|W3122116504|W4285719527,Cyb|PolInd,0.022,-1.386,0.0575,0.2929,1,fechamento_trivial,0,obra
W1492856410|W2108795964|W2123755784,Cyb|PolInd,0.022,0.258,0.0103,0.2718,1,fechamento_trivial,0,obra
W2108795964|W2123755784|W52678905,Cyb|PolInd,0.022,0.247,0.0102,0.2905,1,fechamento_trivial,0,obra
W1486212401|W4206762723|W4285719527,Cyb|PolInd,0.022,-0.273,0.0517,0.0,0,ruido_quimera,0,obra
W1601629960|W2105717288|W4285719527,Cyb|PolInd,0.0219,0.427,0.0747,0.2453,1,agenda_pesquisa,0,obra
W1492856410|W2108795964|W2111030512,Cyb|PolInd,0.0219,0.235,0.0136,0.2635,1,fechamento_trivial,0,obra
W1601629960|W2912536286|W4285719527,Cyb|PolInd,0.0219,0.439,0.0713,0.347,0,ruido_quimera,0,obra
W1601128533|W2126563689|W4285719527,Cyb|PolInd,0.0219,0.436,0.0563,0.0,0,ruido_quimera,0,obra
W1535129021|W1601629960|W4285719527,Cyb|PolInd,0.0218,-1.405,0.0163,0.2439,1,fechamento_trivial,0,obra
W2108795964|W2111030512|W52678905,Cyb|PolInd,0.0218,0.224,0.0136,0.2387,1,fechamento_trivial,0,obra
W2123709218|W4206762723|W4285719527,Cyb|PolInd,0.0218,-0.31,0.0517,0.0,0,ruido_quimera,0,obra
W2111030512|W2120106358|W2325487953,Cyb|PolInd,0.0218,-0.313,0.0483,0.3863,0,ruido_quimera,0,obra
W1566478880|W2108795964|W52678905,Cyb|PolInd,0.0218,0.217,0.0137,0.3794,0,ruido_quimera,0,obra
W1492856410|W1601128533|W1970428482,Cyb|PolInd,0.0217,0.203,0.0517,0.5617,0,ruido_quimera,0,obra
W2126563689|W2334918364|W4285719527,Cyb|PolInd,0.0216,0.387,0.0563,0.2788,1,fechamento_trivial,0,obra
W1492856410|W200208739|W4285719527,Cyb|PolInd,0.0216,-1.431,0.0552,0.2186,1,fechamento_trivial,0,obra
W2123755784|W3122116504|W4285719527,Cyb|PolInd,0.0216,-1.429,0.0609,0.1812,0,ruido_quimera,0,obra
W1554940969|W4206762723|W4285719527,Cyb|PolInd,0.0216,-0.337,0.0598,0.0,0,ruido_quimera,0,obra
W1492856410|W2026948646|W2334918364,Cyb|PolInd,0.0215,0.172,0.0678,0.3694,0,ruido_quimera,0,obra
W1524464890|W3124879925|W4285719527,Cyb|PolInd,0.0215,-1.376,0.0598,0.1983,0,ruido_quimera,0,obra
W200208739|W2154683088|W4285719527,Cyb|PolInd,0.0215,-1.449,0.0575,0.189,0,ruido_quimera,0,obra
W1492856410|W1989864366|W4285719527,Cyb|PolInd,0.0215,-1.452,0.054,0.1016,0,ruido_quimera,0,obra
W2017802748|W4206762723|W4285719527,Cyb|PolInd,0.0215,-0.365,0.054,0.0,0,ruido_quimera,0,obra
W2099069868|W3130930004|W4285719527,Cyb|PolInd,0.0215,-1.388,0.0483,0.445,0,ruido_quimera,0,obra
W2048086870|W2108795964|W2111030512,Cyb|PolInd,0.0214,0.164,0.0203,0.2729,1,fechamento_trivial,0,obra
W1492856410|W2162484441|W4285719527,Cyb|PolInd,0.0214,-1.454,0.0575,0.0238,0,ruido_quimera,0,obra
W1989864366|W2154683088|W4285719527,Cyb|PolInd,0.0214,-1.466,0.0563,0.1163,0,ruido_quimera,0,obra
W1492856410|W1970428482|W2007180942,Cyb|PolInd,0.0214,0.156,0.0517,0.3818,0,ruido_quimera,0,obra
W1490995146|W1601629960|W4285719527,Cyb|PolInd,0.0213,0.329,0.0701,0.2529,1,agenda_pesquisa,0,obra
W2007180942|W2126563689|W4285719527,Cyb|PolInd,0.0213,0.312,0.0632,0.3024,1,agenda_pesquisa,0,obra
W1566478880|W3122116504|W4285719527,Cyb|PolInd,0.0213,-1.474,0.0805,0.33,0,ruido_quimera,0,obra
W2334918364|W4244612406|W52678905,Cyb|PolInd,0.0213,0.147,0.0782,0.3938,0,ruido_quimera,0,obra
W1492856410|W1601128533|W2026948646,Cyb|PolInd,0.0213,0.136,0.0678,0.7461,0,ruido_quimera,0,obra
W2111030512|W3122116504|W4285719527,Cyb|PolInd,0.0213,-1.467,0.0609,0.3288,0,ruido_quimera,0,obra
W2154683088|W2162484441|W4285719527,Cyb|PolInd,0.0213,-1.47,0.0598,0.1427,0,ruido_quimera,0,obra
W2061977616|W2111030512|W2325487953,Cyb|PolInd,0.0212,-0.412,0.0483,0.2388,1,fechamento_trivial,0,obra
W1520641906|W1601629960|W4298413470,Cyb|Reg,0.0212,-1.887,0.0782,0.3972,0,ruido_quimera,0,obra
W200208739|W2123755784|W4285719527,Cyb|PolInd,0.0212,-1.491,0.0609,0.1053,0,ruido_quimera,0,obra
W1492856410|W2099330597|W4285719527,Cyb|PolInd,0.0211,-1.496,0.0575,0.3103,1,fechamento_trivial,0,obra
W1492856410|W4285719527|W4302604455,Cyb|PolInd,0.0211,-1.505,0.054,0.2183,1,fechamento_trivial,0,obra
W1500910854|W3124879925|W4285719527,Cyb|PolInd,0.0211,-1.464,0.0655,0.0283,0,ruido_quimera,0,obra
W1995875735|W4206762723|W4285719527,Cyb|PolInd,0.0211,-0.459,0.0529,0.0,0,ruido_quimera,0,obra
W1601629960|W2015930340|W2126563689,Cyb|PolInd,0.021,0.098,0.0782,0.249,1,agenda_pesquisa,0,obra
W2099330597|W2154683088|W4285719527,Cyb|PolInd,0.021,-1.51,0.0598,0.3004,1,agenda_pesquisa,0,obra
W1492856410|W2007180942|W2026948646,Cyb|PolInd,0.021,0.09,0.0678,0.4321,0,ruido_quimera,0,obra
W2123755784|W2162484441|W4285719527,Cyb|PolInd,0.021,-1.513,0.0632,0.1369,0,ruido_quimera,0,obra
W2013386523|W4206762723|W4285719527,Cyb|PolInd,0.021,-0.46,0.0575,0.0,0,ruido_quimera,0,obra
W1989864366|W2123755784|W4285719527,Cyb|PolInd,0.021,-1.514,0.0153,0.109,0,ruido_quimera,0,obra
W2154683088|W4285719527|W4302604455,Cyb|PolInd,0.0209,-1.523,0.0563,0.2413,1,fechamento_trivial,0,obra
W1492856410|W1601128533|W4205188686,Cyb|PolInd,0.0209,0.087,0.0874,0.6705,0,ruido_quimera,0,obra
W200208739|W2048086870|W4285719527,Cyb|PolInd,0.0209,-1.52,0.0575,0.1377,0,ruido_quimera,0,obra
W1989864366|W2048086870|W4285719527,Cyb|PolInd,0.0209,-1.518,0.0563,0.1766,0,ruido_quimera,0,obra
W1566478880|W2334918364|W4244612406,Cyb|PolInd,0.0209,0.077,0.0517,0.3389,0,ruido_quimera,0,obra
W1520641906|W1553746973|W4285719527,Cyb|PolInd,0.0208,-1.514,0.0644,0.2861,1,agenda_pesquisa,0,obra
W1566478880|W200208739|W4285719527,Cyb|PolInd,0.0208,-1.537,0.0805,0.2037,0,ruido_quimera,0,obra
W2099069868|W3124879925|W4285719527,Cyb|PolInd,0.0208,-1.515,0.0678,0.1781,0,ruido_quimera,0,obra
W200208739|W2111030512|W4285719527,Cyb|PolInd,0.0208,-1.536,0.0609,0.0435,0,ruido_quimera,0,obra
W2048086870|W2162484441|W4285719527,Cyb|PolInd,0.0208,-1.532,0.0598,0.1884,0,ruido_quimera,0,obra
W1492856410|W1527311855|W90769783,Cyb|PolInd,0.0208,-1.845,0.0483,0.3302,0,ruido_quimera,0,obra
W1492856410|W1606540910|W4285719527,Cyb|PolInd,0.0208,-0.466,0.0202,0.064,0,ruido_quimera,0,obra
W2061977616|W2126563689|W4285719527,Cyb|PolInd,0.0208,0.231,0.0177,-0.0467,0,ruido_quimera,0,obra
W1492856410|W2007180942|W4205188686,Cyb|PolInd,0.0207,0.043,0.0874,0.4674,0,ruido_quimera,0,obra
W2099330597|W2123755784|W4285719527,Cyb|PolInd,0.0207,-1.552,0.0632,0.1413,0,ruido_quimera,0,obra
W1492856410|W2082597100|W4285719527,Cyb|PolInd,0.0207,-1.544,0.0586,0.3625,0,ruido_quimera,0,obra
W1492856410|W1527311855|W1970428482,Cyb|PolInd,0.0207,-1.789,0.0529,0.4376,0,ruido_quimera,0,obra
W1606540910|W2048086870|W4285719527,Cyb|PolInd,0.0207,-0.466,0.0268,0.1523,0,ruido_quimera,0,obra
W1989864366|W2111030512|W4285719527,Cyb|PolInd,0.0207,-1.55,0.0153,0.091,0,ruido_quimera,0,obra
W1492856410|W1970428482|W2060827592,Cyb|PolInd,0.0206,0.029,0.0517,0.2932,1,fechamento_trivial,0,obra
W2025177555|W2111030512|W2334918364,Cyb|PolInd,0.0206,0.037,0.0483,0.2156,1,fechamento_trivial,0,obra
W1566478880|W2162484441|W4285719527,Cyb|PolInd,0.0206,-1.56,0.0828,0.2013,0,ruido_quimera,0,obra
W1492359653|W1601629960|W4285719527,Cyb|PolInd,0.0206,0.182,0.0736,0.3338,0,ruido_quimera,0,obra
W1601629960|W2070631858|W4285719527,Cyb|PolInd,0.0206,0.18,0.0736,0.1406,0,ruido_quimera,0,obra
W2082597100|W2154683088|W4285719527,Cyb|PolInd,0.0206,-1.558,0.0609,0.3995,0,ruido_quimera,0,obra
W1601128533|W2111030512|W4244612406,Cyb|PolInd,0.0206,0.04,0.0598,0.3244,0,ruido_quimera,0,obra
W2123755784|W4285719527|W4302604455,Cyb|PolInd,0.0206,-1.566,0.0598,0.1719,0,ruido_quimera,0,obra
W2126563689|W4285719527|W4301066124,Cyb|PolInd,0.0206,0.191,0.054,0.0974,0,ruido_quimera,0,obra
W1566478880|W1989864366|W4285719527,Cyb|PolInd,0.0206,-1.56,0.0244,0.1843,0,ruido_quimera,0,obra
W2154683088|W225706379|W4285719527,Cyb|PolInd,0.0206,-0.466,0.0242,0.3596,0,ruido_quimera,0,obra
W2111030512|W2162484441|W4285719527,Cyb|PolInd,0.0206,-1.562,0.0174,0.1326,0,ruido_quimera,0,obra
W1566478880|W1601128533|W4244612406,Cyb|PolInd,0.0206,0.035,0.0102,0.4674,0,ruido_quimera,0,obra
W1606540910|W2111030512|W4285719527,Cyb|PolInd,0.0205,-0.466,0.0586,0.1944,0,ruido_quimera,0,obra
W1566478880|W1601128533|W4205188686,Cyb|PolInd,0.0205,0.013,0.0529,0.3412,0,ruido_quimera,0,obra
W2048086870|W2099330597|W4285719527,Cyb|PolInd,0.0205,-1.581,0.0174,0.1855,0,ruido_quimera,0,obra
W1601128533|W2025177555|W2123755784,Cyb|PolInd,0.0205,0.017,0.0102,0.2087,0,ruido_quimera,0,obra
W2048086870|W4285719527|W4302604455,Cyb|PolInd,0.0204,-1.592,0.0563,0.2389,1,fechamento_trivial,0,obra
W1492856410|W1601128533|W2154683088,Cyb|PolInd,0.0204,-0.001,0.0805,0.4891,0,ruido_quimera,0,obra
W1527311855|W4244612406|W52678905,Cyb|PolInd,0.0204,-1.811,0.0805,0.4465,0,ruido_quimera,0,obra
W2099330597|W2111030512|W4285719527,Cyb|PolInd,0.0204,-1.587,0.0632,0.215,0,ruido_quimera,0,obra
W1566478880|W2007180942|W4244612406,Cyb|PolInd,0.0204,-0.005,0.0529,0.3932,0,ruido_quimera,0,obra
W1527311855|W1566478880|W90769783,Cyb|PolInd,0.0204,-1.875,0.0506,0.3499,0,ruido_quimera,0,obra
W1566478880|W2099330597|W4285719527,Cyb|PolInd,0.0203,-1.596,0.0828,0.2671,1,agenda_pesquisa,0,obra
W1601629960|W2060827592|W4285719527,Cyb|PolInd,0.0203,0.128,0.0724,0.2374,1,agenda_pesquisa,0,obra
W1601128533|W2025177555|W2111030512,Cyb|PolInd,0.0203,-0.009,0.0483,0.2979,1,fechamento_trivial,0,obra
W2007180942|W2025177555|W2123755784,Cyb|PolInd,0.0203,-0.013,0.0483,0.2613,1,fechamento_trivial,0,obra
W2111030512|W2334918364|W52678905,Cyb|PolInd,0.0203,-0.02,0.069,0.1973,0,ruido_quimera,0,obra
W2082597100|W2123755784|W4285719527,Cyb|PolInd,0.0203,-1.6,0.0644,0.2113,0,ruido_quimera,0,obra
W1492856410|W2111030512|W2334918364,Cyb|PolInd,0.0203,-0.017,0.0506,0.212,0,ruido_quimera,0,obra
W1492856410|W1527311855|W2026948646,Cyb|PolInd,0.0203,-1.817,0.0136,0.4769,0,ruido_quimera,0,obra
W1566478880|W1601128533|W2025177555,Cyb|PolInd,0.0203,-0.014,0.0102,0.5113,0,ruido_quimera,0,obra
W1566478880|W4285719527|W4302604455,Cyb|PolInd,0.0202,-1.613,0.0793,0.2914,1,agenda_pesquisa,0,obra
W1495419098|W3124879925|W4285719527,Cyb|PolInd,0.0202,-1.619,0.0586,0.2426,1,fechamento_trivial,0,obra
W1527311855|W2126563689|W4285719527,Cyb|PolInd,0.0202,-1.61,0.0798,0.1584,0,ruido_quimera,0,obra
W1492856410|W2026948646|W2060827592,Cyb|PolInd,0.0202,-0.032,0.0678,0.3612,0,ruido_quimera,0,obra
W2111030512|W4285719527|W4302604455,Cyb|PolInd,0.0202,-1.61,0.0598,0.0939,0,ruido_quimera,0,obra
W1566478880|W2007180942|W4205188686,Cyb|PolInd,0.0202,-0.03,0.054,0.3415,0,ruido_quimera,0,obra
W2111030512|W2154683088|W2334918364,Cyb|PolInd,0.0202,-0.032,0.0494,0.215,0,ruido_quimera,0,obra
W1527311855|W2026948646|W2154683088,Cyb|PolInd,0.0202,-1.821,0.0162,0.3549,0,ruido_quimera,0,obra
W1492856410|W1601128533|W2123755784,Cyb|PolInd,0.0202,-0.032,0.0103,0.1639,0,ruido_quimera,0,obra
W1999686839|W2154683088|W4285719527,Cyb|PolInd,0.0201,-0.467,0.0609,0.3152,1,agenda_pesquisa,0,obra
W2048086870|W2082597100|W4285719527,Cyb|PolInd,0.0201,-1.624,0.0609,0.2963,1,agenda_pesquisa,0,obra
W1601128533|W2123755784|W52678905,Cyb|PolInd,0.0201,-0.042,0.0136,0.2462,1,fechamento_trivial,0,obra
W1601128533|W2123755784|W2154683088,Cyb|PolInd,0.0201,-0.044,0.1057,0.3491,0,ruido_quimera,0,obra
W1492856410|W2007180942|W2154683088,Cyb|PolInd,0.0201,-0.044,0.0805,0.3784,0,ruido_quimera,0,obra
W2048894562|W4206762723|W4285719527,Cyb|PolInd,0.0201,-0.648,0.0736,0.0,0,ruido_quimera,0,obra
W1566478880|W2007180942|W2025177555,Cyb|PolInd,0.0201,-0.045,0.0598,0.3787,0,ruido_quimera,0,obra
W1500910854|W1553746973|W4285719527,Cyb|PolInd,0.0201,-1.64,0.0185,0.1288,0,ruido_quimera,0,obra
W1527311855|W2111030512|W4244612406,Cyb|PolInd,0.02,-1.833,0.0632,0.2669,1,agenda_pesquisa,0,obra
W1492856410|W1601128533|W2111030512,Cyb|PolInd,0.02,-0.059,0.0506,0.3057,1,fechamento_trivial,0,obra
W1566478880|W2082597100|W4285719527,Cyb|PolInd,0.02,-1.645,0.0839,0.3629,0,ruido_quimera,0,obra
W2060827592|W4244612406|W52678905,Cyb|PolInd,0.02,-0.061,0.0782,0.4708,0,ruido_quimera,0,obra
W2111030512|W2123755784|W2334918364,Cyb|PolInd,0.02,-0.058,0.0747,0.1832,0,ruido_quimera,0,obra
W2082597100|W2111030512|W4285719527,Cyb|PolInd,0.02,-1.637,0.0644,0.3185,0,ruido_quimera,0,obra
W2126563689|W3023721815|W4285719527,Cyb|PolInd,0.02,0.073,0.0563,0.1122,0,ruido_quimera,0,obra
W1995875735|W2126563689|W4285719527,Cyb|PolInd,0.02,-0.467,0.0552,-0.0294,0,ruido_quimera,0,obra
W1492856410|W1566478880|W1601128533,Cyb|PolInd,0.02,-0.063,0.0103,0.4,0,ruido_quimera,0,obra
W1601128533|W2111030512|W52678905,Cyb|PolInd,0.0199,-0.068,0.0701,0.2573,1,agenda_pesquisa,0,obra
W2007180942|W2123755784|W52678905,Cyb|PolInd,0.0199,-0.072,0.0632,0.2728,1,agenda_pesquisa,0,obra
W2048086870|W2111030512|W2334918364,Cyb|PolInd,0.0199,-0.081,0.0563,0.2195,1,fechamento_trivial,0,obra
W1492856410|W2060827592|W4205188686,Cyb|PolInd,0.0199,-0.077,0.0874,0.3263,0,ruido_quimera,0,obra
W1566478880|W1601128533|W2154683088,Cyb|PolInd,0.0199,-0.075,0.0736,0.8314,0,ruido_quimera,0,obra
W1527311855|W1566478880|W4244612406,Cyb|PolInd,0.0199,-1.84,0.0586,0.3413,0,ruido_quimera,0,obra
W1553746973|W2099069868|W4285719527,Cyb|PolInd,0.0199,-1.669,0.0552,0.133,0,ruido_quimera,0,obra
W1554940969|W2111030512|W2325487953,Cyb|PolInd,0.0199,-0.599,0.0494,0.3632,0,ruido_quimera,0,obra
W1527311855|W2154683088|W4205188686,Cyb|PolInd,0.0199,-1.84,0.0266,0.3708,0,ruido_quimera,0,obra
W1566478880|W1601128533|W52678905,Cyb|PolInd,0.0199,-0.072,0.0137,0.4171,0,ruido_quimera,0,obra
W2007180942|W2123755784|W2154683088,Cyb|PolInd,0.0198,-0.085,0.1057,0.299,1,agenda_pesquisa,0,obra
W1566478880|W2111030512|W2334918364,Cyb|PolInd,0.0198,-0.089,0.1046,0.2212,1,agenda_pesquisa,0,obra
W2010793828|W2120106358|W3124879925,Cyb|PolInd,0.0198,-1.691,0.054,0.2809,1,fechamento_trivial,0,obra
W2120106358|W2126563689|W4285719527,Cyb|PolInd,0.0198,0.039,0.0598,0.1834,0,ruido_quimera,0,obra
W2164284962|W4206762723|W4285719527,Cyb|PolInd,0.0198,-0.46,0.0529,0.0,0,ruido_quimera,0,obra
W1492856410|W2007180942|W2111030512,Cyb|PolInd,0.0198,-0.098,0.0506,0.3177,0,ruido_quimera,0,obra
W2060827592|W2111030512|W4244612406,Cyb|PolInd,0.0197,-0.107,0.0598,0.314,1,agenda_pesquisa,0,obra
W1566478880|W2026948646|W2060827592,Cyb|PolInd,0.0197,-0.105,0.0494,0.2759,1,fechamento_trivial,0,obra
W1566478880|W2007180942|W52678905,Cyb|PolInd,0.0197,-0.105,0.1115,0.3463,0,ruido_quimera,0,obra
W1601128533|W2111030512|W2123755784,Cyb|PolInd,0.0197,-0.101,0.0747,0.1736,0,ruido_quimera,0,obra
W1601629960|W1979968159|W4285719527,Cyb|PolInd,0.0197,0.021,0.0713,0.326,0,ruido_quimera,0,obra
W1486212401|W2126563689|W4285719527,Cyb|PolInd,0.0197,0.021,0.054,0.2148,0,ruido_quimera,0,obra
W2025177555|W2060827592|W52678905,Cyb|PolInd,0.0197,-0.103,0.0102,0.3636,0,ruido_quimera,0,obra
W1601128533|W2048086870|W2111030512,Cyb|PolInd,0.0196,-0.13,0.0563,0.2919,1,fechamento_trivial,0,obra
W1566478880|W2007180942|W2154683088,Cyb|PolInd,0.0196,-0.117,0.0747,0.4764,0,ruido_quimera,0,obra
W1601128533|W1601629960|W4285719527,Cyb|PolInd,0.0196,-0.004,0.0736,0.0,0,ruido_quimera,0,obra
W2111030512|W3023721815|W4244612406,Cyb|PolInd,0.0196,-0.12,0.0598,0.1758,0,ruido_quimera,0,obra
W1566478880|W2060827592|W4244612406,Cyb|PolInd,0.0196,-0.124,0.0552,0.4267,0,ruido_quimera,0,obra
W2123709218|W2126563689|W4285719527,Cyb|PolInd,0.0196,-0.005,0.054,0.1479,0,ruido_quimera,0,obra
W1566478880|W1601128533|W2111030512,Cyb|PolInd,0.0195,-0.132,0.1046,0.2445,1,agenda_pesquisa,0,obra
W2007180942|W2111030512|W2123755784,Cyb|PolInd,0.0195,-0.139,0.0747,0.241,1,agenda_pesquisa,0,obra
W1520641906|W1553746973|W1601629960,Cyb|PolInd,0.0195,-0.672,0.0747,0.3836,0,ruido_quimera,0,obra
W2015930340|W4206762723|W4285719527,Cyb|PolInd,0.0195,-0.752,0.0586,0.0,0,ruido_quimera,0,obra
W1554940969|W2126563689|W4285719527,Cyb|PolInd,0.0194,-0.036,0.0621,0.2593,1,agenda_pesquisa,0,obra
W1566478880|W2060827592|W4205188686,Cyb|PolInd,0.0194,-0.15,0.0563,0.293,1,fechamento_trivial,0,obra
W1492856410|W1527311855|W2123755784,Cyb|PolInd,0.0194,-1.878,0.027,0.2273,1,fechamento_trivial,0,obra
W1601629960|W2334918364|W4285719527,Cyb|PolInd,0.0194,-0.049,0.0736,0.319,0,ruido_quimera,0,obra
W1601629960|W4206762723|W4298413470,Cyb|Reg,0.0194,-1.776,0.0376,0.364,0,ruido_quimera,0,obra
W1492856410|W2060827592|W2154683088,Cyb|PolInd,0.0194,-0.156,0.0103,0.3346,0,ruido_quimera,0,obra
W1566478880|W2007180942|W2111030512,Cyb|PolInd,0.0193,-0.171,0.1057,0.2812,1,agenda_pesquisa,0,obra
W2025177555|W2111030512|W3023721815,Cyb|PolInd,0.0193,-0.17,0.0483,0.1528,0,ruido_quimera,0,obra
W2017802748|W2126563689|W4285719527,Cyb|PolInd,0.0192,-0.071,0.0563,0.1896,0,ruido_quimera,0,obra
W1527311855|W1566478880|W2154683088,Cyb|PolInd,0.0192,-1.894,0.0506,0.4883,0,ruido_quimera,0,obra
W1492856410|W2060827592|W2111030512,Cyb|PolInd,0.0191,-0.202,0.0102,0.2272,1,fechamento_trivial,0,obra
W1527311855|W2111030512|W2123755784,Cyb|PolInd,0.0191,-1.898,0.0401,0.1756,0,ruido_quimera,0,obra
W2060827592|W2123755784|W52678905,Cyb|PolInd,0.0191,-0.2,0.0153,0.3515,0,ruido_quimera,0,obra
W1553746973|W2126563689|W4206762723,Cyb|PolInd,0.019,-0.311,0.1678,0.3035,1,agenda_pesquisa,0,obra
W1601629960|W2007180942|W4285719527,Cyb|PolInd,0.019,-0.121,0.0805,0.2688,1,agenda_pesquisa,0,obra
W2060827592|W2111030512|W52678905,Cyb|PolInd,0.019,-0.212,0.0103,0.2487,1,fechamento_trivial,0,obra
W3124879925|W4206762723|W4285719527,Cyb|PolInd,0.019,-0.865,0.1,0.0,0,ruido_quimera,0,obra
W3130930004|W4206762723|W4285719527,Cyb|PolInd,0.019,-0.859,0.0805,0.0,0,ruido_quimera,0,obra
W1601629960|W1995875735|W4285719527,Cyb|PolInd,0.019,-0.468,0.0724,0.0189,0,ruido_quimera,0,obra
W1492856410|W2111030512|W3023721815,Cyb|PolInd,0.019,-0.216,0.0506,0.1591,0,ruido_quimera,0,obra
W2111030512|W3023721815|W52678905,Cyb|PolInd,0.0189,-0.224,0.069,0.1275,0,ruido_quimera,0,obra
W2111030512|W2154683088|W3023721815,Cyb|PolInd,0.0189,-0.238,0.0494,0.1299,0,ruido_quimera,0,obra
W1566478880|W2060827592|W52678905,Cyb|PolInd,0.0189,-0.229,0.0164,0.367,0,ruido_quimera,0,obra
W2013386523|W2126563689|W4285719527,Cyb|PolInd,0.0188,-0.155,0.0598,0.1493,0,ruido_quimera,0,obra
W2126563689|W2164284962|W4285719527,Cyb|PolInd,0.0188,-0.468,0.0552,0.1617,0,ruido_quimera,0,obra
W1601629960|W3121147769|W4206762723,Cyb|PolInd,0.0187,-0.358,0.0505,0.3139,1,fechamento_trivial,0,obra
W2048086870|W2060827592|W2111030512,Cyb|PolInd,0.0187,-0.264,0.0153,0.311,1,fechamento_trivial,0,obra
W2111030512|W2123755784|W3023721815,Cyb|PolInd,0.0187,-0.263,0.0747,0.1205,0,ruido_quimera,0,obra
W2325487953|W3130930004|W4285719527,Cyb|PolInd,0.0186,-1.904,0.0494,0.238,1,fechamento_trivial,0,obra
W1492856410|W4205188686|W4301066124,Cyb|PolInd,0.0186,-0.279,0.0874,0.3217,0,ruido_quimera,0,obra
W1601629960|W2061977616|W4285719527,Cyb|PolInd,0.0186,-0.194,0.0747,0.0195,0,ruido_quimera,0,obra
W1566478880|W2111030512|W3023721815,Cyb|PolInd,0.0185,-0.297,0.1046,0.1366,0,ruido_quimera,0,obra
W1492856410|W1970428482|W2120106358,Cyb|PolInd,0.0185,-0.299,0.0517,0.3484,0,ruido_quimera,0,obra
W2025177555|W4301066124|W52678905,Cyb|PolInd,0.0184,-0.308,0.0483,0.2762,1,fechamento_trivial,0,obra
W2048086870|W2111030512|W3023721815,Cyb|PolInd,0.0184,-0.312,0.0563,0.1428,0,ruido_quimera,0,obra
W2091579301|W3124879925|W4285719527,Cyb|PolInd,0.0183,-1.959,0.0655,0.0,0,ruido_quimera,0,obra
W1566478880|W4244612406|W4301066124,Cyb|PolInd,0.0183,-0.332,0.0517,0.3619,0,ruido_quimera,0,obra
W1601629960|W2126563689|W4298413470,Cyb|Reg,0.0183,-1.791,0.0377,0.3897,0,ruido_quimera,0,obra
W1566478880|W4205188686|W4301066124,Cyb|PolInd,0.0181,-0.352,0.0529,0.257,1,fechamento_trivial,0,obra
W2325487953|W3124879925|W4285719527,Cyb|PolInd,0.018,-2.01,0.069,0.2062,0,ruido_quimera,0,obra
W1492856410|W2026948646|W2120106358,Cyb|PolInd,0.018,-0.37,0.0678,0.384,0,ruido_quimera,0,obra
W1498488428|W4206762723|W4285719527,Cyb|PolInd,0.018,-0.462,0.0575,0.0,0,ruido_quimera,0,obra
W2111030512|W2325487953|W4298413470,Cyb|Reg,0.018,-2.043,0.0494,0.3487,0,ruido_quimera,0,obra
W2111030512|W2123709218|W2325487953,Cyb|PolInd,0.018,-0.894,0.0241,0.3334,0,ruido_quimera,0,obra
W2025177555|W2111030512|W4301066124,Cyb|PolInd,0.0179,-0.38,0.0506,0.2377,1,fechamento_trivial,0,obra
W2015930340|W2111030512|W2325487953,Cyb|PolInd,0.0179,-0.907,0.0506,0.3496,0,ruido_quimera,0,obra
W2120106358|W4244612406|W52678905,Cyb|PolInd,0.0178,-0.407,0.0782,0.4107,0,ruido_quimera,0,obra
W2048894562|W2126563689|W4285719527,Cyb|PolInd,0.0178,-0.337,0.0759,0.0555,0,ruido_quimera,0,obra
W1553746973|W1601629960|W4206762723,Cyb|PolInd,0.0178,-0.5,0.069,0.408,0,ruido_quimera,0,obra
W2123755784|W4301066124|W52678905,Cyb|PolInd,0.0178,-0.4,0.0632,0.2137,0,ruido_quimera,0,obra
W1486212401|W2111030512|W4244612406,Cyb|PolInd,0.0178,-0.398,0.0598,0.2072,0,ruido_quimera,0,obra
W1999997471|W2154683088|W4285719527,Cyb|PolInd,0.0178,-1.925,0.0598,0.3714,0,ruido_quimera,0,obra
W1601629960|W3023721815|W4285719527,Cyb|PolInd,0.0177,-0.368,0.0736,0.2398,1,agenda_pesquisa,0,obra
W1492856410|W2120106358|W4205188686,Cyb|PolInd,0.0177,-0.422,0.0874,0.3789,0,ruido_quimera,0,obra
W2017802748|W2111030512|W4244612406,Cyb|PolInd,0.0177,-0.42,0.0598,0.1769,0,ruido_quimera,0,obra
W1601629960|W2164284962|W4285719527,Cyb|PolInd,0.0177,-0.47,0.017,0.132,0,ruido_quimera,0,obra
W1566478880|W4301066124|W52678905,Cyb|PolInd,0.0176,-0.432,0.1103,0.289,1,agenda_pesquisa,0,obra
W1492856410|W2111030512|W4301066124,Cyb|PolInd,0.0176,-0.431,0.0529,0.2208,1,fechamento_trivial,0,obra
W1601629960|W2120106358|W4285719527,Cyb|PolInd,0.0175,-0.405,0.077,0.239,1,agenda_pesquisa,0,obra
W2111030512|W2154683088|W4301066124,Cyb|PolInd,0.0175,-0.444,0.0517,0.2323,1,fechamento_trivial,0,obra
W1486212401|W2025177555|W2111030512,Cyb|PolInd,0.0175,-0.449,0.0483,0.1912,0,ruido_quimera,0,obra
W1553746973|W4206762723|W4285719527,Cyb|PolInd,0.0174,-1.181,0.0874,0.0,0,ruido_quimera,0,obra
W1601629960|W2012275303|W4285719527,Cyb|PolInd,0.0174,-0.41,0.0782,0.3477,0,ruido_quimera,0,obra
W2111030512|W2123755784|W4301066124,Cyb|PolInd,0.0174,-0.472,0.077,0.2035,0,ruido_quimera,0,obra
W1486212401|W1601629960|W4285719527,Cyb|PolInd,0.0174,-0.421,0.0713,0.3847,0,ruido_quimera,0,obra
W2493894436|W3124879925|W4285719527,Cyb|PolInd,0.0174,-2.113,0.0644,0.0477,0,ruido_quimera,0,obra
W1999997471|W2123755784|W4285719527,Cyb|PolInd,0.0174,-1.968,0.0632,0.1891,0,ruido_quimera,0,obra
W2111030512|W2120106358|W4244612406,Cyb|PolInd,0.0173,-0.477,0.0598,0.2845,1,agenda_pesquisa,0,obra
W1999997471|W2048086870|W4285719527,Cyb|PolInd,0.0173,-1.986,0.0174,0.275,1,fechamento_trivial,0,obra
W1492856410|W1566172004|W4285719527,Cyb|PolInd,0.0173,-1.988,0.0169,0.2472,1,fechamento_trivial,0,obra
W1601629960|W2123709218|W4285719527,Cyb|PolInd,0.0173,-0.442,0.0713,0.1971,0,ruido_quimera,0,obra
W2015930340|W2126563689|W4285719527,Cyb|PolInd,0.0173,-0.429,0.0609,0.0716,0,ruido_quimera,0,obra
W2017802748|W2025177555|W2111030512,Cyb|PolInd,0.0173,-0.474,0.0483,0.1407,0,ruido_quimera,0,obra
W1553746973|W2091579301|W4285719527,Cyb|PolInd,0.0173,-2.132,0.0334,0.0,0,ruido_quimera,0,obra
W1999997471|W2111030512|W4285719527,Cyb|PolInd,0.0172,-2.001,0.0632,0.2517,1,agenda_pesquisa,0,obra
W1486212401|W1492856410|W2111030512,Cyb|PolInd,0.0172,-0.497,0.0506,0.1741,0,ruido_quimera,0,obra
W2025177555|W2120106358|W2123755784,Cyb|PolInd,0.0172,-0.501,0.0483,0.2125,0,ruido_quimera,0,obra
W1566478880|W2111030512|W4301066124,Cyb|PolInd,0.0171,-0.504,0.1069,0.2455,1,agenda_pesquisa,0,obra
W1554940969|W1601629960|W4285719527,Cyb|PolInd,0.0171,-0.474,0.0793,0.2258,1,agenda_pesquisa,0,obra
W1486212401|W2111030512|W52678905,Cyb|PolInd,0.0171,-0.505,0.069,0.1684,0,ruido_quimera,0,obra
W1553746973|W2325487953|W4285719527,Cyb|PolInd,0.0171,-2.166,0.0563,0.144,0,ruido_quimera,0,obra
W1486212401|W2111030512|W2154683088,Cyb|PolInd,0.0171,-0.518,0.0494,0.1627,0,ruido_quimera,0,obra
W1498488428|W2126563689|W4285719527,Cyb|PolInd,0.017,-0.47,0.0598,0.2694,1,agenda_pesquisa,0,obra
W1492856410|W2120106358|W2154683088,Cyb|PolInd,0.017,-0.522,0.0805,0.3325,0,ruido_quimera,0,obra
W2017802748|W2111030512|W52678905,Cyb|PolInd,0.017,-0.528,0.069,0.1441,0,ruido_quimera,0,obra
W1566478880|W2025177555|W2120106358,Cyb|PolInd,0.017,-0.533,0.0586,0.3592,0,ruido_quimera,0,obra
W1492856410|W2017802748|W2111030512,Cyb|PolInd,0.017,-0.52,0.0506,0.1496,0,ruido_quimera,0,obra
W2025177555|W2111030512|W2120106358,Cyb|PolInd,0.0169,-0.535,0.0102,0.2501,1,fechamento_trivial,0,obra
W1486212401|W2111030512|W2123755784,Cyb|PolInd,0.0169,-0.545,0.0747,0.1431,0,ruido_quimera,0,obra
W1492856410|W2120106358|W2123755784,Cyb|PolInd,0.0169,-0.547,0.0747,0.197,0,ruido_quimera,0,obra
W1601629960|W2017802748|W4285719527,Cyb|PolInd,0.0169,-0.513,0.0736,0.3306,0,ruido_quimera,0,obra
W2017802748|W2111030512|W2154683088,Cyb|PolInd,0.0169,-0.541,0.0494,0.1596,0,ruido_quimera,0,obra
W2120106358|W2123755784|W52678905,Cyb|PolInd,0.0168,-0.555,0.0632,0.2217,1,agenda_pesquisa,0,obra
W2026948646|W2061977616|W2154683088,Cyb|PolInd,0.0168,-0.566,0.0506,0.2168,1,fechamento_trivial,0,obra
W1601629960|W2140409505|W4285719527,Cyb|PolInd,0.0168,-0.538,0.019,0.273,1,fechamento_trivial,0,obra
W2126563689|W3130930004|W4285719527,Cyb|PolInd,0.0168,-0.539,0.0828,0.0495,0,ruido_quimera,0,obra
W1492856410|W2111030512|W2120106358,Cyb|PolInd,0.0167,-0.58,0.0102,0.2521,1,fechamento_trivial,0,obra
W1486212401|W1566478880|W2111030512,Cyb|PolInd,0.0167,-0.578,0.1046,0.1774,0,ruido_quimera,0,obra
W2126563689|W3124879925|W4285719527,Cyb|PolInd,0.0167,-0.549,0.1023,0.1555,0,ruido_quimera,0,obra
W1492856410|W1566478880|W2120106358,Cyb|PolInd,0.0167,-0.579,0.0943,0.3215,0,ruido_quimera,0,obra
W2017802748|W2111030512|W2123755784,Cyb|PolInd,0.0167,-0.567,0.0747,0.1113,0,ruido_quimera,0,obra
W4206762723|W4285719527|W597091629,Cyb|PolInd,0.0167,-0.464,0.0517,0.0,0,ruido_quimera,0,obra
W2111030512|W2120106358|W52678905,Cyb|PolInd,0.0166,-0.589,0.0103,0.2333,1,fechamento_trivial,0,obra
W1566478880|W2120106358|W52678905,Cyb|PolInd,0.0166,-0.587,0.1103,0.3245,0,ruido_quimera,0,obra
W1916207017|W3124879925|W4285719527,Cyb|PolInd,0.0166,-2.251,0.0632,0.0572,0,ruido_quimera,0,obra
W1486212401|W2048086870|W2111030512,Cyb|PolInd,0.0166,-0.586,0.0563,0.1745,0,ruido_quimera,0,obra
W2061977616|W4244612406|W52678905,Cyb|PolInd,0.0166,-0.587,0.0153,0.3653,0,ruido_quimera,0,obra
W2111030512|W2120106358|W2154683088,Cyb|PolInd,0.0165,-0.6,0.0494,0.2584,1,fechamento_trivial,0,obra
W1566478880|W2017802748|W2111030512,Cyb|PolInd,0.0165,-0.6,0.1046,0.166,0,ruido_quimera,0,obra
W1601629960|W2013386523|W4285719527,Cyb|PolInd,0.0165,-0.59,0.077,0.1598,0,ruido_quimera,0,obra
W1541456364|W3124879925|W4285719527,Cyb|PolInd,0.0165,-2.278,0.0621,0.0789,0,ruido_quimera,0,obra
W1553746973|W2493894436|W4285719527,Cyb|PolInd,0.0165,-2.274,0.0517,0.0327,0,ruido_quimera,0,obra
W1566478880|W2026948646|W2061977616,Cyb|PolInd,0.0164,-0.622,0.0517,0.2261,1,fechamento_trivial,0,obra
W1492856410|W1554940969|W90769783,Cyb|PolInd,0.0164,-0.709,0.0483,0.2981,1,fechamento_trivial,0,obra
W2025177555|W2061977616|W52678905,Cyb|PolInd,0.0164,-0.628,0.0241,0.2903,1,fechamento_trivial,0,obra
W2111030512|W2120106358|W2123755784,Cyb|PolInd,0.0164,-0.625,0.0747,0.202,0,ruido_quimera,0,obra
W2017802748|W2048086870|W2111030512,Cyb|PolInd,0.0164,-0.613,0.0563,0.1806,0,ruido_quimera,0,obra
W1492856410|W2912536286|W4285719527,Cyb|PolInd,0.0164,-0.612,0.0552,0.3504,0,ruido_quimera,0,obra
W2061977616|W2111030512|W4244612406,Cyb|PolInd,0.0164,-0.624,0.0102,0.1909,0,ruido_quimera,0,obra
W2025177555|W2123755784|W2140409505,Cyb|PolInd,0.0163,-0.639,0.0483,0.1739,0,ruido_quimera,0,obra
W1566478880|W2111030512|W2120106358,Cyb|PolInd,0.0162,-0.657,0.1046,0.2715,1,agenda_pesquisa,0,obra
W2154683088|W2912536286|W4285719527,Cyb|PolInd,0.0162,-0.639,0.0575,0.377,0,ruido_quimera,0,obra
W1492856410|W1554940969|W1970428482,Cyb|PolInd,0.0162,-0.646,0.0529,0.3959,0,ruido_quimera,0,obra
W1492856410|W2140409505|W2154683088,Cyb|PolInd,0.0161,-0.664,0.0816,0.3065,1,agenda_pesquisa,0,obra
W1566478880|W2061977616|W4205188686,Cyb|PolInd,0.0161,-0.667,0.0586,0.2499,1,fechamento_trivial,0,obra
W2048086870|W2111030512|W2120106358,Cyb|PolInd,0.0161,-0.669,0.0102,0.2627,1,fechamento_trivial,0,obra
W1492856410|W2061977616|W2154683088,Cyb|PolInd,0.016,-0.675,0.0851,0.2701,1,agenda_pesquisa,0,obra
W1492856410|W2123755784|W2140409505,Cyb|PolInd,0.016,-0.688,0.0747,0.1514,0,ruido_quimera,0,obra
W2123755784|W2912536286|W4285719527,Cyb|PolInd,0.0159,-0.701,0.0609,0.236,1,agenda_pesquisa,0,obra
W1492856410|W2061977616|W2123755784,Cyb|PolInd,0.0159,-0.705,0.0793,0.176,0,ruido_quimera,0,obra
W2123755784|W2140409505|W52678905,Cyb|PolInd,0.0159,-0.694,0.0632,0.1599,0,ruido_quimera,0,obra
W1492856410|W2013386523|W90769783,Cyb|PolInd,0.0158,-0.794,0.0483,0.2377,1,fechamento_trivial,0,obra
W1492856410|W1554940969|W2026948646,Cyb|PolInd,0.0158,-0.712,0.069,0.4513,0,ruido_quimera,0,obra
W1492856410|W1999800658|W4285719527,Cyb|PolInd,0.0158,-0.713,0.0552,0.2048,0,ruido_quimera,0,obra
W1492856410|W2061977616|W2111030512,Cyb|PolInd,0.0158,-0.711,0.0506,0.1369,0,ruido_quimera,0,obra
W1492856410|W1566478880|W2061977616,Cyb|PolInd,0.0157,-0.732,0.1,0.2844,1,agenda_pesquisa,0,obra
W1492856410|W1970428482|W2013386523,Cyb|PolInd,0.0157,-0.731,0.0529,0.2781,1,fechamento_trivial,0,obra
W1554940969|W4244612406|W52678905,Cyb|PolInd,0.0157,-0.732,0.0793,0.4468,0,ruido_quimera,0,obra
W1999800658|W2154683088|W4285719527,Cyb|PolInd,0.0157,-0.739,0.0575,0.148,0,ruido_quimera,0,obra
W2048086870|W2912536286|W4285719527,Cyb|PolInd,0.0157,-0.742,0.0575,0.321,0,ruido_quimera,0,obra
W2126563689|W4285719527|W597091629,Cyb|PolInd,0.0157,-0.472,0.054,0.2069,0,ruido_quimera,0,obra
W1553746973|W1916207017|W4285719527,Cyb|PolInd,0.0157,-2.42,0.0182,0.0438,0,ruido_quimera,0,obra
W2061977616|W2111030512|W52678905,Cyb|PolInd,0.0157,-0.728,0.0153,0.1253,0,ruido_quimera,0,obra
W2111030512|W2140409505|W2154683088,Cyb|PolInd,0.0156,-0.738,0.0506,0.2198,1,fechamento_trivial,0,obra
W1566478880|W2140409505|W2154683088,Cyb|PolInd,0.0156,-0.74,0.0747,0.4566,0,ruido_quimera,0,obra
W2111030512|W2912536286|W4285719527,Cyb|PolInd,0.0156,-0.767,0.0609,0.162,0,ruido_quimera,0,obra
W1524464890|W4206762723|W4285719527,Cyb|PolInd,0.0156,-1.807,0.054,0.0,0,ruido_quimera,0,obra
W1566478880|W2123755784|W2140409505,Cyb|PolInd,0.0155,-0.765,0.1494,0.294,1,agenda_pesquisa,0,obra
W1601629960|W2048894562|W4285719527,Cyb|PolInd,0.0155,-0.77,0.0931,0.1541,0,ruido_quimera,0,obra
W1492856410|W1554940969|W4205188686,Cyb|PolInd,0.0155,-0.758,0.0885,0.4393,0,ruido_quimera,0,obra
W1566478880|W2912536286|W4285719527,Cyb|PolInd,0.0155,-0.77,0.0805,0.4173,0,ruido_quimera,0,obra
W2111030512|W2123755784|W2140409505,Cyb|PolInd,0.0155,-0.763,0.0747,0.1439,0,ruido_quimera,0,obra
W2099069868|W4206762723|W4285719527,Cyb|PolInd,0.0155,-1.831,0.0621,0.0,0,ruido_quimera,0,obra
W1541456364|W1553746973|W4285719527,Cyb|PolInd,0.0155,-2.451,0.0494,0.0709,0,ruido_quimera,0,obra
W2048086870|W2061977616|W2111030512,Cyb|PolInd,0.0155,-0.761,0.0136,0.1863,0,ruido_quimera,0,obra
W1554940969|W1566478880|W2026948646,Cyb|PolInd,0.0154,-0.781,0.0483,0.2772,1,fechamento_trivial,0,obra
W1999800658|W2123755784|W4285719527,Cyb|PolInd,0.0154,-0.802,0.0609,0.1258,0,ruido_quimera,0,obra
W1500910854|W4206762723|W4285719527,Cyb|PolInd,0.0154,-1.84,0.0598,0.0,0,ruido_quimera,0,obra
W1554940969|W2111030512|W4244612406,Cyb|PolInd,0.0153,-0.79,0.0609,0.2974,1,agenda_pesquisa,0,obra
W2048086870|W2111030512|W2140409505,Cyb|PolInd,0.0153,-0.796,0.0563,0.2368,1,fechamento_trivial,0,obra
W1492856410|W2013386523|W2026948646,Cyb|PolInd,0.0153,-0.799,0.069,0.3607,0,ruido_quimera,0,obra
W1995875735|W2154683088|W4285719527,Cyb|PolInd,0.0153,-0.472,0.0586,0.0102,0,ruido_quimera,0,obra
W1492856410|W2131740028|W4285719527,Cyb|PolInd,0.0153,-0.824,0.054,0.0741,0,ruido_quimera,0,obra
W1554940969|W1566478880|W4244612406,Cyb|PolInd,0.0153,-0.797,0.054,0.3769,0,ruido_quimera,0,obra
W1492856410|W2140956556|W4285719527,Cyb|PolInd,0.0152,-2.256,0.0575,0.213,0,ruido_quimera,0,obra
W1999800658|W2048086870|W4285719527,Cyb|PolInd,0.0152,-0.84,0.0575,0.1965,0,ruido_quimera,0,obra
W1495419098|W4206762723|W4285719527,Cyb|PolInd,0.0152,-1.873,0.0529,0.0,0,ruido_quimera,0,obra
W2025177555|W2120106358|W3124879925,Cyb|PolInd,0.0151,-0.854,0.0529,0.2316,1,fechamento_trivial,0,obra
W1553746973|W2126563689|W4285719527,Cyb|PolInd,0.0151,-0.851,0.0197,0.3035,1,fechamento_trivial,0,obra
W2013386523|W4244612406|W52678905,Cyb|PolInd,0.0151,-0.828,0.0782,0.4056,0,ruido_quimera,0,obra
W1554940969|W1566478880|W4205188686,Cyb|PolInd,0.0151,-0.827,0.0552,0.3172,0,ruido_quimera,0,obra
W1995875735|W2123755784|W4285719527,Cyb|PolInd,0.0151,-0.472,0.0287,0.0427,0,ruido_quimera,0,obra
W1601629960|W2015930340|W4285719527,Cyb|PolInd,0.0151,-0.861,0.0185,0.1442,0,ruido_quimera,0,obra
W2131740028|W2154683088|W4285719527,Cyb|PolInd,0.0151,-0.853,0.0153,0.1755,0,ruido_quimera,0,obra
W1566478880|W1999800658|W4285719527,Cyb|PolInd,0.015,-0.87,0.0805,0.2005,0,ruido_quimera,0,obra
W1566478880|W1995875735|W4285719527,Cyb|PolInd,0.015,-0.473,0.0578,0.0499,0,ruido_quimera,0,obra
W1999800658|W2111030512|W4285719527,Cyb|PolInd,0.015,-0.87,0.0163,0.059,0,ruido_quimera,0,obra
W1492856410|W2013386523|W4205188686,Cyb|PolInd,0.0149,-0.849,0.0885,0.3198,0,ruido_quimera,0,obra
W1492856410|W2105717288|W4285719527,Cyb|PolInd,0.0149,-0.902,0.0586,0.1865,0,ruido_quimera,0,obra
W1492856410|W1554940969|W2154683088,Cyb|PolInd,0.0149,-0.848,0.0204,0.3723,0,ruido_quimera,0,obra
W1495961791|W3124879925|W4285719527,Cyb|PolInd,0.0148,-2.588,0.0632,0.2164,1,agenda_pesquisa,0,obra
W1517138715|W2154683088|W4285719527,Cyb|PolInd,0.0148,-2.301,0.0621,0.1674,0,ruido_quimera,0,obra
W2123755784|W2131740028|W4285719527,Cyb|PolInd,0.0148,-0.912,0.0598,0.157,0,ruido_quimera,0,obra
W1492856410|W1554940969|W2123755784,Cyb|PolInd,0.0148,-0.874,0.0204,0.2088,0,ruido_quimera,0,obra
W1554940969|W2123755784|W52678905,Cyb|PolInd,0.0148,-0.877,0.0203,0.2108,0,ruido_quimera,0,obra
W2105717288|W2154683088|W4285719527,Cyb|PolInd,0.0147,-0.929,0.0609,0.2353,1,agenda_pesquisa,0,obra
W1576605329|W2154683088|W4285719527,Cyb|PolInd,0.0147,-2.319,0.0598,0.3092,1,agenda_pesquisa,0,obra
W2048086870|W2131740028|W4285719527,Cyb|PolInd,0.0147,-0.93,0.0563,0.2172,1,fechamento_trivial,0,obra
W1524464890|W2126563689|W4285719527,Cyb|PolInd,0.0146,-1.405,0.0563,0.236,1,fechamento_trivial,0,obra
W1492856410|W1554940969|W2111030512,Cyb|PolInd,0.0146,-0.897,0.0202,0.2794,1,fechamento_trivial,0,obra
W1601629960|W4285719527|W597091629,Cyb|PolInd,0.0146,-0.473,0.0713,0.1579,0,ruido_quimera,0,obra
W1566478880|W2013386523|W4244612406,Cyb|PolInd,0.0146,-0.896,0.0517,0.3525,0,ruido_quimera,0,obra
W1492856410|W1554940969|W1566478880,Cyb|PolInd,0.0146,-0.904,0.0245,0.3428,0,ruido_quimera,0,obra
W1492856410|W2120106358|W3124879925,Cyb|PolInd,0.0145,-0.968,0.0529,0.2413,1,fechamento_trivial,0,obra
W1566478880|W2013386523|W4205188686,Cyb|PolInd,0.0145,-0.922,0.0529,0.2446,1,fechamento_trivial,0,obra
W1601629960|W3130930004|W4285719527,Cyb|PolInd,0.0145,-0.971,0.1,0.159,0,ruido_quimera,0,obra
W1517138715|W2123755784|W4285719527,Cyb|PolInd,0.0145,-2.345,0.0655,0.1788,0,ruido_quimera,0,obra
W2083449279|W3124879925|W4285719527,Cyb|PolInd,0.0145,-2.627,0.0632,0.1377,0,ruido_quimera,0,obra
W2013386523|W2025177555|W2123755784,Cyb|PolInd,0.0145,-0.919,0.0102,0.1747,0,ruido_quimera,0,obra
W1601629960|W3124879925|W4285719527,Cyb|PolInd,0.0144,-0.982,0.1195,0.2446,1,agenda_pesquisa,0,obra
W1566478880|W2131740028|W4285719527,Cyb|PolInd,0.0144,-0.982,0.0793,0.2197,1,agenda_pesquisa,0,obra
W2120106358|W3124879925|W52678905,Cyb|PolInd,0.0144,-0.985,0.0529,0.216,1,fechamento_trivial,0,obra
W1492856410|W1970428482|W2015930340,Cyb|PolInd,0.0144,-0.934,0.0517,0.274,1,fechamento_trivial,0,obra
W2099069868|W2126563689|W4285719527,Cyb|PolInd,0.0144,-1.427,0.0644,0.1924,0,ruido_quimera,0,obra
W2105717288|W2123755784|W4285719527,Cyb|PolInd,0.0144,-0.992,0.0644,0.2063,0,ruido_quimera,0,obra
W1576605329|W2123755784|W4285719527,Cyb|PolInd,0.0144,-2.362,0.0632,0.1671,0,ruido_quimera,0,obra
W1500910854|W2126563689|W4285719527,Cyb|PolInd,0.0144,-1.435,0.0621,0.1683,0,ruido_quimera,0,obra
W2111030512|W2131740028|W4285719527,Cyb|PolInd,0.0144,-0.978,0.0153,0.0971,0,ruido_quimera,0,obra
W1492856410|W2013386523|W2154683088,Cyb|PolInd,0.0143,-0.941,0.0816,0.2902,1,agenda_pesquisa,0,obra
W1566478880|W2013386523|W2025177555,Cyb|PolInd,0.0143,-0.949,0.0102,0.3167,1,fechamento_trivial,0,obra
W1492856410|W2524218442|W4285719527,Cyb|PolInd,0.0143,-2.373,0.0552,0.3849,0,ruido_quimera,0,obra
W1490995146|W1492856410|W4285719527,Cyb|PolInd,0.0143,-1.009,0.054,0.104,0,ruido_quimera,0,obra
W2013386523|W2025177555|W2111030512,Cyb|PolInd,0.0143,-0.943,0.0483,0.185,0,ruido_quimera,0,obra
W1492856410|W2566856888|W4285719527,Cyb|PolInd,0.0143,-2.368,0.018,0.1325,0,ruido_quimera,0,obra
W2048086870|W2105717288|W4285719527,Cyb|PolInd,0.0142,-1.025,0.0609,0.2248,1,agenda_pesquisa,0,obra
W1492856410|W1535129021|W4285719527,Cyb|PolInd,0.0142,-2.384,0.0552,0.2903,1,fechamento_trivial,0,obra
W1495419098|W2126563689|W4285719527,Cyb|PolInd,0.0142,-1.465,0.0552,0.2315,1,fechamento_trivial,0,obra
W2325487953|W4206762723|W4285719527,Cyb|PolInd,0.0142,-2.054,0.0632,0.0,0,ruido_quimera,0,obra
W1490995146|W2154683088|W4285719527,Cyb|PolInd,0.0142,-1.034,0.0563,0.1507,0,ruido_quimera,0,obra
W2154683088|W2524218442|W4285719527,Cyb|PolInd,0.0142,-2.389,0.0268,0.3316,0,ruido_quimera,0,obra
W1492856410|W2013386523|W2123755784,Cyb|PolInd,0.0142,-0.968,0.0137,0.1645,0,ruido_quimera,0,obra
W2013386523|W2123755784|W2154683088,Cyb|PolInd,0.0141,-0.983,0.1057,0.2371,1,agenda_pesquisa,0,obra
W1227306373|W3124879925|W4285719527,Cyb|PolInd,0.0141,-1.835,0.0598,0.2276,1,agenda_pesquisa,0,obra
W1506732837|W3124879925|W4285719527,Cyb|PolInd,0.0141,-1.819,0.0598,0.2606,1,agenda_pesquisa,0,obra
W1535129021|W2154683088|W4285719527,Cyb|PolInd,0.0141,-2.401,0.0163,0.2675,1,fechamento_trivial,0,obra
W1517138715|W2111030512|W4285719527,Cyb|PolInd,0.0141,-2.39,0.0432,0.1562,0,ruido_quimera,0,obra
W1517138715|W1566478880|W4285719527,Cyb|PolInd,0.0141,-2.393,0.0323,0.201,0,ruido_quimera,0,obra
W1492856410|W2164284962|W4285719527,Cyb|PolInd,0.0141,-0.474,0.0169,0.3196,0,ruido_quimera,0,obra
W2013386523|W2123755784|W52678905,Cyb|PolInd,0.0141,-0.973,0.0102,0.1967,0,ruido_quimera,0,obra
W1566478880|W2105717288|W4285719527,Cyb|PolInd,0.014,-1.06,0.0839,0.2937,1,agenda_pesquisa,0,obra
W3124879925|W4285719527|W67809301,Cyb|PolInd,0.014,-1.853,0.0598,0.2641,1,agenda_pesquisa,0,obra
W1566478880|W1576605329|W4285719527,Cyb|PolInd,0.014,-2.409,0.0175,0.3094,1,fechamento_trivial,0,obra
W1492856410|W1566478880|W2013386523,Cyb|PolInd,0.014,-0.999,0.0137,0.2843,1,fechamento_trivial,0,obra
W2013386523|W2111030512|W52678905,Cyb|PolInd,0.014,-0.997,0.069,0.1809,0,ruido_quimera,0,obra
W2105717288|W2111030512|W4285719527,Cyb|PolInd,0.014,-1.057,0.0644,0.1369,0,ruido_quimera,0,obra
W1492856410|W2013386523|W2111030512,Cyb|PolInd,0.014,-0.992,0.0517,0.1923,0,ruido_quimera,0,obra
W1566478880|W2123709218|W90769783,Cyb|PolInd,0.014,-1.07,0.0494,0.4276,0,ruido_quimera,0,obra
W1576605329|W2111030512|W4285719527,Cyb|PolInd,0.014,-2.402,0.0174,0.1916,0,ruido_quimera,0,obra
W2048086870|W2566856888|W4285719527,Cyb|PolInd,0.0139,-2.424,0.0621,0.2866,1,agenda_pesquisa,0,obra
W2026948646|W2123709218|W2154683088,Cyb|PolInd,0.0139,-1.015,0.0483,0.2944,1,fechamento_trivial,0,obra
W1566478880|W2013386523|W52678905,Cyb|PolInd,0.0139,-1.004,0.0103,0.2947,1,fechamento_trivial,0,obra
W1566478880|W2013386523|W2154683088,Cyb|PolInd,0.0139,-1.013,0.0736,0.439,0,ruido_quimera,0,obra
W1492856410|W2015930340|W2026948646,Cyb|PolInd,0.0139,-1.002,0.0678,0.3755,0,ruido_quimera,0,obra
W2123755784|W2566856888|W4285719527,Cyb|PolInd,0.0139,-2.42,0.0655,0.153,0,ruido_quimera,0,obra
W1492856410|W1684540946|W4285719527,Cyb|PolInd,0.0139,-1.085,0.0586,0.2114,0,ruido_quimera,0,obra
W2123755784|W2524218442|W4285719527,Cyb|PolInd,0.0139,-2.427,0.0163,0.2117,0,ruido_quimera,0,obra
W1535129021|W2123755784|W4285719527,Cyb|PolInd,0.0138,-2.438,0.0609,0.1148,0,ruido_quimera,0,obra
W1490995146|W2123755784|W4285719527,Cyb|PolInd,0.0138,-1.098,0.0598,0.127,0,ruido_quimera,0,obra
W2493894436|W4206762723|W4285719527,Cyb|PolInd,0.0138,-2.121,0.0586,0.0,0,ruido_quimera,0,obra
W2048086870|W2524218442|W4285719527,Cyb|PolInd,0.0138,-2.431,0.0575,0.3248,0,ruido_quimera,0,obra
W1495961791|W1553746973|W4285719527,Cyb|PolInd,0.0138,-2.762,0.0506,0.1917,0,ruido_quimera,0,obra
W2025177555|W4298413470|W52678905,Cyb|Reg,0.0138,-2.009,0.0483,0.3486,0,ruido_quimera,0,obra
W1566478880|W2164284962|W4285719527,Cyb|PolInd,0.0138,-0.474,0.0377,0.393,0,ruido_quimera,0,obra
W1684540946|W2154683088|W4285719527,Cyb|PolInd,0.0137,-1.111,0.0178,0.2421,1,fechamento_trivial,0,obra
W2013386523|W2111030512|W2123755784,Cyb|PolInd,0.0137,-1.034,0.0747,0.1418,0,ruido_quimera,0,obra
W1535129021|W2048086870|W4285719527,Cyb|PolInd,0.0137,-2.45,0.0575,0.1855,0,ruido_quimera,0,obra
W2111030512|W4244612406|W4298413470,Cyb|Reg,0.0136,-2.018,0.0598,0.3022,1,agenda_pesquisa,0,obra
W1492856410|W2123709218|W4205188686,Cyb|PolInd,0.0136,-1.054,0.0885,0.3266,0,ruido_quimera,0,obra
W1492856410|W2015930340|W4205188686,Cyb|PolInd,0.0136,-1.051,0.0874,0.339,0,ruido_quimera,0,obra
W1490995146|W2048086870|W4285719527,Cyb|PolInd,0.0136,-1.132,0.0563,0.1385,0,ruido_quimera,0,obra
W1566478880|W4244612406|W4298413470,Cyb|Reg,0.0136,-2.018,0.0517,0.4311,0,ruido_quimera,0,obra
W1553746973|W2083449279|W4285719527,Cyb|PolInd,0.0136,-2.8,0.0506,0.2001,0,ruido_quimera,0,obra
W2111030512|W2566856888|W4285719527,Cyb|PolInd,0.0136,-2.461,0.0181,0.1855,0,ruido_quimera,0,obra
W1566478880|W2026948646|W2123709218,Cyb|PolInd,0.0135,-1.075,0.0517,0.2945,1,fechamento_trivial,0,obra
W1566478880|W2015930340|W2026948646,Cyb|PolInd,0.0135,-1.079,0.0483,0.2929,1,fechamento_trivial,0,obra
W1566478880|W2013386523|W2111030512,Cyb|PolInd,0.0135,-1.065,0.1046,0.2065,0,ruido_quimera,0,obra
W1490995146|W1566478880|W4285719527,Cyb|PolInd,0.0135,-1.167,0.0793,0.1574,0,ruido_quimera,0,obra
W1524464890|W1601629960|W4285719527,Cyb|PolInd,0.0135,-1.564,0.0736,0.1831,0,ruido_quimera,0,obra
W2013386523|W2048086870|W2111030512,Cyb|PolInd,0.0135,-1.07,0.0586,0.2065,0,ruido_quimera,0,obra
W2111030512|W2524218442|W4285719527,Cyb|PolInd,0.0135,-2.469,0.0343,0.2023,0,ruido_quimera,0,obra
W1566478880|W2566856888|W4285719527,Cyb|PolInd,0.0135,-2.469,0.0323,0.3692,0,ruido_quimera,0,obra
W1566478880|W2524218442|W4285719527,Cyb|PolInd,0.0135,-2.47,0.0164,0.3522,0,ruido_quimera,0,obra
W1535129021|W2111030512|W4285719527,Cyb|PolInd,0.0135,-2.477,0.0163,0.4106,0,ruido_quimera,0,obra
W1490995146|W2111030512|W4285719527,Cyb|PolInd,0.0135,-1.167,0.0153,0.0833,0,ruido_quimera,0,obra
W1535129021|W1566478880|W4285719527,Cyb|PolInd,0.0134,-2.482,0.0805,0.247,1,agenda_pesquisa,0,obra
W1684540946|W2048086870|W4285719527,Cyb|PolInd,0.0134,-1.181,0.0609,0.2162,1,agenda_pesquisa,0,obra
W2048086870|W2120106358|W3124879925,Cyb|PolInd,0.0134,-1.181,0.0529,0.2621,1,fechamento_trivial,0,obra
W1601629960|W2099069868|W4285719527,Cyb|PolInd,0.0134,-1.585,0.0816,0.1914,0,ruido_quimera,0,obra
W1684540946|W2123755784|W4285719527,Cyb|PolInd,0.0134,-1.169,0.0644,0.1232,0,ruido_quimera,0,obra
W2025177555|W2123709218|W52678905,Cyb|PolInd,0.0134,-1.084,0.0241,0.3322,0,ruido_quimera,0,obra
W2015930340|W2111030512|W4244612406,Cyb|PolInd,0.0133,-1.103,0.0621,0.26,1,agenda_pesquisa,0,obra
W1492359653|W1492856410|W4285719527,Cyb|PolInd,0.0133,-1.19,0.0575,0.2886,1,fechamento_trivial,0,obra
W1500910854|W1601629960|W4285719527,Cyb|PolInd,0.0133,-1.594,0.0793,0.0445,0,ruido_quimera,0,obra
W1916207017|W4206762723|W4285719527,Cyb|PolInd,0.0133,-2.189,0.0575,0.0,0,ruido_quimera,0,obra
W1566478880|W2015930340|W4244612406,Cyb|PolInd,0.0133,-1.105,0.054,0.3996,0,ruido_quimera,0,obra
W1566478880|W3121147769|W4244612406,Cyb|PolInd,0.0133,-1.108,0.0517,0.4176,0,ruido_quimera,0,obra
W2123755784|W4298413470|W52678905,Cyb|Reg,0.0132,-2.039,0.0632,0.2423,1,agenda_pesquisa,0,obra
W1492359653|W2154683088|W4285719527,Cyb|PolInd,0.0132,-1.215,0.0598,0.2854,1,agenda_pesquisa,0,obra
W2015930340|W2025177555|W2123755784,Cyb|PolInd,0.0132,-1.113,0.0494,0.3057,1,fechamento_trivial,0,obra
W2025177555|W2123755784|W3121147769,Cyb|PolInd,0.0132,-1.119,0.0483,0.2275,1,fechamento_trivial,0,obra
W1541456364|W4206762723|W4285719527,Cyb|PolInd,0.0132,-2.217,0.018,0.0,0,ruido_quimera,0,obra
W2126563689|W2325487953|W4285719527,Cyb|PolInd,0.0131,-1.628,0.0655,0.2431,1,agenda_pesquisa,0,obra
W1566478880|W2015930340|W4205188686,Cyb|PolInd,0.0131,-1.127,0.0552,0.3085,1,fechamento_trivial,0,obra
W1566478880|W3121147769|W4205188686,Cyb|PolInd,0.0131,-1.13,0.0529,0.2973,1,fechamento_trivial,0,obra
W1566478880|W2123709218|W4205188686,Cyb|PolInd,0.0131,-1.127,0.03,0.2899,1,fechamento_trivial,0,obra
W1566478880|W1684540946|W4285719527,Cyb|PolInd,0.0131,-1.24,0.0179,0.2672,1,fechamento_trivial,0,obra
W1492856410|W2123709218|W2154683088,Cyb|PolInd,0.0131,-1.127,0.0828,0.3566,0,ruido_quimera,0,obra
W1495419098|W1601629960|W4285719527,Cyb|PolInd,0.0131,-1.624,0.0724,0.1483,0,ruido_quimera,0,obra
W1492856410|W2070631858|W4285719527,Cyb|PolInd,0.0131,-1.228,0.0575,0.0236,0,ruido_quimera,0,obra
W1684540946|W2111030512|W4285719527,Cyb|PolInd,0.0131,-1.233,0.0178,0.1345,0,ruido_quimera,0,obra
W1492856410|W2123709218|W2123755784,Cyb|PolInd,0.013,-1.157,0.0782,0.2352,1,agenda_pesquisa,0,obra
W2015930340|W2025177555|W2111030512,Cyb|PolInd,0.013,-1.144,0.0506,0.2556,1,fechamento_trivial,0,obra
W1566478880|W2015930340|W2025177555,Cyb|PolInd,0.013,-1.146,0.0609,0.4188,0,ruido_quimera,0,obra
W2070631858|W2154683088|W4285719527,Cyb|PolInd,0.013,-1.254,0.0598,0.1099,0,ruido_quimera,0,obra
W1566478880|W2025177555|W3121147769,Cyb|PolInd,0.013,-1.15,0.0586,0.3957,0,ruido_quimera,0,obra
W1492856410|W2015930340|W2154683088,Cyb|PolInd,0.013,-1.142,0.0103,0.3618,0,ruido_quimera,0,obra
W2111030512|W4298413470|W52678905,Cyb|Reg,0.0129,-2.049,0.069,0.2474,1,agenda_pesquisa,0,obra
W2015930340|W2123755784|W52678905,Cyb|PolInd,0.0129,-1.173,0.0644,0.2846,1,agenda_pesquisa,0,obra
W1492856410|W2111030512|W2123709218,Cyb|PolInd,0.0129,-1.173,0.0529,0.2253,1,fechamento_trivial,0,obra
W1492856410|W2015930340|W2123755784,Cyb|PolInd,0.0129,-1.17,0.0137,0.2654,1,fechamento_trivial,0,obra
W1566478880|W4298413470|W52678905,Cyb|Reg,0.0129,-2.05,0.1103,0.3819,0,ruido_quimera,0,obra
W1492856410|W2123755784|W3121147769,Cyb|PolInd,0.0129,-1.173,0.0747,0.1928,0,ruido_quimera,0,obra
W1492359653|W2123755784|W4285719527,Cyb|PolInd,0.0129,-1.278,0.0632,0.1843,0,ruido_quimera,0,obra
W1527571715|W3130930004|W4285719527,Cyb|PolInd,0.0129,-2.068,0.054,0.3896,0,ruido_quimera,0,obra
W2123755784|W3121147769|W52678905,Cyb|PolInd,0.0128,-1.176,0.0632,0.2363,1,agenda_pesquisa,0,obra
W2010793828|W3124879925|W4285719527,Cyb|PolInd,0.0128,-2.946,0.0342,0.216,1,fechamento_trivial,0,obra
W1492856410|W1566478880|W2123709218,Cyb|PolInd,0.0128,-1.186,0.1,0.3616,0,ruido_quimera,0,obra
W1553746973|W1601629960|W4285719527,Cyb|PolInd,0.0128,-1.284,0.0379,0.408,0,ruido_quimera,0,obra
W2015930340|W2123755784|W2154683088,Cyb|PolInd,0.0128,-1.187,0.0137,0.3821,0,ruido_quimera,0,obra
W2123755784|W2154683088|W3121147769,Cyb|PolInd,0.0127,-1.189,0.1057,0.2943,1,agenda_pesquisa,0,obra
W1492856410|W2015930340|W2111030512,Cyb|PolInd,0.0127,-1.2,0.0153,0.2329,1,fechamento_trivial,0,obra
W2015930340|W2111030512|W52678905,Cyb|PolInd,0.0127,-1.203,0.0713,0.2086,0,ruido_quimera,0,obra
W2126563689|W2493894436|W4285719527,Cyb|PolInd,0.0127,-1.689,0.0609,0.0099,0,ruido_quimera,0,obra
W1492359653|W2048086870|W4285719527,Cyb|PolInd,0.0127,-1.316,0.0598,0.1968,0,ruido_quimera,0,obra
W2070631858|W2123755784|W4285719527,Cyb|PolInd,0.0127,-1.318,0.0174,0.0918,0,ruido_quimera,0,obra
W1566478880|W2015930340|W52678905,Cyb|PolInd,0.0126,-1.205,0.1126,0.3538,0,ruido_quimera,0,obra
W1566478880|W3121147769|W52678905,Cyb|PolInd,0.0126,-1.208,0.1103,0.3606,0,ruido_quimera,0,obra
W1492856410|W1566478880|W3121147769,Cyb|PolInd,0.0126,-1.205,0.0943,0.3388,0,ruido_quimera,0,obra
W2753533763|W3124879925|W4285719527,Cyb|PolInd,0.0126,-2.975,0.0644,0.1375,0,ruido_quimera,0,obra
W1566478880|W2015930340|W2154683088,Cyb|PolInd,0.0126,-1.219,0.0153,0.5551,0,ruido_quimera,0,obra
W1492359653|W1566478880|W4285719527,Cyb|PolInd,0.0125,-1.347,0.0828,0.2629,1,agenda_pesquisa,0,obra
W2048086870|W2111030512|W4298413470,Cyb|Reg,0.0125,-2.073,0.0575,0.2738,1,fechamento_trivial,0,obra
W2048086870|W2111030512|W2123709218,Cyb|PolInd,0.0125,-1.229,0.0301,0.2675,1,fechamento_trivial,0,obra
W1566478880|W2154683088|W3121147769,Cyb|PolInd,0.0125,-1.221,0.0736,0.5223,0,ruido_quimera,0,obra
W1492359653|W2111030512|W4285719527,Cyb|PolInd,0.0125,-1.342,0.0632,0.0716,0,ruido_quimera,0,obra
W2048086870|W2070631858|W4285719527,Cyb|PolInd,0.0125,-1.34,0.0598,0.1879,0,ruido_quimera,0,obra
W1492856410|W1979968159|W4285719527,Cyb|PolInd,0.0124,-1.361,0.0552,0.2322,1,fechamento_trivial,0,obra
W2015930340|W2111030512|W2123755784,Cyb|PolInd,0.0124,-1.244,0.0244,0.2558,1,fechamento_trivial,0,obra
W2111030512|W2123755784|W3121147769,Cyb|PolInd,0.0124,-1.245,0.0747,0.1814,0,ruido_quimera,0,obra
W2070631858|W2111030512|W4285719527,Cyb|PolInd,0.0124,-1.375,0.0632,0.1115,0,ruido_quimera,0,obra
W1979968159|W2154683088|W4285719527,Cyb|PolInd,0.0123,-1.387,0.0575,0.2676,1,fechamento_trivial,0,obra
W1527571715|W3124879925|W4285719527,Cyb|PolInd,0.0123,-2.18,0.0736,0.1736,0,ruido_quimera,0,obra
W1916207017|W2126563689|W4285719527,Cyb|PolInd,0.0123,-1.75,0.0598,0.0945,0,ruido_quimera,0,obra
W1495961791|W4206762723|W4285719527,Cyb|PolInd,0.0123,-2.362,0.0575,0.0,0,ruido_quimera,0,obra
W2083449279|W4206762723|W4285719527,Cyb|PolInd,0.0123,-2.357,0.0326,0.0,0,ruido_quimera,0,obra
W1566478880|W2070631858|W4285719527,Cyb|PolInd,0.0123,-1.384,0.0175,0.214,0,ruido_quimera,0,obra
W1566478880|W2111030512|W3121147769,Cyb|PolInd,0.0122,-1.277,0.1046,0.2724,1,agenda_pesquisa,0,obra
W2048086870|W2111030512|W3121147769,Cyb|PolInd,0.0122,-1.277,0.0563,0.2699,1,fechamento_trivial,0,obra
W1566478880|W2015930340|W2111030512,Cyb|PolInd,0.0122,-1.277,0.0305,0.2917,1,fechamento_trivial,0,obra
W2048086870|W2108795964|W4285719527,Cyb|PolInd,0.0122,-1.41,0.032,0.3697,0,ruido_quimera,0,obra
W1541456364|W2126563689|W4285719527,Cyb|PolInd,0.0121,-1.775,0.018,0.0971,0,ruido_quimera,0,obra
W1492856410|W4285719527|W4298413470,Cyb|PolInd|Reg,0.012,-2.74,0.0621,0.2784,1,agenda_pesquisa,0,obra
W1979968159|W2123755784|W4285719527,Cyb|PolInd,0.012,-1.45,0.0609,0.2529,1,agenda_pesquisa,0,obra
W2111030512|W3124879925|W4244612406,Cyb|PolInd,0.012,-1.306,0.0598,0.2459,1,agenda_pesquisa,0,obra
W1601629960|W2325487953|W4285719527,Cyb|PolInd,0.012,-1.786,0.0828,0.0686,0,ruido_quimera,0,obra
W1506732837|W4206762723|W4285719527,Cyb|PolInd,0.012,-1.921,0.054,0.0,0,ruido_quimera,0,obra
W1492856410|W2334918364|W4285719527,Cyb|PolInd,0.0119,-1.461,0.0575,0.1593,0,ruido_quimera,0,obra
W1227306373|W4206762723|W4285719527,Cyb|PolInd,0.0119,-1.926,0.054,0.0,0,ruido_quimera,0,obra
W4206762723|W4285719527|W67809301,Cyb|PolInd,0.0119,-1.935,0.054,0.0,0,ruido_quimera,0,obra
W1979968159|W2048086870|W4285719527,Cyb|PolInd,0.0118,-1.487,0.0575,0.2958,1,fechamento_trivial,0,obra
W2154683088|W4285719527|W4298413470,Cyb|PolInd|Reg,0.0118,-2.745,0.0644,0.3682,0,ruido_quimera,0,obra
W2154683088|W2334918364|W4285719527,Cyb|PolInd,0.0118,-1.479,0.0598,0.2127,0,ruido_quimera,0,obra
W1492856410|W1601128533|W4285719527,Cyb|PolInd,0.0118,-1.488,0.0174,0.0,0,ruido_quimera,0,obra
W2025177555|W2111030512|W3124879925,Cyb|PolInd,0.0117,-1.36,0.0483,0.2183,1,fechamento_trivial,0,obra
W1601128533|W2154683088|W4285719527,Cyb|PolInd,0.0117,-1.502,0.0598,0.0,0,ruido_quimera,0,obra
W1968044930|W3124879925|W4285719527,Cyb|PolInd,0.0117,-2.313,0.0575,0.1893,0,ruido_quimera,0,obra
W2988934653|W3124879925|W4285719527,Cyb|PolInd,0.0116,-2.329,0.0632,0.252,1,agenda_pesquisa,0,obra
W1566478880|W1979968159|W4285719527,Cyb|PolInd,0.0116,-1.519,0.0805,0.3295,0,ruido_quimera,0,obra
W1601629960|W2493894436|W4285719527,Cyb|PolInd,0.0116,-1.847,0.0782,-0.0145,0,ruido_quimera,0,obra
W1979968159|W2111030512|W4285719527,Cyb|PolInd,0.0116,-1.516,0.0609,0.1362,0,ruido_quimera,0,obra
W1492856410|W2007180942|W4285719527,Cyb|PolInd,0.0116,-1.514,0.0187,0.3299,0,ruido_quimera,0,obra
W2007180942|W2154683088|W4285719527,Cyb|PolInd,0.0115,-1.529,0.0667,0.3161,1,agenda_pesquisa,0,obra
W2123755784|W4285719527|W4298413470,Cyb|PolInd|Reg,0.0115,-2.761,0.0678,0.1734,0,ruido_quimera,0,obra
W2037306909|W3124879925|W4285719527,Cyb|PolInd,0.0115,-2.335,0.0655,0.196,0,ruido_quimera,0,obra
W2123755784|W2334918364|W4285719527,Cyb|PolInd,0.0115,-1.542,0.0632,0.205,0,ruido_quimera,0,obra
W1527571715|W1553746973|W4285719527,Cyb|PolInd,0.0114,-2.357,0.0609,0.1031,0,ruido_quimera,0,obra
W2048086870|W2334918364|W4285719527,Cyb|PolInd,0.0114,-1.55,0.0598,0.1953,0,ruido_quimera,0,obra
W1495961791|W2126563689|W4285719527,Cyb|PolInd,0.0113,-1.906,0.0598,0.2701,1,agenda_pesquisa,0,obra
W1492856410|W2111030512|W3124879925,Cyb|PolInd,0.0113,-1.408,0.0506,0.2311,1,fechamento_trivial,0,obra
W2083449279|W2126563689|W4285719527,Cyb|PolInd,0.0113,-1.901,0.0326,0.222,1,fechamento_trivial,0,obra
W2111030512|W3124879925|W52678905,Cyb|PolInd,0.0113,-1.414,0.069,0.1925,0,ruido_quimera,0,obra
W1492856410|W3023721815|W4285719527,Cyb|PolInd,0.0113,-1.576,0.0575,0.1924,0,ruido_quimera,0,obra
W1601128533|W2123755784|W4285719527,Cyb|PolInd,0.0113,-1.571,0.0174,0.0,0,ruido_quimera,0,obra
W1492856410|W2060827592|W4285719527,Cyb|PolInd,0.0113,-1.584,0.0169,0.1708,0,ruido_quimera,0,obra
W2007180942|W2048086870|W4285719527,Cyb|PolInd,0.0112,-1.598,0.0667,0.2834,1,agenda_pesquisa,0,obra
W1520641906|W4244612406|W4285719527,Cyb|PolInd,0.0112,-1.917,0.0517,0.2798,1,fechamento_trivial,0,obra
W2111030512|W2154683088|W3124879925,Cyb|PolInd,0.0112,-1.428,0.0494,0.2391,1,fechamento_trivial,0,obra
W2007180942|W2123755784|W4285719527,Cyb|PolInd,0.0112,-1.595,0.0187,0.2319,1,fechamento_trivial,0,obra
W1601629960|W1916207017|W4285719527,Cyb|PolInd,0.0112,-1.909,0.077,-0.0054,0,ruido_quimera,0,obra
W1527571715|W4206762723|W4285719527,Cyb|PolInd,0.0112,-2.042,0.0678,0.0,0,ruido_quimera,0,obra
W2111030512|W4285719527|W4298413470,Cyb|PolInd|Reg,0.0112,-2.777,0.0678,0.1776,0,ruido_quimera,0,obra
W2154683088|W3023721815|W4285719527,Cyb|PolInd,0.0112,-1.603,0.0598,0.1493,0,ruido_quimera,0,obra
W2111030512|W2334918364|W4285719527,Cyb|PolInd,0.0112,-1.602,0.0174,0.1711,0,ruido_quimera,0,obra
W1601128533|W2048086870|W4285719527,Cyb|PolInd,0.0112,-1.587,0.0174,0.0,0,ruido_quimera,0,obra
W1566478880|W2334918364|W4285719527,Cyb|PolInd,0.0111,-1.608,0.0828,0.2478,1,agenda_pesquisa,0,obra
W1566478880|W4285719527|W4298413470,Cyb|PolInd|Reg,0.0111,-2.779,0.0874,0.4213,0,ruido_quimera,0,obra
W2111030512|W2123755784|W3124879925,Cyb|PolInd,0.0111,-1.453,0.0747,0.1807,0,ruido_quimera,0,obra
W3124879925|W4285719527|W92085004,Cyb|PolInd,0.0111,-2.422,0.0678,0.1434,0,ruido_quimera,0,obra
W1492856410|W2012275303|W4285719527,Cyb|PolInd,0.0111,-1.61,0.0621,0.3556,0,ruido_quimera,0,obra
W1541456364|W1601629960|W4285719527,Cyb|PolInd,0.0111,-1.934,0.0181,0.0634,0,ruido_quimera,0,obra
W2012275303|W2154683088|W4285719527,Cyb|PolInd,0.011,-1.635,0.0644,0.379,0,ruido_quimera,0,obra
W1601128533|W2111030512|W4285719527,Cyb|PolInd,0.011,-1.626,0.0632,0.0,0,ruido_quimera,0,obra
W2072863585|W3124879925|W4285719527,Cyb|PolInd,0.011,-2.452,0.0632,0.1471,0,ruido_quimera,0,obra
W2154683088|W4285719527|W597091629,Cyb|PolInd,0.011,-0.477,0.0268,0.4532,0,ruido_quimera,0,obra
W1566478880|W1601128533|W4285719527,Cyb|PolInd,0.011,-1.637,0.0175,0.0,0,ruido_quimera,0,obra
W1601944394|W3124879925|W4285719527,Cyb|PolInd,0.0109,-2.453,0.0632,0.266,1,agenda_pesquisa,0,obra
W1227306373|W2126563689|W4285719527,Cyb|PolInd,0.0109,-1.551,0.0563,0.2724,1,fechamento_trivial,0,obra
W1506732837|W2126563689|W4285719527,Cyb|PolInd,0.0109,-1.547,0.0563,0.3083,1,fechamento_trivial,0,obra
W2007180942|W2111030512|W4285719527,Cyb|PolInd,0.0109,-1.648,0.0701,0.3174,0,ruido_quimera,0,obra
W2988934653|W4206762723|W4285719527,Cyb|PolInd,0.0109,-2.093,0.0575,0.0,0,ruido_quimera,0,obra
W1520641906|W4205188686|W4285719527,Cyb|PolInd,0.0109,-1.958,0.054,0.2136,0,ruido_quimera,0,obra
W1520641906|W2025177555|W4285719527,Cyb|PolInd,0.0109,-1.953,0.0494,0.2124,0,ruido_quimera,0,obra
W1566478880|W2111030512|W3124879925,Cyb|PolInd,0.0108,-1.486,0.1046,0.2422,1,agenda_pesquisa,0,obra
W2048086870|W2111030512|W3124879925,Cyb|PolInd,0.0108,-1.494,0.0563,0.2322,1,fechamento_trivial,0,obra
W1566478880|W2007180942|W4285719527,Cyb|PolInd,0.0108,-1.662,0.0346,0.2816,1,fechamento_trivial,0,obra
W2123755784|W3023721815|W4285719527,Cyb|PolInd,0.0108,-1.664,0.0632,0.2087,0,ruido_quimera,0,obra
W2126563689|W4285719527|W67809301,Cyb|PolInd,0.0108,-1.559,0.0563,0.1154,0,ruido_quimera,0,obra
W1968044930|W4206762723|W4285719527,Cyb|PolInd,0.0108,-2.111,0.0517,0.0,0,ruido_quimera,0,obra
W2048086870|W2060827592|W4285719527,Cyb|PolInd,0.0108,-1.67,0.0373,0.4359,0,ruido_quimera,0,obra
W2012275303|W2123755784|W4285719527,Cyb|PolInd,0.0107,-1.697,0.0678,0.2321,1,agenda_pesquisa,0,obra
W2037306909|W4206762723|W4285719527,Cyb|PolInd,0.0107,-2.122,0.0598,0.0,0,ruido_quimera,0,obra
W1553746973|W2988934653|W4285719527,Cyb|PolInd,0.0106,-2.515,0.0506,0.247,1,fechamento_trivial,0,obra
W1520641906|W4285719527|W52678905,Cyb|PolInd,0.0106,-2.006,0.0494,0.2715,1,fechamento_trivial,0,obra
W2048086870|W3023721815|W4285719527,Cyb|PolInd,0.0106,-1.704,0.0598,0.1574,0,ruido_quimera,0,obra
W1492856410|W4285719527|W4301066124,Cyb|PolInd,0.0106,-1.707,0.0552,0.1507,0,ruido_quimera,0,obra
W1553746973|W2037306909|W4285719527,Cyb|PolInd,0.0106,-2.53,0.0185,0.3222,0,ruido_quimera,0,obra
W1520641906|W2154683088|W4285719527,Cyb|PolInd,0.0105,-2.017,0.077,0.3015,1,agenda_pesquisa,0,obra
W2154683088|W4285719527|W4301066124,Cyb|PolInd,0.0105,-1.723,0.0575,0.2297,1,fechamento_trivial,0,obra
W2048894562|W4244612406|W4285719527,Cyb|PolInd,0.0105,-1.735,0.054,0.2903,1,fechamento_trivial,0,obra
W1566478880|W3023721815|W4285719527,Cyb|PolInd,0.0105,-1.733,0.0828,0.1861,0,ruido_quimera,0,obra
W1492856410|W1520641906|W4285719527,Cyb|PolInd,0.0105,-2.018,0.0747,0.2142,0,ruido_quimera,0,obra
W2012275303|W2048086870|W4285719527,Cyb|PolInd,0.0105,-1.733,0.0644,0.317,0,ruido_quimera,0,obra
W4206762723|W4285719527|W92085004,Cyb|PolInd,0.0105,-2.159,0.0621,0.0,0,ruido_quimera,0,obra
W1520641906|W2048086870|W4285719527,Cyb|PolInd,0.0105,-2.027,0.0193,0.2144,0,ruido_quimera,0,obra
W2111030512|W3023721815|W4285719527,Cyb|PolInd,0.0105,-1.73,0.0174,-0.0209,0,ruido_quimera,0,obra
W1520641906|W2123755784|W4285719527,Cyb|PolInd,0.0104,-2.042,0.0805,0.1358,0,ruido_quimera,0,obra
W1601944394|W4206762723|W4285719527,Cyb|PolInd,0.0104,-2.174,0.0575,0.0,0,ruido_quimera,0,obra
W2072863585|W4206762723|W4285719527,Cyb|PolInd,0.0104,-2.176,0.0575,0.0,0,ruido_quimera,0,obra
W1486212401|W1492856410|W4285719527,Cyb|PolInd,0.0104,-1.746,0.0552,0.0952,0,ruido_quimera,0,obra
W1566478880|W2012275303|W4285719527,Cyb|PolInd,0.0103,-1.766,0.0874,0.4176,0,ruido_quimera,0,obra
W2012275303|W2111030512|W4285719527,Cyb|PolInd,0.0103,-1.76,0.0678,0.1546,0,ruido_quimera,0,obra
W1486212401|W2154683088|W4285719527,Cyb|PolInd,0.0103,-1.772,0.0575,0.1054,0,ruido_quimera,0,obra
W1492856410|W2017802748|W4285719527,Cyb|PolInd,0.0103,-1.761,0.0575,0.1323,0,ruido_quimera,0,obra
W1520641906|W1566478880|W4285719527,Cyb|PolInd,0.0102,-2.065,0.1,0.2507,1,agenda_pesquisa,0,obra
W1495961791|W1601629960|W4285719527,Cyb|PolInd,0.0102,-2.065,0.077,0.2553,1,agenda_pesquisa,0,obra
W1527571715|W2126563689|W4285719527,Cyb|PolInd,0.0102,-1.659,0.0701,0.2189,1,agenda_pesquisa,0,obra
W2123755784|W4285719527|W4301066124,Cyb|PolInd,0.0102,-1.788,0.0609,0.2309,1,agenda_pesquisa,0,obra
W1520641906|W2111030512|W4285719527,Cyb|PolInd,0.0102,-2.06,0.0805,0.061,0,ruido_quimera,0,obra
W1601629960|W2083449279|W4285719527,Cyb|PolInd,0.0102,-2.06,0.077,0.1783,0,ruido_quimera,0,obra
W2017802748|W2154683088|W4285719527,Cyb|PolInd,0.0102,-1.786,0.0598,0.2067,0,ruido_quimera,0,obra
W2048894562|W4205188686|W4285719527,Cyb|PolInd,0.0101,-1.811,0.0563,0.2624,1,fechamento_trivial,0,obra
W1553746973|W4285719527|W92085004,Cyb|PolInd,0.0101,-2.615,0.0552,0.2815,1,fechamento_trivial,0,obra
W1492856410|W2120106358|W4285719527,Cyb|PolInd,0.0101,-1.8,0.0182,0.2226,1,fechamento_trivial,0,obra
W3124879925|W4285719527|W90769783,Cyb|PolInd,0.0101,-2.624,0.0655,0.3673,0,ruido_quimera,0,obra
W1553746973|W1566478880|W4244612406,Cyb|PolInd,0.0101,-1.595,0.0517,0.3477,0,ruido_quimera,0,obra
W2120106358|W2154683088|W4285719527,Cyb|PolInd,0.01,-1.824,0.0632,0.2858,1,agenda_pesquisa,0,obra
W1553746973|W1566478880|W4205188686,Cyb|PolInd,0.01,-1.619,0.0529,0.274,1,fechamento_trivial,0,obra
W2025177555|W2048894562|W4285719527,Cyb|PolInd,0.01,-1.831,0.0517,0.2889,1,fechamento_trivial,0,obra
W1553746973|W2025177555|W2123755784,Cyb|PolInd,0.01,-1.612,0.0483,0.2349,1,fechamento_trivial,0,obra
W2048086870|W4285719527|W4301066124,Cyb|PolInd,0.01,-1.818,0.0268,0.2806,1,fechamento_trivial,0,obra
W4206762723|W4285719527|W90769783,Cyb|PolInd,0.01,-2.241,0.0598,0.0,0,ruido_quimera,0,obra
W1553746973|W1601944394|W4285719527,Cyb|PolInd,0.01,-2.645,0.0506,0.2088,0,ruido_quimera,0,obra
W1553746973|W2072863585|W4285719527,Cyb|PolInd,0.01,-2.644,0.0506,0.351,0,ruido_quimera,0,obra
W2017802748|W2123755784|W4285719527,Cyb|PolInd,0.0099,-1.849,0.0632,0.1496,0,ruido_quimera,0,obra
W1486212401|W2123755784|W4285719527,Cyb|PolInd,0.0099,-1.835,0.0609,0.1341,0,ruido_quimera,0,obra
W2126563689|W2988934653|W4285719527,Cyb|PolInd,0.0099,-1.706,0.0598,0.083,0,ruido_quimera,0,obra
W1970428482|W4206762723|W4285719527,Cyb|PolInd,0.0099,-1.707,0.0586,0.0,0,ruido_quimera,0,obra
W1566478880|W4285719527|W4301066124,Cyb|PolInd,0.0098,-1.855,0.0805,0.2859,1,agenda_pesquisa,0,obra
W1506732837|W1601629960|W4285719527,Cyb|PolInd,0.0098,-1.708,0.0736,0.2721,1,agenda_pesquisa,0,obra
W1601629960|W4285719527|W67809301,Cyb|PolInd,0.0098,-1.72,0.0736,0.2927,1,agenda_pesquisa,0,obra
W1970428482|W3124879925|W4285719527,Cyb|PolInd,0.0098,-1.862,0.0644,0.2369,1,agenda_pesquisa,0,obra
W1227306373|W1601629960|W4285719527,Cyb|PolInd,0.0098,-1.712,0.0736,0.3334,0,ruido_quimera,0,obra
W233775549|W4206762723|W4285719527,Cyb|PolInd,0.0098,-2.274,0.0609,0.0,0,ruido_quimera,0,obra
W1553746973|W1566478880|W2025177555,Cyb|PolInd,0.0098,-1.643,0.0586,0.3536,0,ruido_quimera,0,obra
W1486212401|W2048086870|W4285719527,Cyb|PolInd,0.0098,-1.866,0.0575,0.1101,0,ruido_quimera,0,obra
W2111030512|W4285719527|W4301066124,Cyb|PolInd,0.0098,-1.861,0.0343,0.2061,0,ruido_quimera,0,obra
W1553746973|W2123755784|W52678905,Cyb|PolInd,0.0097,-1.667,0.0632,0.248,1,agenda_pesquisa,0,obra
W2037306909|W2126563689|W4285719527,Cyb|PolInd,0.0097,-1.733,0.0621,0.2832,1,agenda_pesquisa,0,obra
W2017802748|W2048086870|W4285719527,Cyb|PolInd,0.0097,-1.886,0.0598,0.2393,1,agenda_pesquisa,0,obra
W1968044930|W2126563689|W4285719527,Cyb|PolInd,0.0097,-1.723,0.054,0.3154,1,fechamento_trivial,0,obra
W1492856410|W1553746973|W2123755784,Cyb|PolInd,0.0097,-1.665,0.0747,0.2152,0,ruido_quimera,0,obra
W1492856410|W2140409505|W4285719527,Cyb|PolInd,0.0097,-1.887,0.0667,0.1849,0,ruido_quimera,0,obra
W2120106358|W2123755784|W4285719527,Cyb|PolInd,0.0097,-1.886,0.0667,0.2045,0,ruido_quimera,0,obra
W1553746973|W2123755784|W2154683088,Cyb|PolInd,0.0096,-1.681,0.1057,0.2937,1,agenda_pesquisa,0,obra
W233775549|W3124879925|W4285719527,Cyb|PolInd,0.0096,-2.723,0.0667,0.216,1,agenda_pesquisa,0,obra
W1486212401|W1566478880|W4285719527,Cyb|PolInd,0.0096,-1.904,0.0805,0.1662,0,ruido_quimera,0,obra
W2101157755|W4206762723|W4285719527,Cyb|PolInd,0.0096,-2.315,0.0598,0.0,0,ruido_quimera,0,obra
W1492856410|W2061977616|W4285719527,Cyb|PolInd,0.0096,-1.894,0.0586,0.1113,0,ruido_quimera,0,obra
W1486212401|W2111030512|W4285719527,Cyb|PolInd,0.0096,-1.901,0.0163,0.1215,0,ruido_quimera,0,obra
W1492856410|W1553746973|W1566478880,Cyb|PolInd,0.0095,-1.695,0.0943,0.3117,1,agenda_pesquisa,0,obra
W1566478880|W2017802748|W4285719527,Cyb|PolInd,0.0095,-1.918,0.0828,0.2426,1,agenda_pesquisa,0,obra
W1492856410|W1495419098|W4285719527,Cyb|PolInd,0.0095,-2.172,0.0489,0.3002,1,fechamento_trivial,0,obra
W2140409505|W2154683088|W4285719527,Cyb|PolInd,0.0095,-1.91,0.0349,0.2455,1,fechamento_trivial,0,obra
W2048086870|W2120106358|W4285719527,Cyb|PolInd,0.0095,-1.92,0.0183,0.2682,1,fechamento_trivial,0,obra
W1553746973|W1566478880|W52678905,Cyb|PolInd,0.0095,-1.698,0.1103,0.3227,0,ruido_quimera,0,obra
W4206762723|W4244612406|W4285719527,Cyb|PolInd,0.0095,-1.762,0.0747,0.0,0,ruido_quimera,0,obra
W2026948646|W4206762723|W4285719527,Cyb|PolInd,0.0095,-1.765,0.0632,0.0,0,ruido_quimera,0,obra
W2026948646|W3130930004|W4285719527,Cyb|PolInd,0.0095,-1.911,0.0494,0.2036,0,ruido_quimera,0,obra
W2017802748|W2111030512|W4285719527,Cyb|PolInd,0.0095,-1.915,0.0174,0.0108,0,ruido_quimera,0,obra
W2126563689|W4285719527|W92085004,Cyb|PolInd,0.0094,-1.768,0.0644,0.3014,1,agenda_pesquisa,0,obra
W3130930004|W4244612406|W4285719527,Cyb|PolInd,0.0094,-1.944,0.0609,0.2982,1,agenda_pesquisa,0,obra
W1601944394|W2126563689|W4285719527,Cyb|PolInd,0.0094,-1.782,0.0598,0.3146,1,agenda_pesquisa,0,obra
W1553746973|W1566478880|W2154683088,Cyb|PolInd,0.0094,-1.712,0.0736,0.4722,0,ruido_quimera,0,obra
W2072863585|W2126563689|W4285719527,Cyb|PolInd,0.0093,-1.784,0.0598,0.2229,1,agenda_pesquisa,0,obra
W2111030512|W2120106358|W4285719527,Cyb|PolInd,0.0093,-1.949,0.0183,0.2281,1,fechamento_trivial,0,obra
W1566478880|W2120106358|W4285719527,Cyb|PolInd,0.0093,-1.953,0.0862,0.3419,0,ruido_quimera,0,obra
W2048086870|W2061977616|W4285719527,Cyb|PolInd,0.0092,-1.966,0.0311,0.2735,1,fechamento_trivial,0,obra
W1492856410|W2048894562|W4285719527,Cyb|PolInd,0.0092,-1.98,0.077,0.1849,0,ruido_quimera,0,obra
W4205188686|W4206762723|W4285719527,Cyb|PolInd,0.0092,-1.804,0.077,0.0,0,ruido_quimera,0,obra
W1553746973|W2111030512|W2123755784,Cyb|PolInd,0.0092,-1.734,0.0747,0.1704,0,ruido_quimera,0,obra
W2025177555|W4206762723|W4285719527,Cyb|PolInd,0.0092,-1.799,0.0724,0.0,0,ruido_quimera,0,obra
W2048894562|W4285719527|W52678905,Cyb|PolInd,0.0092,-1.967,0.0517,0.177,0,ruido_quimera,0,obra
W2123755784|W2140409505|W4285719527,Cyb|PolInd,0.0092,-1.971,0.0189,0.1055,0,ruido_quimera,0,obra
W2048894562|W2154683088|W4285719527,Cyb|PolInd,0.0091,-2.001,0.0793,0.2262,1,agenda_pesquisa,0,obra
W2048086870|W2140409505|W4285719527,Cyb|PolInd,0.0091,-1.992,0.0189,0.2659,1,fechamento_trivial,0,obra
W1527571715|W1601629960|W4285719527,Cyb|PolInd,0.0091,-1.82,0.0874,0.0984,0,ruido_quimera,0,obra
W1553746973|W4285719527|W90769783,Cyb|PolInd,0.0091,-2.815,0.0529,0.3986,0,ruido_quimera,0,obra
W3130930004|W4205188686|W4285719527,Cyb|PolInd,0.009,-2.02,0.0632,0.2611,1,agenda_pesquisa,0,obra
W1554940969|W2154683088|W4285719527,Cyb|PolInd,0.009,-2.019,0.0338,0.2953,1,fechamento_trivial,0,obra
W1553746973|W1566478880|W2111030512,Cyb|PolInd,0.009,-1.765,0.1046,0.2118,0,ruido_quimera,0,obra
W1553746973|W2048086870|W2111030512,Cyb|PolInd,0.009,-1.769,0.0563,0.2119,0,ruido_quimera,0,obra
W1566478880|W2140409505|W4285719527,Cyb|PolInd,0.0089,-2.039,0.092,0.293,1,agenda_pesquisa,0,obra
W2126563689|W4285719527|W90769783,Cyb|PolInd,0.0089,-1.844,0.0621,0.2156,1,agenda_pesquisa,0,obra
W2111030512|W2140409505|W4285719527,Cyb|PolInd,0.0089,-2.031,0.0724,0.1527,0,ruido_quimera,0,obra
W4206762723|W4285719527|W52678905,Cyb|PolInd,0.0089,-1.853,0.0724,0.0,0,ruido_quimera,0,obra
W2026948646|W3124879925|W4285719527,Cyb|PolInd,0.0089,-2.022,0.069,0.1816,0,ruido_quimera,0,obra
W3124879925|W4244612406|W4285719527,Cyb|PolInd,0.0088,-2.052,0.0805,0.2586,1,agenda_pesquisa,0,obra
W2126563689|W233775549|W4285719527,Cyb|PolInd,0.0088,-1.875,0.0632,0.3061,1,agenda_pesquisa,0,obra
W1970428482|W2126563689|W4285719527,Cyb|PolInd,0.0088,-1.805,0.0609,0.2493,1,agenda_pesquisa,0,obra
W2025177555|W3130930004|W4285719527,Cyb|PolInd,0.0088,-2.041,0.0586,0.2887,1,fechamento_trivial,0,obra
W2154683088|W4206762723|W4285719527,Cyb|PolInd,0.0088,-1.865,0.1,0.0,0,ruido_quimera,0,obra
W1492856410|W4206762723|W4285719527,Cyb|PolInd,0.0088,-1.865,0.0977,0.0,0,ruido_quimera,0,obra
W1553746973|W1970428482|W4285719527,Cyb|PolInd,0.0088,-2.047,0.0517,0.2126,0,ruido_quimera,0,obra
W1492856410|W2013386523|W4285719527,Cyb|PolInd,0.0088,-2.058,0.0326,0.1745,0,ruido_quimera,0,obra
W2048086870|W4206762723|W4285719527,Cyb|PolInd,0.0088,-1.874,0.0198,0.0,0,ruido_quimera,0,obra
W1601629960|W2988934653|W4285719527,Cyb|PolInd,0.0088,-1.867,0.0183,0.1137,0,ruido_quimera,0,obra
W2048894562|W2123755784|W4285719527,Cyb|PolInd,0.0087,-2.064,0.0828,0.2245,1,agenda_pesquisa,0,obra
W1601629960|W1968044930|W4285719527,Cyb|PolInd,0.0087,-1.884,0.0713,0.2564,1,agenda_pesquisa,0,obra
W2123755784|W4206762723|W4285719527,Cyb|PolInd,0.0087,-1.889,0.1034,0.0,0,ruido_quimera,0,obra
W2013386523|W2154683088|W4285719527,Cyb|PolInd,0.0087,-2.076,0.0632,0.2072,0,ruido_quimera,0,obra
W1601629960|W2037306909|W4285719527,Cyb|PolInd,0.0086,-1.894,0.0793,0.2598,1,agenda_pesquisa,0,obra
W2048086870|W2048894562|W4285719527,Cyb|PolInd,0.0086,-2.082,0.0793,0.301,1,agenda_pesquisa,0,obra
W2101157755|W3124879925|W4285719527,Cyb|PolInd,0.0086,-2.911,0.0655,0.2382,1,agenda_pesquisa,0,obra
W1553746973|W233775549|W4285719527,Cyb|PolInd,0.0086,-2.912,0.054,0.29,1,fechamento_trivial,0,obra
W1554940969|W2123755784|W4285719527,Cyb|PolInd,0.0086,-2.081,0.0338,0.1299,0,ruido_quimera,0,obra
W2101157755|W2126563689|W4285719527,Cyb|PolInd,0.0085,-1.913,0.0621,0.2677,1,agenda_pesquisa,0,obra
W1566478880|W4206762723|W4285719527,Cyb|PolInd,0.0085,-1.912,0.123,0.0,0,ruido_quimera,0,obra
W2111030512|W4206762723|W4285719527,Cyb|PolInd,0.0085,-1.908,0.038,0.0,0,ruido_quimera,0,obra
W1566478880|W2048894562|W4285719527,Cyb|PolInd,0.0084,-2.133,0.1023,0.2795,1,agenda_pesquisa,0,obra
W2048894562|W2111030512|W4285719527,Cyb|PolInd,0.0084,-2.126,0.0828,0.2957,1,agenda_pesquisa,0,obra
W1601629960|W4285719527|W92085004,Cyb|PolInd,0.0084,-1.929,0.0816,0.2297,1,agenda_pesquisa,0,obra
W2154683088|W2325487953|W4285719527,Cyb|PolInd,0.0084,-2.334,0.069,0.2742,1,agenda_pesquisa,0,obra
W2026948646|W2126563689|W4285719527,Cyb|PolInd,0.0084,-1.865,0.0655,0.3028,1,agenda_pesquisa,0,obra
W3124879925|W4205188686|W4285719527,Cyb|PolInd,0.0084,-2.132,0.0828,0.1955,0,ruido_quimera,0,obra
W2126563689|W4244612406|W4285719527,Cyb|PolInd,0.0084,-1.861,0.077,0.3689,0,ruido_quimera,0,obra
W1554940969|W2111030512|W4285719527,Cyb|PolInd,0.0084,-2.131,0.0338,0.2,0,ruido_quimera,0,obra
W1601629960|W1601944394|W4285719527,Cyb|PolInd,0.0083,-1.943,0.077,0.278,1,agenda_pesquisa,0,obra
W2048086870|W2325487953|W4285719527,Cyb|PolInd,0.0083,-2.344,0.069,0.276,1,agenda_pesquisa,0,obra
W1554940969|W1566478880|W4285719527,Cyb|PolInd,0.0083,-2.146,0.0471,0.2957,1,fechamento_trivial,0,obra
W1601629960|W2072863585|W4285719527,Cyb|PolInd,0.0083,-1.945,0.077,0.3913,0,ruido_quimera,0,obra
W2013386523|W2123755784|W4285719527,Cyb|PolInd,0.0083,-2.14,0.0183,0.1551,0,ruido_quimera,0,obra
W2126563689|W4205188686|W4285719527,Cyb|PolInd,0.0082,-1.904,0.0793,0.2468,1,agenda_pesquisa,0,obra
W2025177555|W2126563689|W4285719527,Cyb|PolInd,0.0082,-1.899,0.0747,0.2175,1,agenda_pesquisa,0,obra
W1492856410|W2123709218|W4285719527,Cyb|PolInd,0.0082,-2.172,0.0552,0.2327,1,fechamento_trivial,0,obra
W2013386523|W2048086870|W4285719527,Cyb|PolInd,0.0082,-2.165,0.0444,0.231,1,fechamento_trivial,0,obra
W2025177555|W3124879925|W4285719527,Cyb|PolInd,0.0082,-2.164,0.0782,0.2023,0,ruido_quimera,0,obra
W1492856410|W3121147769|W4285719527,Cyb|PolInd,0.0081,-2.182,0.0644,0.2189,1,agenda_pesquisa,0,obra
W1492856410|W2015930340|W4285719527,Cyb|PolInd,0.0081,-2.18,0.0184,0.2157,1,fechamento_trivial,0,obra
W1492856410|W3130930004|W4285719527,Cyb|PolInd,0.0081,-2.189,0.0839,0.1881,0,ruido_quimera,0,obra
W3130930004|W4285719527|W52678905,Cyb|PolInd,0.0081,-2.177,0.0586,0.181,0,ruido_quimera,0,obra
W1566478880|W2013386523|W4285719527,Cyb|PolInd,0.008,-2.206,0.0184,0.2783,1,fechamento_trivial,0,obra
W2013386523|W2111030512|W4285719527,Cyb|PolInd,0.008,-2.192,0.0667,0.0967,0,ruido_quimera,0,obra
W2154683088|W3121147769|W4285719527,Cyb|PolInd,0.008,-2.201,0.0667,0.3381,0,ruido_quimera,0,obra
W1553746973|W2026948646|W4285719527,Cyb|PolInd,0.008,-2.204,0.0563,0.2064,0,ruido_quimera,0,obra
W2015930340|W2154683088|W4285719527,Cyb|PolInd,0.008,-2.2,0.0184,0.3806,0,ruido_quimera,0,obra
W2154683088|W3130930004|W4285719527,Cyb|PolInd,0.0079,-2.211,0.0862,0.2331,1,agenda_pesquisa,0,obra
W1601629960|W4285719527|W90769783,Cyb|PolInd,0.0079,-2.005,0.0793,0.2727,1,agenda_pesquisa,0,obra
W2126563689|W2154683088|W4285719527,Cyb|PolInd,0.0078,-1.966,0.1023,0.2879,1,agenda_pesquisa,0,obra
W1553746973|W4244612406|W4285719527,Cyb|PolInd,0.0078,-2.232,0.0678,0.2676,1,agenda_pesquisa,0,obra
W1492856410|W2126563689|W4285719527,Cyb|PolInd,0.0078,-1.966,0.1,0.3244,0,ruido_quimera,0,obra
W2126563689|W4285719527|W52678905,Cyb|PolInd,0.0078,-1.953,0.0194,0.3588,0,ruido_quimera,0,obra
W1601629960|W233775549|W4285719527,Cyb|PolInd,0.0077,-2.036,0.0805,0.2591,1,agenda_pesquisa,0,obra
W1601629960|W1970428482|W4285719527,Cyb|PolInd,0.0077,-1.969,0.0782,0.2569,1,agenda_pesquisa,0,obra
W1553746973|W2101157755|W4285719527,Cyb|PolInd,0.0077,-3.101,0.0457,0.3137,1,fechamento_trivial,0,obra
W2048086870|W2126563689|W4285719527,Cyb|PolInd,0.0077,-1.976,0.1023,0.1615,0,ruido_quimera,0,obra
W2048086870|W2123709218|W4285719527,Cyb|PolInd,0.0077,-2.252,0.0342,0.373,0,ruido_quimera,0,obra
W2123755784|W3121147769|W4285719527,Cyb|PolInd,0.0077,-2.266,0.0187,0.1956,0,ruido_quimera,0,obra
W2123755784|W3130930004|W4285719527,Cyb|PolInd,0.0076,-2.274,0.0897,0.224,1,agenda_pesquisa,0,obra
W2123755784|W2126563689|W4285719527,Cyb|PolInd,0.0076,-1.991,0.1057,0.1045,0,ruido_quimera,0,obra
W1492856410|W3124879925|W4285719527,Cyb|PolInd,0.0075,-2.304,0.1034,0.233,1,agenda_pesquisa,0,obra
W2048086870|W3130930004|W4285719527,Cyb|PolInd,0.0075,-2.293,0.0862,0.3012,1,agenda_pesquisa,0,obra
W3124879925|W4285719527|W52678905,Cyb|PolInd,0.0075,-2.296,0.0782,0.1653,0,ruido_quimera,0,obra
W2111030512|W2126563689|W4285719527,Cyb|PolInd,0.0075,-2.01,0.0198,0.2057,0,ruido_quimera,0,obra
W1601629960|W4244612406|W4285719527,Cyb|PolInd,0.0074,-2.026,0.0943,0.2505,1,agenda_pesquisa,0,obra
W1601629960|W2026948646|W4285719527,Cyb|PolInd,0.0074,-2.029,0.0828,0.2432,1,agenda_pesquisa,0,obra
W1566478880|W2126563689|W4285719527,Cyb|PolInd,0.0074,-2.015,0.1253,0.1893,0,ruido_quimera,0,obra
W1553746973|W4205188686|W4285719527,Cyb|PolInd,0.0074,-2.313,0.0701,0.1728,0,ruido_quimera,0,obra
W2111030512|W3121147769|W4285719527,Cyb|PolInd,0.0074,-2.323,0.0701,0.1751,0,ruido_quimera,0,obra
W2154683088|W3124879925|W4285719527,Cyb|PolInd,0.0073,-2.328,0.1057,0.3013,1,agenda_pesquisa,0,obra
W2111030512|W3130930004|W4285719527,Cyb|PolInd,0.0073,-2.337,0.0897,0.2905,1,agenda_pesquisa,0,obra
W1553746973|W2025177555|W4285719527,Cyb|PolInd,0.0073,-2.337,0.0655,0.2414,1,agenda_pesquisa,0,obra
W2137358449|W4206762723|W4285719527,Cyb|PolInd,0.0073,-1.605,0.0621,0.0,0,ruido_quimera,0,obra
W2168605160|W4206762723|W4285719527,Cyb|PolInd,0.0073,-1.605,0.0586,0.0,0,ruido_quimera,0,obra
W1966402429|W4206762723|W4285719527,Cyb|PolInd,0.0073,-1.605,0.0483,0.0,0,ruido_quimera,0,obra
W2009202666|W4206762723|W4285719527,Cyb|PolInd,0.0073,-1.605,0.0483,0.0,0,ruido_quimera,0,obra
W1566478880|W2015930340|W4285719527,Cyb|PolInd,0.0073,-2.332,0.0461,0.4534,0,ruido_quimera,0,obra
W2015930340|W2111030512|W4285719527,Cyb|PolInd,0.0073,-2.324,0.0456,0.1773,0,ruido_quimera,0,obra
W1566478880|W3121147769|W4285719527,Cyb|PolInd,0.0073,-2.334,0.0188,0.3975,0,ruido_quimera,0,obra
W2129261459|W4206762723|W4285719527,Cyb|PolInd,0.0073,-1.605,0.0152,0.0,0,ruido_quimera,0,obra
W1566478880|W3130930004|W4285719527,Cyb|PolInd,0.0072,-2.343,0.1092,0.2844,1,agenda_pesquisa,0,obra
W1601629960|W4205188686|W4285719527,Cyb|PolInd,0.0071,-2.068,0.0966,0.1844,0,ruido_quimera,0,obra
W1601629960|W2025177555|W4285719527,Cyb|PolInd,0.0071,-2.063,0.092,0.1588,0,ruido_quimera,0,obra
W2123755784|W3124879925|W4285719527,Cyb|PolInd,0.007,-2.39,0.1092,0.2136,0,ruido_quimera,0,obra
W2048086870|W3124879925|W4285719527,Cyb|PolInd,0.0068,-2.42,0.1057,0.2498,1,agenda_pesquisa,0,obra
W1601629960|W4285719527|W52678905,Cyb|PolInd,0.0068,-2.118,0.092,0.265,1,agenda_pesquisa,0,obra
W1601629960|W2154683088|W4285719527,Cyb|PolInd,0.0067,-2.13,0.1195,0.2269,1,agenda_pesquisa,0,obra
W1492856410|W1601629960|W4285719527,Cyb|PolInd,0.0067,-2.13,0.1172,0.2313,1,agenda_pesquisa,0,obra
W2111030512|W3124879925|W4285719527,Cyb|PolInd,0.0067,-2.453,0.0199,0.1548,0,ruido_quimera,0,obra
W1553746973|W4285719527|W52678905,Cyb|PolInd,0.0066,-2.47,0.0655,0.243,1,agenda_pesquisa,0,obra
W1566478880|W3124879925|W4285719527,Cyb|PolInd,0.0066,-2.458,0.1287,0.3274,0,ruido_quimera,0,obra
W1601629960|W2048086870|W4285719527,Cyb|PolInd,0.0066,-2.14,0.1195,0.1278,0,ruido_quimera,0,obra
W1492856410|W1553746973|W4285719527,Cyb|PolInd,0.0065,-2.482,0.0908,0.227,1,agenda_pesquisa,0,obra
W1601629960|W2123755784|W4285719527,Cyb|PolInd,0.0065,-2.155,0.123,0.1037,0,ruido_quimera,0,obra
W1553746973|W2154683088|W4285719527,Cyb|PolInd,0.0064,-2.502,0.0931,0.2772,1,agenda_pesquisa,0,obra
W1566478880|W1601629960|W4285719527,Cyb|PolInd,0.0064,-2.179,0.1425,0.1521,0,ruido_quimera,0,obra
W1601629960|W2111030512|W4285719527,Cyb|PolInd,0.0064,-2.174,0.0385,0.0885,0,ruido_quimera,0,obra
W2126563689|W2137358449|W4285719527,Cyb|PolInd,0.0062,-1.18,0.0644,0.0804,0,ruido_quimera,0,obra
W2126563689|W2168605160|W4285719527,Cyb|PolInd,0.0062,-1.18,0.0609,0.0623,0,ruido_quimera,0,obra
W1966402429|W2126563689|W4285719527,Cyb|PolInd,0.0062,-1.18,0.0506,0.1684,0,ruido_quimera,0,obra
W2009202666|W2126563689|W4285719527,Cyb|PolInd,0.0062,-1.18,0.0506,-0.0234,0,ruido_quimera,0,obra
W2126563689|W2129261459|W4285719527,Cyb|PolInd,0.0062,-1.18,0.0153,0.121,0,ruido_quimera,0,obra
W1553746973|W2123755784|W4285719527,Cyb|PolInd,0.0061,-2.565,0.0197,0.2548,1,fechamento_trivial,0,obra
W2048086870|W4285719527|W67809301,Cyb|PolInd,0.0061,-2.285,0.0174,0.2788,1,fechamento_trivial,0,obra
W1553746973|W2048086870|W4285719527,Cyb|PolInd,0.006,-2.589,0.0197,0.2607,1,fechamento_trivial,0,obra
W1553746973|W2111030512|W4285719527,Cyb|PolInd,0.0058,-2.62,0.0966,0.083,0,ruido_quimera,0,obra
W1553746973|W1566478880|W4285719527,Cyb|PolInd,0.0057,-2.631,0.0198,0.308,1,fechamento_trivial,0,obra
W1601629960|W2168605160|W4285719527,Cyb|PolInd,0.0052,-1.514,0.0782,0.2156,1,agenda_pesquisa,0,obra
W1601629960|W2129261459|W4285719527,Cyb|PolInd,0.0052,-1.514,0.0701,0.1666,0,ruido_quimera,0,obra
W1601629960|W1966402429|W4285719527,Cyb|PolInd,0.0052,-1.514,0.0678,0.1727,0,ruido_quimera,0,obra
W1601629960|W2009202666|W4285719527,Cyb|PolInd,0.0052,-1.514,0.0678,0.2141,0,ruido_quimera,0,obra
W1968044930|W2048086870|W4285719527,Cyb|PolInd,0.005,-2.449,0.0397,0.3499,0,ruido_quimera,0,obra
W1970428482|W4285719527|W52678905,Cyb|PolInd,0.0042,-2.523,0.0954,0.4175,0,ruido_quimera,0,obra
W2154683088|W4285719527|W52678905,Cyb|PolInd,0.0031,-2.684,0.0517,0.6564,0,ruido_quimera,0,obra
W1966402429|W2154683088|W4285719527,Cyb|PolInd,0.0015,-2.664,0.054,0.2323,1,fechamento_trivial,0,obra
W2048086870|W2141042444|W4285719527,Cyb|PolInd,0.0015,-2.684,0.054,0.296,1,fechamento_trivial,0,obra
W2009202666|W2048086870|W4285719527,Cyb|PolInd,0.0015,-2.684,0.0136,0.2321,1,fechamento_trivial,0,obra
W2137358449|W2154683088|W4285719527,Cyb|PolInd,0.0015,-2.664,0.0678,0.201,0,ruido_quimera,0,obra
W1492856410|W2137358449|W4285719527,Cyb|PolInd,0.0015,-2.664,0.0655,0.119,0,ruido_quimera,0,obra
W2048086870|W2168605160|W4285719527,Cyb|PolInd,0.0015,-2.684,0.0644,0.1735,0,ruido_quimera,0,obra
W2154683088|W2168605160|W4285719527,Cyb|PolInd,0.0015,-2.664,0.0644,0.1233,0,ruido_quimera,0,obra
W1492856410|W2168605160|W4285719527,Cyb|PolInd,0.0015,-2.664,0.0621,0.0666,0,ruido_quimera,0,obra
W2129261459|W2154683088|W4285719527,Cyb|PolInd,0.0015,-2.664,0.0563,0.184,0,ruido_quimera,0,obra
W1966402429|W2048086870|W4285719527,Cyb|PolInd,0.0015,-2.684,0.054,0.1811,0,ruido_quimera,0,obra
W2009202666|W2154683088|W4285719527,Cyb|PolInd,0.0015,-2.664,0.054,0.1436,0,ruido_quimera,0,obra
W1492856410|W1966402429|W4285719527,Cyb|PolInd,0.0015,-2.664,0.0517,0.1707,0,ruido_quimera,0,obra
W1492856410|W2009202666|W4285719527,Cyb|PolInd,0.0015,-2.664,0.0517,-0.0434,0,ruido_quimera,0,obra
W2123755784|W2168605160|W4285719527,Cyb|PolInd,0.0014,-2.715,0.0678,0.1417,0,ruido_quimera,0,obra
W1966402429|W2123755784|W4285719527,Cyb|PolInd,0.0014,-2.715,0.0575,0.0975,0,ruido_quimera,0,obra
W2009202666|W2123755784|W4285719527,Cyb|PolInd,0.0014,-2.715,0.0575,0.1664,0,ruido_quimera,0,obra
W2123755784|W2137358449|W4285719527,Cyb|PolInd,0.0014,-2.715,0.0189,0.143,0,ruido_quimera,0,obra
W2111030512|W2141042444|W4285719527,Cyb|PolInd,0.0013,-2.753,0.0575,0.2462,1,fechamento_trivial,0,obra
W2111030512|W2137358449|W4285719527,Cyb|PolInd,0.0013,-2.753,0.0713,0.1661,0,ruido_quimera,0,obra
W2111030512|W2168605160|W4285719527,Cyb|PolInd,0.0013,-2.753,0.0678,0.0817,0,ruido_quimera,0,obra
W1966402429|W2111030512|W4285719527,Cyb|PolInd,0.0013,-2.753,0.0575,0.1503,0,ruido_quimera,0,obra
W2009202666|W2111030512|W4285719527,Cyb|PolInd,0.0013,-2.753,0.0102,0.0294,0,ruido_quimera,0,obra
W1566478880|W2009202666|W4285719527,Cyb|PolInd,0.0012,-2.763,0.077,0.2354,1,agenda_pesquisa,0,obra
W1566478880|W2137358449|W4285719527,Cyb|PolInd,0.0012,-2.763,0.0349,0.2676,1,fechamento_trivial,0,obra
W1566478880|W1966402429|W4285719527,Cyb|PolInd,0.0012,-2.763,0.0103,0.2393,1,fechamento_trivial,0,obra
W1566478880|W2168605160|W4285719527,Cyb|PolInd,0.0012,-2.763,0.0874,0.1905,0,ruido_quimera,0,obra
